0,0,0
0,0,0
0,0,0
0,0,0
0,0,0
0,0,0
0,0,0
0,0.0,0
0,0.0,0
0,0.0,0
0,0.0,0
0,0.0,0
0,0.0,0
0,0.0,0
0,0.0,0
0,0.0,0
0,0.0,0
0,0.0,0
0,0.0,0
0,0.0,0
0,0.0,0
0,0.0,0
0,0.0,0
0,0.0,0
0,0.0,0
0,0.0,0
0,0.0,0
0,0.0,0
0,0.0,0
0,0.0,0
0,0.0,0
0,0.0,0
0,0.0,0
0,0.0,0
0,0.0,0
0,0.0,0
0,0.0,0
0,0.0,0
0,0.0,0
0,0.0,0
0,0.0,0
0,0.0,0
0,0.0,0
0,0.0,0
0,0.0,0
0,0.0,0
0,0.0,0
0,0.0,0
0,0.0,0
0,0.0,0
0,0.0,0
0,0.0,0
0,0.0,0
0,0.0,0
0,0.0,0
0,0.0,0
0,0.0,0
0,0.0,0
0,0.0,0
0,0.0,0
0,0.0,0
0,0.0,0
0,0.0,0
0,0.0,0
0,0.0,0
0,0.0,0
0,0.0,0
0,0.0,0
0,0.0,0
0,0.0,0
0,0.0,0
0,0.0,0
0,0.0,0
0,0.0,0
0,0.0,0
0,0.0,0
0,0.0,0
0,0.0,0
0,0.0,0
0,0.0,0
0,0.0,0
0,0.0,0
0,0.0,0
0,0.0,0
0,0.0,0
0,0.0,0
0,0.0,0
0,0.0,0
0,0.0,0
0,0.0,0
0,0.0,0
0,0.0,0
0,0.0,0
0,0.0,0
0,0.0,0
0,0.0,0
0,0.0,0
0,0.0,0
0,0.0,0
0,0.0,0
0,0.0,0
0,0.0,0
0,0.0,0
0,0.0,0
0,0.0,0
0,0.0,0
0,0.0,0
0,0.0,0
0,0.0,0
0,0.0,0
0,0.0,0
0,0.0,0
0.0,0.0,0.0
0.0,0.0,0.0
0.0,0.0,0.0
0.0,0.0,0.0
0.0,0.0,0.0
0.0,0.0,0.0
0.0,0.0,0.0
0.0,0.0,0.0
0.0,0.0,0.0
0.0,0.0,0.0
0.0,0.0,0.0
0.0,0.0,0.0
0.0,0.0,0.0
0.0,0.0,0.0
0.0,0.0,0.0
0.0,0.0,0.0
0.0,0.0,0.0
0.0,0.0,0.0
0.0,0.0,0.0
0.0,0.0,0.0
0.0,0.0,0.0
0.0,0.0,0.0
0.0,0.0,0.0
0.0,0.0,0.0
0.0,0.0,0.0
0.0,0.0,0.0
0.0,0.0,0.0
0.0,0.0,0.0
0.0,0.0,0.0
0.0,0.0,0.0
0.0,0.0,0.0
0.0,0.0,0.0
0.0,0.0,0.0
0.0,0.0,0.0
0.0,0.0,0.0
0.0,0.0,0.0
0.0,0.0,0.0
0.0,0.0,0.0
0.0,0.0,0.0
0.0,0.0,0.0
0.0,0.0,0.0
0.0,0.0,0.0
0.0,0.0,0.0
0.0,0.0,0.0
0.0,0.0,0.0
0.0,0.0,0.0
0.0,0.0,0.0
0.0,0.0,0.0
0.0,0.0,0.0
0.0,0.0,0.0
0.0,0.0,0.0
0.0,0.0,0.0
0.0,0.0,0.0
0.0,0.0,0.0
0.0,0.0,0.0
0.0,0.0,0.0
0.0,0.0,0.0
0.0,0.0,0.0
0.0,0.0,0.0
0.0,0.0,0.0
0.0,0.0,0.0
0.0,0.0,0.0
0.0,0.0,0.0
0.0,0.0,0.0
0.0,0.0,0.0
0.0,0.0,0.0
0.0,0.0,0.0
0.0,0.0,0.0
0.0,0.0,0.0
0.0,0.0,0.0
0.0,0.0,0.0
0.0,0.0,0.0
0.0,0.0,0.0
0.0,0.0,0.0
0.0,0.0,0.0
0.0,0.0,0.0
0.0,0.0,0.0
0.0,0.0,0.0
0.0,0.0,0.0
0.0,0.0,0.0
0.0,0.0,0.0
0.0,0.0,0.0
0.0,0.0,0.0
0.0,0.0,0.0
0.0,0.0,0.0
0.0,0.0,0.0
0.0,0.0,0.0
0.0,0.0,0.0
0.0,0.0,0.0
0.0,0.0,0.0
0.0,0.0,0.0
0.0,0.0,0.0
0.0,0.0,0.0
0.0,0.0,0.0
0.0,0.0,0.0
0.0,0.0,0.0
0.0,0.0,0.0
0.0,0.0,0.0
0.0,0.0,0.0
0.0,0.0,0.0
0.0,0.0,0.0
0.0,0.0,0.0
0.0,0.0,0.0
0.0,0.0,0.0
0.0,0.0,0.0
0.0,0.0,0.0
0.0,0.0,0.0
0.0,0.0,0.0
0.0,0.0,0.0
0.0,0.0,0.0
0.0,0.0,0.0
0.0,0.0,0.0
0.0,0.0,0.0
0.0,0.0,0.0
0.0,0.0,0.0
0.0,0.0,0.0
0.0,0.0,0.0
0.0,0.0,0.0
0.0,0.0,0.0
0.0,0.0,0.0
0.0,0.0,0.0
0.0,0.0,0.0
0.0,0.0,0.0
0.0,0.0,0.0
0.0,0.0,0.0
0.0,0.0,0.0
0.0,0.0,0.0
0.0,0.0,0.0
0.0,0.0,0.0
0.0,0.0,0.0
0.0,0.0,0.0
0.0,0.0,0.0
0.0,0.0,0.0
0.0,0.0,0.0
0.0,0.0,0.0
0.0,0.0,0.0
0.0,0.0,0.0
0.0,0.0,0.0
0.0,0.0,0.0
0.0,0.0,0.0
0.0,0.0,0.0
0.0,0.0,0.0
0.0,0.0,0.0
0.0,0.0,0.0
0.0,0.0,0.0
0.0,0.0,0.0
0.0,0.0,0.0
0.0,0.0,0.0
0.0,0.0,0.0
0.0,0.0,0.0
0.0,0.0,0.0
0.0,0.0,0.0
0.0,0.0,0.0
0.0,0.0,0.0
0.0,0.0,0.0
0.0,0.0,0.0
0.0,0.0,0.0
0.0,0.0,0.0
0.0,0.0,0.0
0.0,0.0,0.0
0.0,0.0,0.0
0.0,0.0,0.0
0.0,0.0,0.0
0.0,0.0,0.0
0.0,0.0,0.0
0.0,0.0,0.0
0.0,0.0,0.0
0.0,0.0,0.0
0.0,0.0,0.0
0.0,0.0,0.0
0.0,0.0,0.0
0.0,0.0,0.0
0.0,0.0,0.0
0.0,0.0,0.0
0.0,0.0,0.0
0.0,0.0,0.0
0.0,0.0,0.0
0.0,0.0,0.0
0.0,0.0,0.0
0.0,0.0,0.0
0.0,0.0,0.0
0.0,0.0,0.0
0.0,0.0,0.0
0.0,0.0,0.0
0.0,0.0,0.0
0.0,0.0,0.0
0.0,0.0,0.0
0.0,0.0,0.0
0.0,0.0,0.0
0.0,0.0,0.0
0.0,0.0,0.0
0.0,0.0,0.0
0.0,0.0,0.0
0.0,0.0,0.0
0.0,0.0,0.0
0.0,0.0,0.0
0.0,0.0,0.0
0.0,0.0,0.0
0.0,0.0,0.0
0.0,0.0,0.0
0.0,0.0,0.0
0.0,0.0,0.0
0.0,0.0,0.0
0.0,0.0,0.0
0.0,0.0,0.0
0.0,0.0,0.0
0.0,0.0,0.0
0.0,0.0,0.0
0.0,0.0,0.0
0.0,0.0,0.0
0.0,0.0,0.0
0.0,0.0,0.0
0.0,0.0,0.0
0.0,0.0,0.0
0.0,0.0,0.0
0.0,0.0,0.0
0.0,0.0,0.0
0.0,0.0,0.0
0.0,0.0,0.0
0.0,0.0,0.0
0.0,0.0,0.0
0.0,0.0,0.0
0.0,0.0,0.0
0.0,0.0,0.0
0.0,0.0,0.0
0.0,0.0,0.0
0.0,0.0,0.0
0.0,0.0,0.0
0.0,0.0,0.0
0.0,0.0,0.0
0.0,0.0,0.0
0.0,0.0,0.0
0.0,0.0,0.0
0.0,0.0,0.0
0.0,0.0,0.0
0.0,0.0,0.0
0.0,0.0,0.0
0.0,0.0,0.0
0.0,0.0,0.0
0.0,0.0,0.0
0.0,0.0,0.0
0.0,0.0,0.0
0.0,0.0,0.0
0.0,0.0,0.0
0.0,0.0,0.0
0.0,0.0,0.0
0.0,0.0,0.0
0.0,0.0,0.0
0.0,0.0,0.0
0.0,0.0,0.0
0.0,0.0,0.0
0.0,0.0,0.0
0.0,0.0,0.0
0.0,0.0,0.0
0.0,0.0,0.0
0.0,0.0,0.0
0.0,0.0,0.0
0.0,0.0,0.0
0.0,0.0,0.0
0.0,0.0,0.0
0.0,0.0,0.0
0.0,0.0,0.0
0.0,0.0,0.0
0.0,0.0,0.0
0.0,0.0,0.0
0.0,0.0,0.0
0.0,0.0,0.0
0.0,0.0,0.0
0.0,0.0,0.0
0.0,0.0,0.0
0.0,0.0,0.0
0.0,0.0,0.0
0.0,0.0,0.0
0.0,0.0,0.0
0.0,0.0,0.0
0.0,0.0,0.0
0.0,0.0,0.0
0.0,0.0,0.0
0.0,0.0,0.0
0.0,0.0,0.0
0.0,0.0,0.0
0.0,0.0,0.0
0.0,0.0,0.0
0.0,0.0,0.0
0.0,0.0,0.0
0.0,0.0,0.0
0.0,0.0,0.0
0.0,0.0,0.0
0.0,0.0,0.0
0.0,0.0,0.0
0.0,0.0,0.0
0.0,0.0,0.0
0.0,0.0,0.0
0.0,0.0,0.0
0.0,0.0,0.0
0.0,0.0,0.0
0.0,0.0,0.0
0.0,0.0,0.0
0.0,0.0,0.0
0.0,0.0,0.0
0.0,0.0,0.0
0.0,0.0,0.0
0.0,0.0,0.0
0.0,0.0,0.0
0.0,0.0,0.0
0.0,0.0,0.0
0.0,0.0,0.0
0.0,0.0,0.0
0.0,0.0,0.0
0.0,0.0,0.0
0.0,0.0,0.0
0.0,0.0,0.0
0.0,0.0,0.0
0.0,0.0,0.0
0.0,0.0,0.0
0.0,0.0,0.0
0.0,0.0,0.0
0.0,0.0,0.0
0.0,0.0,0.0
0.0,0.0,0.0
0.0,0.0,0.0
0.0,0.0,0.0
0.0,0.0,0.0
0.0,0.0,0.0
0.0,0.0,0.0
0.0,0.0,0.0
0.0,0.0,0.0
0.0,0.0,0.0
0.0,0.0,0.0
0.0,0.0,0.0
0.0,0.0,0.0
0.0,0.0,0.0
0.0,0.0,0.0
0.0,0.0,0.0
0.0,0.0,0.0
0.0,0.0,0.0
0.0,0.0,0.0
0.0,0.0,0.0
0.0,0.0,0.0
0.0,0.0,0.0
0.0,0.0,0.0
0.0,0.0,0.0
0.0,0.0,0.0
0.0,0.0,0.0
0.0,0.0,0.0
0.0,0.0,0.0
0.0,0.0,0.0
0.0,0.0,0.0
0.0,0.0,0.0
0.0,0.0,0.0
0.0,0.0,0.0
0.0,0.0,0.0
0.0,0.0,0.0
0.0,0.0,0.0
0.0,0.0,0.0
0.0,0.0,0.0
0.0,0.0,0.0
0.0,0.0,0.0
0.0,0.0,0.0
0.0,0.0,0.0
0.0,0.0,0.0
0.0,0.0,0.0
0.0,0.0,0.0
0.0,0.0,0.0
0.0,0.0,0.0
0.0,0.0,0.0
0.0,0.0,0.0
0.0,0.0,0.0
0.0,0.0,0.0
0.0,0.0,0.0
0.0,0.0,0.0
0.0,0.0,0.0
0.0,0.0,0.0
0.0,0.0,0.0
0.0,0.0,0.0
0.0,0.0,0.0
0.0,0.0,0.0
0.0,0.0,0.0
0.0,0.0,0.0
0.0,0.0,0.0
0.0,0.0,0.0
0.0,0.0,0.0
0.0,0.0,0.0
0.0,0.0,0.0
0.0,0.0,0.0
0.0,0.0,0.0
0.0,0.0,0.0
0.0,0.0,0.0
0.0,0.0,0.0
0.0,0.0,0.0
0.0,0.0,0.0
0.0,0.0,0.0
0.0,0.0,0.0
0.0,0.0,0.0
0.0,0.0,0.0
0.0,0.0,0.0
0.0,0.0,0.0
0.0,0.0,0.0
0.0,0.0,0.0
0.0,0.0,0.0
0.0,0.0,0.0
0.0,0.0,0.0
0.0,0.0,0.0
0.0,0.0,0.0
0.0,0.0,0.0
0.0,0.0,0.0
0.0,0.0,0.0
0.0,0.0,0.0
0.0,0.0,0.0
0.0,0.0,0.0
0.0,0.0,0.0
0.0,0.0,0.0
0.0,0.0,0.0
0.0,0.0,0.0
0.0,0.0,0.0
0.0,0.0,0.0
0.0,0.0,0.0
0.0,0.0,0.0
0.0,0.0,0.0
0.0,0.0,0.0
0.0,0.0,0.0
0.0,0.0,0.0
0.0,0.0,0.0
0.0,0.0,0.0
0.0,0.0,0.0
0.0,0.0,0.0
0.0,0.0,0.0
0.0,0.0,0.0
0.0,0.0,0.0
0.0,0.0,0.0
0.0,0.0,0.0
0.0,0.0,0.0
0.0,0.0,0.0
0.0,0.0,0.0
0.0,0.0,0.0
0.0,0.0,0.0
0.0,0.0,0.0
0.0,0.0,0.0
0.0,0.0,0.0
0.0,0.0,0.0
0.0,0.0,0.0
0.0,0.0,0.0
0.0,0.0,0.0
0.0,0.0,0.0
0.0,0.0,0.0
0.0,0.0,0.0
0.0,0.0,0.0
0.0,0.0,0.0
0.0,0.0,0.0
0.0,0.0,0.0
0.0,0.0,0.0
0.0,0.0,0.0
0.0,0.0,0.0
0.0,0.0,0.0
0.0,0.0,0.0
0.0,0.0,0.0
0.0,0.0,0.0
0.0,0.0,0.0
0.0,0.0,0.0
0.0,0.0,0.0
0.0,0.0,0.0
0.0,0.0,0.0
0.0,0.0,0.0
0.0,0.0,0.0
0.0,0.0,0.0
0.0,0.0,0.0
0.0,0.0,0.0
0.0,0.0,0.0
0.0,0.0,0.0
0.0,0.0,0.0
0.0,0.0,0.0
0.0,0.0,0.0
0.0,0.0,0.0
0.0,0.0,0.0
0.0,0.0,0.0
0.0,0.0,0.0
0.0,0.0,0.0
0.0,0.0,0.0
0.0,0.0,0.0
0.0,0.0,0.0
0.0,0.0,0.0
0.0,0.0,0.0
0.0,0.0,0.0
0.0,0.0,0.0
0.0,0.0,0.0
0.0,0.0,0.0
0.0,0.0,0.0
0.0,0.0,0.0
0.0,0.0,0.0
0.0,0.0,0.0
0.0,0.0,0.0
0.0,0.0,0.0
0.0,0.0,0.0
0.0,0.0,0.0
0.0,0.0,0.0
0.0,0.0,0.0
0.0,0.0,0.0
0.0,0.0,0.0
0.0,0.0,0.0
0.0,0.0,0.0
0.0,0.0,0.0
0.0,0.0,0.0
0.0,0.0,0.0
0.0,0.0,0.0
0.0,0.0,0.0
0.0,0.0,0.0
0.0,0.0,0.0
0.0,0.0,0.0
0.0,0.0,0.0
0.0,0.0,0.0
0.0,0.0,0.0
0.0,0.0,0.0
0.0,0.0,0.0
0.0,0.0,0.0
0.0,0.0,0.0
0.0,0.0,0.0
0.0,0.0,0.0
0.0,0.0,0.0
0.0,0.0,0.0
0.0,0.0,0.0
0.0,0.0,0.0
0.0,0.0,0.0
0.0,0.0,0.0
0.0,0.0,0.0
0.0,0.0,0.0
0.0,0.0,0.0
0.0,0.0,0.0
0.0,0.0,0.0
0.0,0.0,0.0
0.0,0.0,0.0
0.0,0.0,0.0
0.0,0.0,0.0
0.0,0.0,0.0
0.0,0.0,0.0
0.0,0.0,0.0
0.0,0.0,0.0
0.0,0.0,0.0
0.0,0.0,0.0
0.0,0.0,0.0
0.0,0.0,0.0
0.0,0.0,0.0
0.0,0.0,0.0
0.0,0.0,0.0
0.0,0.0,0.0
0.0,0.0,0.0
0.0,0.0,0.0
0.0,0.0,0.0
0.0,0.0,0.0
0.0,0.0,0.0
0.0,0.0,0.0
0.0,0.0,0.0
0.0,0.0,0.0
0.0,0.0,0.0
0.0,0.0,0.0
0.0,0.0,0.0
0.0,0.0,0.0
0.0,0.0,0.0
0.0,0.0,0.0
0.0,0.0,0.0
0.0,0.0,0.0
0.0,0.0,0.0
0.0,0.0,0.0
0.0,0.0,0.0
0.0,0.0,0.0
0.0,0.0,0.0
0.0,0.0,0.0
0.0,0.0,0.0
0.0,0.0,0.0
0.0,0.0,0.0
0.0,0.0,0.0
0.0,0.0,0.0
0.0,0.0,0.0
0.0,0.0,0.0
0.0,0.0,0.0
0.0,0.0,0.0
0.0,0.0,0.0
0.0,0.0,0.0
0.0,0.0,0.0
0.0,0.0,0.0
0.0,0.0,0.0
0.0,0.0,0.0
0.0,0.0,0.0
0.0,0.0,0.0
0.0,0.0,0.0
0.0,0.0,0.0
0.0,0.0,0.0
0.0,0.0,0.0
0.0,0.0,0.0
0.0,0.0,0.0
0.0,0.0,0.0
0.0,0.0,0.0
0.0,0.0,0.0
0.0,0.0,0.0
0.0,0.0,0.0
0.0,0.0,0.0
0.0,0.0,0.0
0.0,0.0,0.0
0.0,0.0,0.0
0.0,0.0,0.0
0.0,0.0,0.0
0.0,0.0,0.0
0.0,0.0,0.0
0.0,0.0,0.0
0.0,0.0,0.0
0.0,0.0,0.0
0.0,0.0,0.0
0.0,0.0,0.0
0.0,0.0,0.0
0.0,0.0,0.0
0.0,0.0,0.0
0.0,0.0,0.0
0.0,0.0,0.0
0.0,0.0,0.0
0.0,0.0,0.0
0.0,0.0,0.0
0.0,0.0,0.0
0.0,0.0,0.0
0.0,0.0,0.0
0.0,0.0,0.0
0.0,0.0,0.0
0.0,0.0,0.0
0.0,0.0,0.0
0.0,0.0,0.0
0.0,0.0,0.0
0.0,0.0,0.0
0.0,0.0,0.0
0.0,0.0,0.0
0.0,0.0,0.0
0.0,0.0,0.0
0.0,0.0,0.0
0.0,0.0,0.0
0.0,0.0,0.0
0.0,0.0,0.0
0.0,0.0,0.0
0.0,0.0,0.0
0.0,0.0,0.0
0.0,0.0,0.0
0.0,0.0,0.0
0.0,0.0,0.0
0.0,0.0,0.0
0.0,0.0,0.0
0.0,0.0,0.0
0.0,0.0,0.0
0.0,0.0,0.0
0.0,0.0,0.0
0.0,0.0,0.0
0.0,0.0,0.0
0.0,0.0,0.0
0.0,0.0,0.0
0.0,0.0,0.0
0.0,0.0,0.0
0.0,0.0,0.0
0.0,0.0,0.0
0.0,0.0,0.0
0.0,0.0,0.0
0.0,0.0,0.0
0.0,0.0,0.0
0.0,0.0,0.0
0.0,0.0,0.0
0.0,0.0,0.0
0.0,0.0,0.0
0.0,0.0,0.0
0.0,0.0,0.0
0.0,0.0,0.0
0.0,0.0,0.0
0.0,0.0,0.0
0.0,0.0,0.0
0.0,0.0,0.0
0.0,0.0,0.0
0.0,0.0,0.0
0.0,0.0,0.0
0.0,0.0,0.0
0.0,0.0,0.0
0.0,0.0,0.0
0.0,0.0,0.0
0.0,0.0,0.0
0.0,0.0,0.0
0.0,0.0,0.0
0.0,0.0,0.0
0.0,0.0,0.0
0.0,0.0,0.0
0.0,0.0,0.0
0.0,0.0,0.0
0.0,0.0,0.0
0.0,0.0,0.0
0.0,0.0,0.0
0.0,0.0,0.0
0.0,0.0,0.0
0.0,0.0,0.0
0.0,0.0,0.0
0.0,0.0,0.0
0.0,0.0,0.0
0.0,0.0,0.0
0.0,0.0,0.0
0.0,0.0,0.0
0.0,0.0,0.0
0.0,0.0,0.0
0.0,0.0,0.0
0.0,0.0,0.0
0.0,0.0,0.0
0.0,0.0,0.0
0.0,0.0,0.0
0.0,0.0,0.0
0.0,0.0,0.0
0.0,0.0,0.0
0.0,0.0,0.0
0.0,0.0,0.0
0.0,0.0,0.0
0.0,0.0,0.0
0.0,0.0,0.0
0.0,0.0,0.0
0.0,0.0,0.0
0.0,0.0,0.0
0.0,0.0,0.0
0.0,0.0,0.0
0.0,0.0,0.0
0.0,0.0,0.0
0.0,0.0,0.0
0.0,0.0,0.0
0.0,0.0,0.0
0.0,0.0,0.0
0.0,0.0,0.0
0.0,0.0,0.0
0.0,0.0,0.0
0.0,0.0,0.0
0.0,0.0,0.0
0.0,0.0,0.0
0.0,0.0,0.0
0.0,0.0,0.0
0.0,0.0,0.0
0.0,0.0,0.0
0.0,0.0,0.0
0.0,0.0,0.0
0.0,0.0,0.0
0.0,0.0,0.0
0.0,0.0,0.0
0.0,0.0,0.0
0.0,0.0,0.0
0.0,0.0,0.0
0.0,0.0,0.0
0.0,0.0,0.0
0.0,0.0,0.0
0.0,0.0,0.0
0.0,0.0,0.0
0.0,0.0,0.0
0.0,0.0,0.0
0.0,0.0,0.0
0.0,0.0,0.0
0.0,0.0,0.0
0.0,0.0,0.0
0.0,0.0,0.0
0.0,0.0,0.0
0.0,0.0,0.0
0.0,0.0,0.0
0.0,0.0,0.0
0.0,0.0,0.0
0.0,0.0,0.0
0.0,0.0,0.0
0.0,0.0,0.0
0.0,0.0,0.0
0.0,0.0,0.0
0.0,0.0,0.0
0.0,0.0,0.0
0.0,0.0,0.0
0.0,0.0,0.0
0.0,0.0,0.0
0.0,0.0,0.0
0.0,0.0,0.0
0.0,0.0,0.0
0.0,0.0,0.0
0.0,0.0,0.0
0.0,0.0,0.0
0.0,0.0,0.0
0.0,0.0,0.0
0.0,0.0,0.0
0.0,0.0,0.0
0.0,0.0,0.0
0.0,0.0,0.0
0.0,0.0,0.0
0.0,0.0,0.0
0.0,0.0,0.0
0.0,0.0,0.0
0.0,0.0,0.0
0.0,0.0,0.0
0.0,0.0,0.0
0.0,0.0,0.0
0.0,0.0,0.0
0.0,0.0,0.0
0.0,0.0,0.0
0.0,0.0,0.0
0.0,0.0,0.0
0.0,0.0,0.0
0.0,0.0,0.0
0.0,0.0,0.0
0.0,0.0,0.0
0.0,0.0,0.0
0.0,0.0,0.0
0.0,0.0,0.0
0.0,0.0,0.0
0.0,0.0,0.0
0.0,0.0,0.0
0.0,0.0,0.0
0.0,0.0,0.0
0.0,0.0,0.0
0.0,0.0,0.0
0.0,0.0,0.0
0.0,0.0,0.0
0.0,0.0,0.0
0.0,0.0,0.0
0.0,0.0,0.0
0.0,0.0,0.0
0.0,0.0,0.0
0.0,0.0,0.0
0.0,0.0,0.0
0.0,0.0,0.0
0.0,0.0,0.0
0.0,0.0,0.0
0.0,0.0,0.0
0.0,0.0,0.0
0.0,0.0,0.0
0.0,0.0,0.0
0.0,0.0,0.0
0.0,0.0,0.0
0.0,0.0,0.0
0.0,0.0,0.0
0.0,0.0,0.0
0.0,0.0,0.0
0.0,0.0,0.0
0.0,0.0,0.0
0.0,0.0,0.0
0.0,0.0,0.0
0.0,0.0,0.0
0.0,0.0,0.0
0.0,0.0,0.0
0.0,0.0,0.0
0.0,0.0,0.0
0.0,0.0,0.0
0.0,0.0,0.0
0.0,0.0,0.0
0.0,0.0,0.0
0.0,0.0,0.0
0.0,0.0,0.0
0.0,0.0,0.0
0.0,0.0,0.0
0.0,0.0,0.0
0.0,0.0,0.0
0.0,0.0,0.0
0.0,0.0,0.0
0.0,0.0,0.0
0.0,0.0,0.0
0.0,0.0,0.0
0.0,0.0,0.0
0.0,0.0,0.0
0.0,0.0,0.0
0.0,0.0,0.0
0.0,0.0,0.0
0.0,0.0,0.0
0.0,0.0,0.0
0.0,0.0,0.0
0.0,0.0,0.0
0.0,0.0,0.0
0.0,0.0,0.0
0.0,0.0,0.0
0.0,0.0,0.0
0.0,0.0,0.0
0.0,0.0,0.0
0.0,0.0,0.0
0.0,0.0,0.0
0.0,0.0,0.0
0.0,0.0,0.0
0.0,0.0,0.0
0.0,0.0,0.0
0.0,0.0,0.0
0.0,0.0,0.0
0.0,0.0,0.0
0.0,0.0,0.0
0.0,0.0,0.0
0.0,0.0,0.0
0.0,0.0,0.0
0.0,0.0,0.0
0.0,0.0,0.0
0.0,0.0,0.0
0.0,0.0,0.0
0.0,0.0,0.0
0.0,0.0,0.0
0.0,0.0,0.0
0.0,0.0,0.0
0.0,0.0,0.0
0.0,0.0,0.0
0.0,0.0,0.0
0.0,0.0,0.0
0.0,0.0,0.0
0.0,0.0,0.0
0.0,0.0,0.0
0.0,0.0,0.0
0.0,0.0,0.0
0.0,0.0,0.0
0.0,0.0,0.0
0.0,0.0,0.0
0.0,0.0,0.0
0.0,0.0,0.0
0.0,0.0,0.0
0.0,0.0,0.0
0.0,0.0,0.0
0.0,0.0,0.0
0.0,0.0,0.0
0.0,0.0,0.0
0.0,0.0,0.0
0.0,0.0,0.0
0.0,0.0,0.0
0.0,0.0,0.0
0.0,0.0,0.0
0.0,0.0,0.0
0.0,0.0,0.0
0.0,0.0,0.0
0.0,0.0,0.0
0.0,0.0,0.0
0.0,0.0,0.0
0.0,0.0,0.0
0.0,0.0,0.0
0.0,0.0,0.0
0.0,0.0,0.0
0.0,0.0,0.0
0.0,0.0,0.0
0.0,0.0,0.0
0.0,0.0,0.0
0.0,0.0,0.0
0.0,0.0,0.0
0.0,0.0,0.0
0.0,0.0,0.0
0.0,0.0,0.0
0.0,0.0,0.0
0.0,0.0,0.0
0.0,0.0,0.0
0.0,0.0,0.0
0.0,0.0,0.0
0.0,0.0,0.0
0.0,0.0,0.0
0.0,0.0,0.0
0.0,0.0,0.0
0.0,0.0,0.0
0.0,0.0,0.0
0.0,0.0,0.0
0.0,0.0,0.0
0.0,0.0,0.0
0.0,0.0,0.0
0.0,0.0,0.0
0.0,0.0,0.0
0.0,0.0,0.0
0.0,0.0,0.0
0.0,0.0,0.0
0.0,0.0,0.0
0.0,0.0,0.0
0.0,0.0,0.0
0.0,0.0,0.0
0.0,0.0,0.0
0.0,0.0,0.0
0.0,0.0,0.0
0.0,0.0,0.0
0.0,0.0,0.0
0.0,0.0,0.0
0.0,0.0,0.0
0.0,0.0,0.0
0.0,0.0,0.0
0.0,0.0,0.0
0.0,0.0,0.0
0.0,0.0,0.0
0.0,0.0,0.0
0.0,0.0,0.0
0.0,0.0,0.0
0.0,0.0,0.0
0.0,0.0,0.0
0.0,0.0,0.0
0.0,0.0,0.0
0.0,0.0,0.0
0.0,0.0,0.0
0.0,0.0,0.0
0.0,0.0,0.0
0.0,0.0,0.0
0.0,0.0,0.0
0.0,0.0,0.0
0.0,0.0,0.0
0.0,0.0,0.0
0.0,0.0,0.0
0.0,0.0,0.0
0.0,0.0,0.0
0.0,0.0,0.0
0.0,0.0,0.0
0.0,0.0,0.0
0.0,0.0,0.0
0.0,0.0,0.0
0.0,0.0,0.0
0.0,0.0,0.0
0.0,0.0,0.0
0.0,0.0,0.0
0.0,0.0,0.0
0.0,0.0,0.0
0.0,0.0,0.0
0.0,0.0,0.0
0.0,0.0,0.0
0.0,0.0,0.0
0.0,0.0,0.0
0.0,0.0,0.0
0.0,0.0,0.0
0.0,0.0,0.0
0.0,0.0,0.0
0.0,0.0,0.0
0.0,0.0,0.0
0.0,0.0,0.0
0.0,0.0,0.0
0.0,0.0,0.0
0.0,0.0,0.0
0.0,0.0,0.0
0.0,0.0,0.0
0.0,0.0,0.0
0.0,0.0,0.0
0.0,0.0,0.0
0.0,0.0,0.0
0.0,0.0,0.0
0.0,0.0,0.0
0.0,0.0,0.0
0.0,0.0,0.0
0.0,0.0,0.0
0.0,0.0,0.0
0.0,0.0,0.0
0.0,0.0,0.0
0.0,0.0,0.0
0.0,0.0,0.0
0.0,0.0,0.0
0.0,0.0,0.0
0.0,0.0,0.0
0.0,0.0,0.0
0.0,0.0,0.0
0.0,0.0,0.0
0.0,0.0,0.0
0.0,0.0,0.0
0.0,0.0,0.0
0.0,0.0,0.0
0.0,0.0,0.0
0.0,0.0,0.0
0.0,0.0,0.0
0.0,0.0,0.0
0.0,0.0,0.0
0.0,0.0,0.0
0.0,0.0,0.0
0.0,0.0,0.0
0.0,0.0,0.0
0.0,0.0,0.0
0.0,0.0,0.0
0.0,0.0,0.0
0.0,0.0,0.0
0.0,0.0,0.0
0.0,0.0,0.0
0.0,0.0,0.0
0.0,0.0,0.0
0.0,0.0,0.0
0.0,0.0,0.0
0.0,0.0,0.0
0.0,0.0,0.0
0.0,0.0,0.0
0.0,0.0,0.0
0.0,0.0,0.0
0.0,0.0,0.0
0.0,0.0,0.0
0.0,0.0,0.0
0.0,0.0,0.0
0.0,0.0,0.0
0.0,0.0,0.0
0.0,0.0,0.0
0.0,0.0,0.0
0.0,0.0,0.0
0.0,0.0,0.0
0.0,0.0,0.0
0.0,0.0,0.0
0.0,0.0,0.0
0.0,0.0,0.0
0.0,0.0,0.0
0.0,0.0,0.0
0.0,0.0,0.0
0.0,0.0,0.0
0.0,0.0,0.0
0.0,0.0,0.0
0.0,0.0,0.0
0.0,0.0,0.0
0.0,0.0,0.0
0.0,0.0,0.0
0.0,0.0,0.0
0.0,0.0,0.0
0.0,0.0,0.0
0.0,0.0,0.0
0.0,0.0,0.0
0.0,0.0,0.0
0.0,0.0,0.0
0.0,0.0,0.0
0.0,0.0,0.0
0.0,0.0,0.0
0.0,0.0,0.0
0.0,0.0,0.0
0.0,0.0,0.0
0.0,0.0,0.0
0.0,0.0,0.0
0.0,0.0,0.0
0.0,0.0,0.0
0.0,0.0,0.0
0.0,0.0,0.0
0.0,0.0,0.0
0.0,0.0,0.0
0.0,0.0,0.0
0.0,0.0,0.0
0.0,0.0,0.0
0.0,0.0,0.0
0.0,0.0,0.0
0.0,0.0,0.0
0.0,0.0,0.0
0.0,0.0,0.0
0.0,0.0,0.0
0.0,0.0,0.0
0.0,0.0,0.0
0.0,0.0,0.0
0.0,0.0,0.0
0.0,0.0,0.0
0.0,0.0,0.0
0.0,0.0,0.0
0.0,0.0,0.0
0.0,0.0,0.0
0.0,0.0,0.0
0.0,0.0,0.0
0.0,0.0,0.0
0.0,0.0,0.0
0.0,0.0,0.0
0.0,0.0,0.0
0.0,0.0,0.0
0.0,0.0,0.0
0.0,0.0,0.0
0.0,0.0,0.0
0.0,0.0,0.0
0.0,0.0,0.0
0.0,0.0,0.0
0.0,0.0,0.0
0.0,0.0,0.0
0.0,0.0,0.0
0.0,0.0,0.0
0.0,0.0,0.0
0.0,0.0,0.0
0.0,0.0,0.0
0.0,0.0,0.0
0.0,0.0,0.0
0.0,0.0,0.0
0.0,0.0,0.0
0.0,0.0,0.0
0.0,0.0,0.0
0.0,0.0,0.0
0.0,0.0,0.0
0.0,0.0,0.0
0.0,0.0,0.0
0.0,0.0,0.0
0.0,0.0,0.0
0.0,0.0,0.0
0.0,0.0,0.0
0.0,0.0,0.0
0.0,0.0,0.0
0.0,0.0,0.0
0.0,0.0,0.0
0.0,0.0,0.0
0.0,0.0,0.0
0.0,0.0,0.0
0.0,0.0,0.0
0.0,0.0,0.0
0.0,0.0,0.0
0.0,0.0,0.0
0.0,0.0,0.0
0.0,0.0,0.0
0.0,0.0,0.0
0.0,0.0,0.0
0.0,0.0,0.0
0.0,0.0,0.0
0.0,0.0,0.0
0.0,0.0,0.0
0.0,0.0,0.0
0.0,0.0,0.0
0.0,0.0,0.0
0.0,0.0,0.0
0.0,0.0,0.0
0.0,0.0,0.0
0.0,0.0,0.0
0.0,0.0,0.0
0.0,0.0,0.0
0.0,0.0,0.0
0.0,0.0,0.0
0.0,0.0,0.0
0.0,0.0,0.0
0.0,0.0,0.0
0.0,0.0,0.0
0.0,0.0,0.0
0.0,0.0,0.0
0.0,0.0,0.0
0.0,0.0,0.0
0.0,0.0,0.0
0.0,0.0,0.0
0.0,0.0,0.0
0.0,0.0,0.0
0.0,0.0,0.0
0.0,0.0,0.0
0.0,0.0,0.0
0.0,0.0,0.0
0.0,0.0,0.0
0.0,0.0,0.0
0.0,0.0,0.0
0.0,0.0,0.0
0.0,0.0,0.0
0.0,0.0,0.0
0.0,0.0,0.0
0.0,0.0,0.0
0.0,0.0,0.0
0.0,0.0,0.0
0.0,0.0,0.0
0.0,0.0,0.0
0.0,0.0,0.0
0.0,0.0,0.0
0.0,0.0,0.0
0.0,0.0,0.0
0.0,0.0,0.0
0.0,0.0,0.0
0.0,0.0,0.0
0.0,0.0,0.0
0.0,0.0,0.0
0.0,0.0,0.0
0.0,0.0,0.0
0.0,0.0,0.0
0.0,0.0,0.0
0.0,0.0,0.0
0.0,0.0,0.0
0.0,0.0,0.0
0.0,0.0,0.0
0.0,0.0,0.0
0.0,0.0,0.0
0.0,0.0,0.0
0.0,0.0,0.0
0.0,0.0,0.0
0.0,0.0,0.0
0.0,0.0,0.0
0.0,0.0,0.0
0.0,0.0,0.0
0.0,0.0,0.0
0.0,0.0,0.0
0.0,0.0,0.0
0.0,0.0,0.0
0.0,0.0,0.0
0.0,0.0,0.0
0.0,0.0,0.0
0.0,0.0,0.0
0.0,0.0,0.0
0.0,0.0,0.0
0.0,0.0,0.0
0.0,0.0,0.0
0.0,0.0,0.0
0.0,0.0,0.0
0.0,0.0,0.0
0.0,0.0,0.0
0.0,0.0,0.0
0.0,0.0,0.0
0.0,0.0,0.0
0.0,0.0,0.0
0.0,0.0,0.0
0.0,0.0,0.0
0.0,0.0,0.0
0.0,0.0,0.0
0.0,0.0,0.0
0.0,0.0,0.0
0.0,0.0,0.0
0.0,0.0,0.0
0.0,0.0,0.0
0.0,0.0,0.0
0.0,0.0,0.0
0.0,0.0,0.0
0.0,0.0,0.0
0.0,0.0,0.0
0.0,0.0,0.0
0.0,0.0,0.0
0.0,0.0,0.0
0.0,0.0,0.0
0.0,0.0,0.0
0.0,0.0,0.0
0.0,0.0,0.0
0.0,0.0,0.0
0.0,0.0,0.0
0.0,0.0,0.0
0.0,0.0,0.0
0.0,0.0,0.0
0.0,0.0,0.0
0.0,0.0,0.0
0.0,0.0,0.0
0.0,0.0,0.0
0.0,0.0,0.0
0.0,0.0,0.0
0.0,0.0,0.0
0.0,0.0,0.0
0.0,0.0,0.0
0.0,0.0,0.0
0.0,0.0,0.0
0.0,0.0,0.0
0.0,0.0,0.0
0.0,0.0,0.0
0.0,0.0,0.0
0.0,0.0,0.0
0.0,0.0,0.0
0.0,0.0,0.0
0.0,0.0,0.0
0.0,0.0,0.0
0.0,0.0,0.0
0.0,0.0,0.0
0.0,0.0,0.0
0.0,0.0,0.0
0.0,0.0,0.0
0.0,0.0,0.0
0.0,0.0,0.0
0.0,0.0,0.0
0.0,0.0,0.0
0.0,0.0,0.0
0.0,0.0,0.0
0.0,0.0,0.0
0.0,0.0,0.0
0.0,0.0,0.0
0.0,0.0,0.0
0.0,0.0,0.0
0.0,0.0,0.0
0.0,0.0,0.0
0.0,0.0,0.0
0.0,0.0,0.0
0.0,0.0,0.0
0.0,0.0,0.0
0.0,0.0,0.0
0.0,0.0,0.0
0.0,0.0,0.0
0.0,0.0,0.0
0.0,0.0,0.0
0.0,0.0,0.0
0.0,0.0,0.0
0.0,0.0,0.0
0.0,0.0,0.0
0.0,0.0,0.0
0.0,0.0,0.0
0.0,0.0,0.0
0.0,0.0,0.0
0.0,0.0,0.0
0.0,0.0,0.0
0.0,0.0,0.0
0.0,0.0,0.0
0.0,0.0,0.0
0.0,0.0,0.0
0.0,0.0,0.0
0.0,0.0,0.0
0.0,0.0,0.0
0.0,0.0,0.0
0.0,0.0,0.0
0.0,0.0,0.0
0.0,0.0,0.0
0.0,0.0,0.0
0.0,0.0,0.0
0.0,0.0,0.0
0.0,0.0,0.0
0.0,0.0,0.0
0.0,0.0,0.0
0.0,0.0,0.0
0.0,0.0,0.0
0.0,0.0,0.0
0.0,0.0,0.0
0.0,0.0,0.0
0.0,0.0,0.0
0.0,0.0,0.0
0.0,0.0,0.0
0.0,0.0,0.0
0.0,0.0,0.0
0.0,0.0,0.0
0.0,0.0,0.0
0.0,0.0,0.0
0.0,0.0,0.0
0.0,0.0,0.0
0.0,0.0,0.0
0.0,0.0,0.0
0.0,0.0,0.0
0.0,0.0,0.0
0.0,0.0,0.0
0.0,0.0,0.0
0.0,0.0,0.0
0.0,0.0,0.0
0.0,0.0,0.0
0.0,0.0,0.0
0.0,0.0,0.0
0.0,0.0,0.0
0.0,0.0,0.0
0.0,0.0,0.0
0.0,0.0,0.0
0.0,0.0,0.0
0.0,0.0,0.0
0.0,0.0,0.0
0.0,0.0,0.0
0.0,0.0,0.0
0.0,0.0,0.0
0.0,0.0,0.0
0.0,0.0,0.0
0.0,0.0,0.0
0.0,0.0,0.0
0.0,0.0,0.0
0.0,0.0,0.0
0.0,0.0,0.0
0.0,0.0,0.0
0.0,0.0,0.0
0.0,0.0,0.0
0.0,0.0,0.0
0.0,0.0,0.0
0.0,0.0,0.0
0.0,0.0,0.0
0.0,0.0,0.0
0.0,0.0,0.0
0.0,0.0,0.0
0.0,0.0,0.0
0.0,0.0,0.0
0.0,0.0,0.0
0.0,0.0,0.0
0.0,0.0,0.0
0.0,0.0,0.0
0.0,0.0,0.0
0.0,0.0,0.0
0.0,0.0,0.0
0.0,0.0,0.0
0.0,0.0,0.0
0.0,0.0,0.0
0.0,0.0,0.0
0.0,0.0,0.0
0.0,0.0,0.0
0.0,0.0,0.0
0.0,0.0,0.0
0.0,0.0,0.0
0.0,0.0,0.0
0.0,0.0,0.0
0.0,0.0,0.0
0.0,0.0,0.0
0.0,0.0,0.0
0.0,0.0,0.0
0.0,0.0,0.0
0.0,0.0,0.0
0.0,0.0,0.0
0.0,0.0,0.0
0.0,0.0,0.0
0.0,0.0,0.0
0.0,0.0,0.0
0.0,0.0,0.0
0.0,0.0,0.0
0.0,0.0,0.0
0.0,0.0,0.0
0.0,0.0,0.0
0.0,0.0,0.0
0.0,0.0,0.0
0.0,0.0,0.0
0.0,0.0,0.0
0.0,0.0,0.0
0.0,0.0,0.0
0.0,0.0,0.0
0.0,0.0,0.0
0.0,0.0,0.0
0.0,0.0,0.0
0.0,0.0,0.0
0.0,0.0,0.0
0.0,0.0,0.0
0.0,0.0,0.0
0.0,0.0,0.0
0.0,0.0,0.0
0.0,0.0,0.0
0.0,0.0,0.0
0.0,0.0,0.0
0.0,0.0,0.0
0.0,0.0,0.0
0.0,0.0,0.0
0.0,0.0,0.0
0.0,0.0,0.0
0.0,0.0,0.0
0.0,0.0,0.0
0.0,0.0,0.0
0.0,0.0,0.0
0.0,0.0,0.0
0.0,0.0,0.0
0.0,0.0,0.0
0.0,0.0,0.0
0.0,0.0,0.0
0.0,0.0,0.0
0.0,0.0,0.0
0.0,0.0,0.0
0.0,0.0,0.0
0.0,0.0,0.0
0.0,0.0,0.0
0.0,0.0,0.0
0.0,0.0,0.0
0.0,0.0,0.0
0.0,0.0,0.0
0.0,0.0,0.0
0.0,0.0,0.0
0.0,0.0,0.0
0.0,0.0,0.0
0.0,0.0,0.0
0.0,0.0,0.0
0.0,0.0,0.0
0.0,0.0,0.0
0.0,0.0,0.0
0.0,0.0,0.0
0.0,0.0,0.0
0.0,0.0,0.0
0.0,0.0,0.0
0.0,0.0,0.0
0.0,0.0,0.0
0.0,0.0,0.0
0.0,0.0,0.0
0.0,0.0,0.0
0.0,0.0,0.0
0.0,0.0,0.0
0.0,0.0,0.0
0.0,0.0,0.0
0.0,0.0,0.0
0.0,0.0,0.0
0.0,0.0,0.0
0.0,0.0,0.0
0.0,0.0,0.0
0.0,0.0,0.0
0.0,0.0,0.0
0.0,0.0,0.0
0.0,0.0,0.0
0.0,0.0,0.0
0.0,0.0,0.0
0.0,0.0,0.0
0.0,0.0,0.0
0.0,0.0,0.0
0.0,0.0,0.0
0.0,0.0,0.0
0.0,0.0,0.0
0.0,0.0,0.0
0.0,0.0,0.0
0.0,0.0,0.0
0.0,0.0,0.0
0.0,0.0,0.0
0.0,0.0,0.0
0.0,0.0,0.0
0.0,0.0,0.0
0.0,0.0,0.0
0.0,0.0,0.0
0.0,0.0,0.0
0.0,0.0,0.0
0.0,0.0,0.0
0.0,0.0,0.0
0.0,0.0,0.0
0.0,0.0,0.0
0.0,0.0,0.0
0.0,0.0,0.0
0.0,0.0,0.0
0.0,0.0,0.0
0.0,0.0,0.0
0.0,0.0,0.0
0.0,0.0,0.0
0.0,0.0,0.0
0.0,0.0,0.0
0.0,0.0,0.0
0.0,0.0,0.0
0.0,0.0,0.0
0.0,0.0,0.0
0.0,0.0,0.0
0.0,0.0,0.0
0.0,0.0,0.0
0.0,0.0,0.0
0.0,0.0,0.0
0.0,0.0,0.0
0.0,0.0,0.0
0.0,0.0,0.0
0.0,0.0,0.0
0.0,0.0,0.0
0.0,0.0,0.0
0.0,0.0,0.0
0.0,0.0,0.0
0.0,0.0,0.0
0.0,0.0,0.0
0.0,0.0,0.0
0.0,0.0,0.0
0.0,0.0,0.0
0.0,0.0,0.0
0.0,0.0,0.0
0.0,0.0,0.0
0.0,0.0,0.0
0.0,0.0,0.0
0.0,0.0,0.0
0.0,0.0,0.0
0.0,0.0,0.0
0.0,0.0,0.0
0.0,0.0,0.0
0.0,0.0,0.0
0.0,0.0,0.0
0.0,0.0,0.0
0.0,0.0,0.0
0.0,0.0,0.0
0.0,0.0,0.0
0.0,0.0,0.0
0.0,0.0,0.0
0.0,0.0,0.0
0.0,0.0,0.0
0.0,0.0,0.0
0.0,0.0,0.0
0.0,0.0,0.0
0.0,0.0,0.0
0.0,0.0,0.0
0.0,0.0,0.0
0.0,0.0,0.0
0.0,0.0,0.0
0.0,0.0,0.0
0.0,0.0,0.0
0.0,0.0,0.0
0.0,0.0,0.0
0.0,0.0,0.0
0.0,0.0,0.0
0.0,0.0,0.0
0.0,0.0,0.0
0.0,0.0,0.0
0.0,0.0,0.0
0.0,0.0,0.0
0.0,0.0,0.0
0.0,0.0,0.0
0.0,0.0,0.0
0.0,0.0,0.0
0.0,0.0,0.0
0.0,0.0,0.0
0.0,0.0,0.0
0.0,0.0,0.0
0.0,0.0,0.0
0.0,0.0,0.0
0.0,0.0,0.0
0.0,0.0,0.0
0.0,0.0,0.0
0.0,0.0,0.0
0.0,0.0,0.0
0.0,0.0,0.0
0.0,0.0,0.0
0.0,0.0,0.0
0.0,0.0,0.0
0.0,0.0,0.0
0.0,0.0,0.0
0.0,0.0,0.0
0.0,0.0,0.0
0.0,0.0,0.0
0.0,0.0,0.0
0.0,0.0,0.0
0.0,0.0,0.0
0.0,0.0,0.0
0.0,0.0,0.0
0.0,0.0,0.0
0.0,0.0,0.0
0.0,0.0,0.0
0.0,0.0,0.0
0.0,0.0,0.0
0.0,0.0,0.0
0.0,0.0,0.0
0.0,0.0,0.0
0.0,0.0,0.0
0.0,0.0,0.0
0.0,0.0,0.0
0.0,0.0,0.0
0.0,0.0,0.0
0.0,0.0,0.0
0.0,0.0,0.0
0.0,0.0,0.0
0.0,0.0,0.0
0.0,0.0,0.0
0.0,0.0,0.0
0.0,0.0,0.0
0.0,0.0,0.0
0.0,0.0,0.0
0.0,0.0,0.0
0.0,0.0,0.0
0.0,0.0,0.0
0.0,0.0,0.0
0.0,0.0,0.0
0.0,0.0,0.0
0.0,0.0,0.0
0.0,0.0,0.0
0.0,0.0,0.0
0.0,0.0,0.0
0.0,0.0,0.0
0.0,0.0,0.0
0.0,0.0,0.0
0.0,0.0,0.0
0.0,0.0,0.0
0.0,0.0,0.0
0.0,0.0,0.0
0.0,0.0,0.0
0.0,0.0,0.0
0.0,0.0,0.0
0.0,0.0,0.0
0.0,0.0,0.0
0.0,0.0,0.0
0.0,0.0,0.0
0.0,0.0,0.0
0.0,0.0,0.0
0.0,0.0,0.0
0.0,0.0,0.0
0.0,0.0,0.0
0.0,0.0,0.0
0.0,0.0,0.0
0.0,0.0,0.0
0.0,0.0,0.0
0.0,0.0,0.0
0.0,0.0,0.0
0.0,0.0,0.0
0.0,0.0,0.0
0.0,0.0,0.0
0.0,0.0,0.0
0.0,0.0,0.0
0.0,0.0,0.0
0.0,0.0,0.0
0.0,0.0,0.0
0.0,0.0,0.0
0.0,0.0,0.0
0.0,0.0,0.0
0.0,0.0,0.0
0.0,0.0,0.0
0.0,0.0,0.0
0.0,0.0,0.0
0.0,0.0,0.0
0.0,0.0,0.0
0.0,0.0,0.0
0.0,0.0,0.0
0.0,0.0,0.0
0.0,0.0,0.0
0.0,0.0,0.0
0.0,0.0,0.0
0.0,0.0,0.0
0.0,0.0,0.0
0.0,0.0,0.0
0.0,0.0,0.0
0.0,0.0,0.0
0.0,0.0,0.0
0.0,0.0,0.0
0.0,0.0,0.0
0.0,0.0,0.0
0.0,0.0,0.0
0.0,0.0,0.0
0.0,0.0,0.0
0.0,0.0,0.0
0.0,0.0,0.0
0.0,0.0,0.0
0.0,0.0,0.0
0.0,0.0,0.0
0.0,0.0,0.0
0.0,0.0,0.0
0.0,0.0,0.0
0.0,0.0,0.0
0.0,0.0,0.0
0.0,0.0,0.0
0.0,0.0,0.0
0.0,0.0,0.0
0.0,0.0,0.0
0.0,0.0,0.0
0.0,0.0,0.0
0.0,0.0,0.0
0.0,0.0,0.0
0.0,0.0,0.0
0.0,0.0,0.0
0.0,0.0,0.0
0.0,0.0,0.0
0.0,0.0,0.0
0.0,0.0,0.0
0.0,0.0,0.0
0.0,0.0,0.0
0.0,0.0,0.0
0.0,0.0,0.0
0.0,0.0,0.0
0.0,0.0,0.0
0.0,0.0,0.0
0.0,0.0,0.0
0.0,0.0,0.0
0.0,0.0,0.0
0.0,0.0,0.0
0.0,0.0,0.0
0.0,0.0,0.0
0.0,0.0,0.0
0.0,0.0,0.0
0.0,0.0,0.0
0.0,0.0,0.0
0.0,0.0,0.0
0.0,0.0,0.0
0.0,0.0,0.0
0.0,0.0,0.0
0.0,0.0,0.0
0.0,0.0,0.0
0.0,0.0,0.0
0.0,0.0,0.0
0.0,0.0,0.0
0.0,0.0,0.0
0.0,0.0,0.0
0.0,0.0,0.0
0.0,0.0,0.0
0.0,0.0,0.0
0.0,0.0,0.0
0.0,0.0,0.0
0.0,0.0,0.0
0.0,0.0,0.0
0.0,0.0,0.0
0.0,0.0,0.0
0.0,0.0,0.0
0.0,0.0,0.0
0.0,0.0,0.0
0.0,0.0,0.0
0.0,0.0,0.0
0.0,0.0,0.0
0.0,0.0,0.0
0.0,0.0,0.0
0.0,0.0,0.0
0.0,0.0,0.0
0.0,0.0,0.0
0.0,0.0,0.0
0.0,0.0,0.0
0.0,0.0,0.0
0.0,0.0,0.0
0.0,0.0,0.0
0.0,0.0,0.0
0.0,0.0,0.0
0.0,0.0,0.0
0.0,0.0,0.0
0.0,0.0,0.0
0.0,0.0,0.0
0.0,0.0,0.0
0.0,0.0,0.0
0.0,0.0,0.0
0.0,0.0,0.0
0.0,0.0,0.0
0.0,0.0,0.0
0.0,0.0,0.0
0.0,0.0,0.0
0.0,0.0,0.0
0.0,0.0,0.0
0.0,0.0,0.0
0.0,0.0,0.0
0.0,0.0,0.0
0.0,0.0,0.0
0.0,0.0,0.0
0.0,0.0,0.0
0.0,0.0,0.0
0.0,0.0,0.0
0.0,0.0,0.0
0.0,0.0,0.0
0.0,0.0,0.0
0.0,0.0,0.0
0.0,0.0,0.0
0.0,0.0,0.0
0.0,0.0,0.0
0.0,0.0,0.0
0.0,0.0,0.0
0.0,0.0,0.0
0.0,0.0,0.0
0.0,0.0,0.0
0.0,0.0,0.0
0.0,0.0,0.0
0.0,0.0,0.0
0.0,0.0,0.0
0.0,0.0,0.0
0.0,0.0,0.0
0.0,0.0,0.0
0.0,0.0,0.0
0.0,0.0,0.0
0.0,0.0,0.0
0.0,0.0,0.0
0.0,0.0,0.0
0.0,0.0,0.0
0.0,0.0,0.0
0.0,0.0,0.0
0.0,0.0,0.0
0.0,0.0,0.0
0.0,0.0,0.0
0.0,0.0,0.0
0.0,0.0,0.0
0.0,0.0,0.0
0.0,0.0,0.0
0.0,0.0,0.0
0.0,0.0,0.0
0.0,0.0,0.0
0.0,0.0,0.0
0.0,0.0,0.0
0.0,0.0,0.0
0.0,0.0,0.0
0.0,0.0,0.0
0.0,0.0,0.0
0.0,0.0,0.0
0.0,0.0,0.0
0.0,0.0,0.0
0.0,0.0,0.0
0.0,0.0,0.0
0.0,0.0,0.0
0.0,0.0,0.0
0.0,0.0,0.0
0.0,0.0,0.0
0.0,0.0,0.0
0.0,0.0,0.0
0.0,0.0,0.0
0.0,0.0,0.0
0.0,0.0,0.0
0.0,0.0,0.0
0.0,0.0,0.0
0.0,0.0,0.0
0.0,0.0,0.0
0.0,0.0,0.0
0.0,0.0,0.0
0.0,0.0,0.0
0.0,0.0,0.0
0.0,0.0,0.0
0.0,0.0,0.0
0.0,0.0,0.0
0.0,0.0,0.0
0.0,0.0,0.0
0.0,0.0,0.0
0.0,0.0,0.0
0.0,0.0,0.0
0.0,0.0,0.0
0.0,0.0,0.0
0.0,0.0,0.0
0.0,0.0,0.0
0.0,0.0,0.0
0.0,0.0,0.0
0.0,0.0,0.0
0.0,0.0,0.0
0.0,0.0,0.0
0.0,0.0,0.0
0.0,0.0,0.0
0.0,0.0,0.0
0.0,0.0,0.0
0.0,0.0,0.0
0.0,0.0,0.0
0.0,0.0,0.0
0.0,0.0,0.0
0.0,0.0,0.0
0.0,0.0,0.0
0.0,0.0,0.0
0.0,0.0,0.0
0.0,0.0,0.0
0.0,0.0,0.0
0.0,0.0,0.0
0.0,0.0,0.0
0.0,0.0,0.0
0.0,0.0,0.0
0.0,0.0,0.0
0.0,0.0,0.0
0.0,0.0,0.0
0.0,0.0,0.0
0.0,0.0,0.0
0.0,0.0,0.0
0.0,0.0,0.0
0.0,0.0,0.0
0.0,0.0,0.0
0.0,0.0,0.0
0.0,0.0,0.0
0.0,0.0,0.0
0.0,0.0,0.0
0.0,0.0,0.0
0.0,0.0,0.0
0.0,0.0,0.0
0.0,0.0,0.0
0.0,0.0,0.0
0.0,0.0,0.0
0.0,0.0,0.0
0.0,0.0,0.0
0.0,0.0,0.0
0.0,0.0,0.0
0.0,0.0,0.0
0.0,0.0,0.0
0.0,0.0,0.0
0.0,0.0,0.0
0.0,0.0,0.0
0.0,0.0,0.0
0.0,0.0,0.0
0.0,0.0,0.0
0.0,0.0,0.0
0.0,0.0,0.0
0.0,0.0,0.0
0.0,0.0,0.0
0.0,0.0,0.0
0.0,0.0,0.0
0.0,0.0,0.0
0.0,0.0,0.0
0.0,0.0,0.0
0.0,0.0,0.0
0.0,0.0,0.0
0.0,0.0,0.0
0.0,0.0,0.0
0.0,0.0,0.0
0.0,0.0,0.0
0.0,0.0,0.0
0.0,0.0,0.0
0.0,0.0,0.0
0.0,0.0,0.0
0.0,0.0,0.0
0.0,0.0,0.0
0.0,0.0,0.0
0.0,0.0,0.0
0.0,0.0,0.0
0.0,0.0,0.0
0.0,0.0,0.0
0.0,0.0,0.0
0.0,0.0,0.0
0.0,0.0,0.0
0.0,0.0,0.0
0.0,0.0,0.0
0.0,0.0,0.0
0.0,0.0,0.0
0.0,0.0,0.0
0.0,0.0,0.0
0.0,0.0,0.0
0.0,0.0,0.0
0.0,0.0,0.0
0.0,0.0,0.0
0.0,0.0,0.0
0.0,0.0,0.0
0.0,0.0,0.0
0.0,0.0,0.0
0.0,0.0,0.0
0.0,0.0,0.0
0.0,0.0,0.0
0.0,0.0,0.0
0.0,0.0,0.0
0.0,0.0,0.0
0.0,0.0,0.0
0.0,0.0,0.0
0.0,0.0,0.0
0.0,0.0,0.0
0.0,0.0,0.0
0.0,0.0,0.0
0.0,0.0,0.0
0.0,0.0,0.0
0.0,0.0,0.0
0.0,0.0,0.0
0.0,0.0,0.0
0.0,0.0,0.0
0.0,0.0,0.0
0.0,0.0,0.0
0.0,0.0,0.0
0.0,0.0,0.0
0.0,0.0,0.0
0.0,0.0,0.0
0.0,0.0,0.0
0.0,0.0,0.0
0.0,0.0,0.0
0.0,0.0,0.0
0.0,0.0,0.0
0.0,0.0,0.0
0.0,0.0,0.0
0.0,0.0,0.0
0.0,0.0,0.0
0.0,0.0,0.0
0.0,0.0,0.0
0.0,0.0,0.0
0.0,0.0,0.0
0.0,0.0,0.0
0.0,0.0,0.0
0.0,0.0,0.0
0.0,0.0,0.0
0.0,0.0,0.0
0.0,0.0,0.0
0.0,0.0,0.0
0.0,0.0,0.0
0.0,0.0,0.0
0.0,0.0,0.0
0.0,0.0,0.0
0.0,0.0,0.0
0.0,0.0,0.0
0.0,0.0,0.0
0.0,0.0,0.0
0.0,0.0,0.0
0.0,0.0,0.0
0.0,0.0,0.0
0.0,0.0,0.0
0.0,0.0,0.0
0.0,0.0,0.0
0.0,0.0,0.0
0.0,0.0,0.0
0.0,0.0,0.0
0.0,0.0,0.0
0.0,0.0,0.0
0.0,0.0,0.0
0.0,0.0,0.0
0.0,0.0,0.0
0.0,0.0,0.0
0.0,0.0,0.0
0.0,0.0,0.0
0.0,0.0,0.0
0.0,0.0,0.0
0.0,0.0,0.0
0.0,0.0,0.0
0.0,0.0,0.0
0.0,0.0,0.0
0.0,0.0,0.0
0.0,0.0,0.0
0.0,0.0,0.0
0.0,0.0,0.0
0.0,0.0,0.0
0.0,0.0,0.0
0.0,0.0,0.0
0.0,0.0,0.0
0.0,0.0,0.0
0.0,0.0,0.0
0.0,0.0,0.0
0.0,0.0,0.0
0.0,0.0,0.0
0.0,0.0,0.0
0.0,0.0,0.0
0.0,0.0,0.0
0.0,0.0,0.0
0.0,0.0,0.0
0.0,0.0,0.0
0.0,0.0,0.0
0.0,0.0,0.0
0.0,0.0,0.0
0.0,0.0,0.0
0.0,0.0,0.0
0.0,0.0,0.0
0.0,0.0,0.0
0.0,0.0,0.0
0.0,0.0,0.0
0.0,0.0,0.0
0.0,0.0,0.0
0.0,0.0,0.0
0.0,0.0,0.0
0.0,0.0,0.0
0.0,0.0,0.0
0.0,0.0,0.0
0.0,0.0,0.0
0.0,0.0,0.0
0.0,0.0,0.0
0.0,0.0,0.0
0.0,0.0,0.0
0.0,0.0,0.0
0.0,0.0,0.0
0.0,0.0,0.0
0.0,0.0,0.0
0.0,0.0,0.0
0.0,0.0,0.0
0.0,0.0,0.0
0.0,0.0,0.0
0.0,0.0,0.0
0.0,0.0,0.0
0.0,0.0,0.0
0.0,0.0,0.0
0.0,0.0,0.0
0.0,0.0,0.0
0.0,0.0,0.0
0.0,0.0,0.0
0.0,0.0,0.0
0.0,0.0,0.0
0.0,0.0,0.0
0.0,0.0,0.0
0.0,0.0,0.0
0.0,0.0,0.0
0.0,0.0,0.0
0.0,0.0,0.0
0.0,0.0,0.0
0.0,0.0,0.0
0.0,0.0,0.0
0.0,0.0,0.0
0.0,0.0,0.0
0.0,0.0,0.0
0.0,0.0,0.0
0.0,0.0,0.0
0.0,0.0,0.0
0.0,0.0,0.0
0.0,0.0,0.0
0.0,0.0,0.0
0.0,0.0,0.0
0.0,0.0,0.0
0.0,0.0,0.0
0.0,0.0,0.0
0.0,0.0,0.0
0.0,0.0,0.0
0.0,0.0,0.0
0.0,0.0,0.0
0.0,0.0,0.0
0.0,0.0,0.0
0.0,0.0,0.0
0.0,0.0,0.0
0.0,0.0,0.0
0.0,0.0,0.0
0.0,0.0,0.0
0.0,0.0,0.0
0.0,0.0,0.0
0.0,0.0,0.0
0.0,0.0,0.0
0.0,0.0,0.0
0.0,0.0,0.0
0.0,0.0,0.0
0.0,0.0,0.0
0.0,0.0,0.0
0.0,0.0,0.0
0.0,0.0,0.0
0.0,0.0,0.0
0.0,0.0,0.0
0.0,0.0,0.0
0.0,0.0,0.0
0.0,0.0,0.0
0.0,0.0,0.0
0.0,0.0,0.0
0.0,0.0,0.0
0.0,0.0,0.0
0.0,0.0,0.0
0.0,0.0,0.0
0.0,0.0,0.0
0.0,0.0,0.0
0.0,0.0,0.0
0.0,0.0,0.0
0.0,0.0,0.0
0.0,0.0,0.0
0.0,0.0,0.0
0.0,0.0,0.0
0.0,0.0,0.0
0.0,0.0,0.0
0.0,0.0,0.0
0.0,0.0,0.0
0.0,0.0,0.0
0.0,0.0,0.0
0.0,0.0,0.0
0.0,0.0,0.0
0.0,0.0,0.0
0.0,0.0,0.0
0.0,0.0,0.0
0.0,0.0,0.0
0.0,0.0,0.0
0.0,0.0,0.0
0.0,0.0,0.0
0.0,0.0,0.0
0.0,0.0,0.0
0.0,0.0,0.0
0.0,0.0,0.0
0.0,0.0,0.0
0.0,0.0,0.0
0.0,0.0,0.0
0.0,0.0,0.0
0.0,0.0,0.0
0.0,0.0,0.0
0.0,0.0,0.0
0.0,0.0,0.0
0.0,0.0,0.0
0.0,0.0,0.0
0.0,0.0,0.0
0.0,0.0,0.0
0.0,0.0,0.0
0.0,0.0,0.0
0.0,0.0,0.0
0.0,0.0,0.0
0.0,0.0,0.0
0.0,0.0,0.0
0.0,0.0,0.0
0.0,0.0,0.0
0.0,0.0,0.0
0.0,0.0,0.0
0.0,0.0,0.0
0.0,0.0,0.0
0.0,0.0,0.0
0.0,0.0,0.0
0.0,0.0,0.0
0.0,0.0,0.0
0.0,0.0,0.0
0.0,0.0,0.0
0.0,0.0,0.0
0.0,0.0,0.0
0.0,0.0,0.0
0.0,0.0,0.0
0.0,0.0,0.0
0.0,0.0,0.0
0.0,0.0,0.0
0.0,0.0,0.0
0.0,0.0,0.0
0.0,0.0,0.0
0.0,0.0,0.0
0.0,0.0,0.0
0.0,0.0,0.0
0.0,0.0,0.0
0.0,0.0,0.0
0.0,0.0,0.0
0.0,0.0,0.0
0.0,0.0,0.0
0.0,0.0,0.0
0.0,0.0,0.0
0.0,0.0,0.0
0.0,0.0,0.0
0.0,0.0,0.0
0.0,0.0,0.0
0.0,0.0,0.0
0.0,0.0,0.0
0.0,0.0,0.0
0.0,0.0,0.0
0.0,0.0,0.0
0.0,0.0,0.0
0.0,0.0,0.0
0.0,0.0,0.0
0.0,0.0,0.0
0.0,0.0,0.0
0.0,0.0,0.0
0.0,0.0,0.0
0.0,0.0,0.0
0.0,0.0,0.0
0.0,0.0,0.0
0.0,0.0,0.0
0.0,0.0,0.0
0.0,0.0,0.0
0.0,0.0,0.0
0.0,0.0,0.0
0.0,0.0,0.0
0.0,0.0,0.0
0.0,0.0,0.0
0.0,0.0,0.0
0.0,0.0,0.0
0.0,0.0,0.0
0.0,0.0,0.0
0.0,0.0,0.0
0.0,0.0,0.0
0.0,0.0,0.0
0.0,0.0,0.0
0.0,0.0,0.0
0.0,0.0,0.0
0.0,0.0,0.0
0.0,0.0,0.0
0.0,0.0,0.0
0.0,0.0,0.0
0.0,0.0,0.0
0.0,0.0,0.0
0.0,0.0,0.0
0.0,0.0,0.0
0.0,0.0,0.0
0.0,0.0,0.0
0.0,0.0,0.0
0.0,0.0,0.0
0.0,0.0,0.0
0.0,0.0,0.0
0.0,0.0,0.0
0.0,0.0,0.0
0.0,0.0,0.0
0.0,0.0,0.0
0.0,0.0,0.0
0.0,0.0,0.0
0.0,0.0,0.0
0.0,0.0,0.0
0.0,0.0,0.0
0.0,0.0,0.0
0.0,0.0,0.0
0.0,0.0,0.0
0.0,0.0,0.0
0.0,0.0,0.0
0.0,0.0,0.0
0.0,0.0,0.0
0.0,0.0,0.0
0.0,0.0,0.0
0.0,0.0,0.0
0.0,0.0,0.0
0.0,0.0,0.0
0.0,0.0,0.0
0.0,0.0,0.0
0.0,0.0,0.0
0.0,0.0,0.0
0.0,0.0,0.0
0.0,0.0,0.0
0.0,0.0,0.0
0.0,0.0,0.0
0.0,0.0,0.0
0.0,0.0,0.0
0.0,0.0,0.0
0.0,0.0,0.0
0.0,0.0,0.0
0.0,0.0,0.0
0.0,0.0,0.0
0.0,0.0,0.0
0.0,0.0,0.0
0.0,0.0,0.0
0.0,0.0,0.0
0.0,0.0,0.0
0.0,0.0,0.0
0.0,0.0,0.0
0.0,0.0,0.0
0.0,0.0,0.0
0.0,0.0,0.0
0.0,0.0,0.0
0.0,0.0,0.0
0.0,0.0,0.0
0.0,0.0,0.0
0.0,0.0,0.0
0.0,0.0,0.0
0.0,0.0,0.0
0.0,0.0,0.0
0.0,0.0,0.0
0.0,0.0,0.0
0.0,0.0,0.0
0.0,0.0,0.0
0.0,0.0,0.0
0.0,0.0,0.0
0.0,0.0,0.0
0.0,0.0,0.0
0.0,0.0,0.0
0.0,0.0,0.0
0.0,0.0,0.0
0.0,0.0,0.0
0.0,0.0,0.0
0.0,0.0,0.0
0.0,0.0,0.0
0.0,0.0,0.0
0.0,0.0,0.0
0.0,0.0,0.0
0.0,0.0,0.0
0.0,0.0,0.0
0.0,0.0,0.0
0.0,0.0,0.0
0.0,0.0,0.0
0.0,0.0,0.0
0.0,0.0,0.0
0.0,0.0,0.0
0.0,0.0,0.0
0.0,0.0,0.0
0.0,0.0,0.0
0.0,0.0,0.0
0.0,0.0,0.0
0.0,0.0,0.0
0.0,0.0,0.0
0.0,0.0,0.0
0.0,0.0,0.0
0.0,0.0,0.0
0.0,0.0,0.0
0.0,0.0,0.0
0.0,0.0,0.0
0.0,0.0,0.0
0.0,0.0,0.0
0.0,0.0,0.0
0.0,0.0,0.0
0.0,0.0,0.0
0.0,0.0,0.0
0.0,0.0,0.0
0.0,0.0,0.0
0.0,0.0,0.0
0.0,0.0,0.0
0.0,0.0,0.0
0.0,0.0,0.0
0.0,0.0,0.0
0.0,0.0,0.0
0.0,0.0,0.0
0.0,0.0,0.0
0.0,0.0,0.0
0.0,0.0,0.0
0.0,0.0,0.0
0.0,0.0,0.0
0.0,0.0,0.0
0.0,0.0,0.0
0.0,0.0,0.0
0.0,0.0,0.0
0.0,0.0,0.0
0.0,0.0,0.0
0.0,0.0,0.0
0.0,0.0,0.0
0.0,0.0,0.0
0.0,0.0,0.0
0.0,0.0,0.0
0.0,0.0,0.0
0.0,0.0,0.0
0.0,0.0,0.0
0.0,0.0,0.0
0.0,0.0,0.0
0.0,0.0,0.0
0.0,0.0,0.0
0.0,0.0,0.0
0.0,0.0,0.0
0.0,0.0,0.0
0.0,0.0,0.0
0.0,0.0,0.0
0.0,0.0,0.0
0.0,0.0,0.0
0.0,0.0,0.0
0.0,0.0,0.0
0.0,0.0,0.0
0.0,0.0,0.0
0.0,0.0,0.0
0.0,0.0,0.0
0.0,0.0,0.0
0.0,0.0,0.0
0.0,0.0,0.0
0.0,0.0,0.0
0.0,0.0,0.0
0.0,0.0,0.0
0.0,0.0,0.0
0.0,0.0,0.0
0.0,0.0,0.0
0.0,0.0,0.0
0.0,0.0,0.0
0.0,0.0,0.0
0.0,0.0,0.0
0.0,0.0,0.0
0.0,0.0,0.0
0.0,0.0,0.0
0.0,0.0,0.0
0.0,0.0,0.0
0.0,0.0,0.0
0.0,0.0,0.0
0.0,0.0,0.0
0.0,0.0,0.0
0.0,0.0,0.0
0.0,0.0,0.0
0.0,0.0,0.0
0.0,0.0,0.0
0.0,0.0,0.0
0.0,0.0,0.0
0.0,0.0,0.0
0.0,0.0,0.0
0.0,0.0,0.0
0.0,0.0,0.0
0.0,0.0,0.0
0.0,0.0,0.0
0.0,0.0,0.0
0.0,0.0,0.0
0.0,0.0,0.0
0.0,0.0,0.0
0.0,0.0,0.0
1.0,0.0,0.0
1.0,0.0,0.0
1.0,0.0,0.0
1.0,0.0,0.0
1.0,0.0,0.0
1.0,0.0,0.0
1.0,0.0,0.0
1.0,0.0,0.0
1.0,0.0,0.0
1.0,0.0,0.0
1.0,0.0,0.0
1.0,0.0,0.0
1.0,0.0,0.0
1.0,0.0,0.0
-16.0,0.0,0.0
-16.0,0.0,0.0
-56.0,0.0,0.0
-56.0,0.0,0.0
-84.0,0.0,0.0
-84.0,0.0,0.0
-99.0,0.0,0.0
-99.0,0.0,0.0
-96.0,0.0,0.0
-96.0,0.0,0.0
-98.0,0.0,0.0
-98.0,0.0,0.0
-96.0,0.0,0.0
-96.0,0.0,0.0
-87.0,0.0,0.0
-87.0,0.0,0.0
-69.0,0.0,0.0
-69.0,0.0,0.0
-53.0,0.0,0.0
-53.0,0.0,0.0
-35.0,0.0,0.0
-35.0,0.0,0.0
-18.0,0.0,0.0
-18.0,0.0,0.0
-1.0,0.0,0.0
-1.0,1.0,0.0
3.0,1.0,0.0
3.0,1.0,0.0
2.0,1.0,0.0
2.0,1.0,0.0
2.0,1.0,0.0
2.0,1.0,0.0
2.0,1.0,0.0
2.0,1.0,0.0
2.0,1.0,0.0
2.0,1.0,0.0
2.0,1.0,0.0
2.0,1.0,0.0
2.0,1.0,0.0
2.0,1.0,0.0
2.0,-15.0,0.0
2.0,-15.0,0.0
2.0,-48.0,0.0
2.0,-48.0,0.0
2.0,-82.0,0.0
2.0,-98.0,0.0
2.0,-98.0,0.0
2.0,-98.0,0.0
2.0,-98.0,0.0
2.0,-98.0,0.0
2.0,-98.0,0.0
2.0,-98.0,0.0
2.0,-98.0,0.0
2.0,-91.0,0.0
2.0,-91.0,0.0
2.0,-74.0,0.0
2.0,-74.0,0.0
2.0,-57.0,0.0
2.0,-57.0,0.0
2.0,-40.0,0.0
2.0,-40.0,0.0
2.0,-23.0,0.0
2.0,-23.0,0.0
2.0,-6.0,0.0
2.0,-6.0,0.0
2.0,2.0,0.0
2.0,2.0,0.0
2.0,2.0,0.0
2.0,2.0,0.0
2.0,2.0,0.0
2.0,2.0,2729.0
2.0,7266.0,2729.0
12818.0,7266.0,2729.0
12818.0,7266.0,2729.0
12818.0,7266.0,2729.0
12818.0,7266.0,2729.0
12818.0,7266.0,2729.0
12818.0,7266.0,2729.0
12818.0,7266.0,2729.0
12818.0,7266.0,2729.0
12818.0,7266.0,2729.0
12818.0,7266.0,2729.0
12818.0,7266.0,2729.0
12818.0,7266.0,2729.0
12818.0,7266.0,2729.0
12818.0,7266.0,2729.0
12818.0,7266.0,2729.0
12818.0,7266.0,2729.0
12818.0,7266.0,2729.0
12818.0,7266.0,2729.0
12818.0,7266.0,2729.0
12818.0,7266.0,2729.0
12818.0,7266.0,2729.0
12818.0,7266.0,2729.0
12818.0,7266.0,2729.0
12818.0,7266.0,2729.0
12818.0,7266.0,2729.0
12818.0,7266.0,2729.0
12818.0,7266.0,2729.0
12818.0,7266.0,2729.0
12818.0,7266.0,2729.0
12818.0,7266.0,2729.0
12818.0,7266.0,2729.0
12818.0,7266.0,2729.0
12818.0,7266.0,2729.0
12818.0,7266.0,2729.0
12818.0,7266.0,2729.0
12818.0,7266.0,2729.0
12818.0,7266.0,2729.0
12818.0,7266.0,2729.0
12818.0,7266.0,2729.0
12818.0,7266.0,2729.0
12818.0,7266.0,2729.0
12818.0,7266.0,2729.0
12818.0,7266.0,2729.0
12818.0,7266.0,2729.0
12818.0,7266.0,2729.0
12818.0,7266.0,2729.0
12818.0,7266.0,2729.0
12818.0,7266.0,2729.0
12818.0,7266.0,2729.0
12818.0,7266.0,2729.0
12818.0,7266.0,2729.0
12818.0,7266.0,2729.0
12818.0,7266.0,2729.0
12818.0,7266.0,2729.0
12818.0,7266.0,2729.0
12818.0,7266.0,2729.0
12818.0,7266.0,2729.0
12818.0,7266.0,2729.0
12818.0,7266.0,2729.0
12818.0,7266.0,2729.0
12818.0,7266.0,2729.0
12818.0,7266.0,2729.0
12818.0,7266.0,2729.0
12818.0,7266.0,2729.0
12818.0,7266.0,2729.0
12818.0,7266.0,2729.0
12818.0,7266.0,2729.0
12818.0,7266.0,2729.0
12818.0,7266.0,2729.0
12818.0,7266.0,2729.0
12818.0,7266.0,2729.0
12818.0,7266.0,2729.0
12818.0,7266.0,2729.0
12818.0,7266.0,2729.0
12818.0,7266.0,2729.0
12818.0,7266.0,2729.0
12818.0,7266.0,2729.0
12818.0,7266.0,2729.0
12818.0,7266.0,2729.0
12818.0,7266.0,2729.0
12818.0,7266.0,2729.0
12818.0,7266.0,2729.0
12818.0,7266.0,2729.0
12818.0,7266.0,2729.0
12818.0,7266.0,2729.0
12818.0,7266.0,2729.0
12818.0,7266.0,2729.0
12818.0,7266.0,2729.0
12818.0,7266.0,2729.0
12818.0,7266.0,2729.0
12818.0,7266.0,2729.0
12818.0,7266.0,2729.0
12818.0,7266.0,2729.0
12818.0,7266.0,2729.0
12818.0,7266.0,2729.0
12818.0,7266.0,2729.0
12818.0,7266.0,2729.0
12818.0,7266.0,2729.0
12818.0,7266.0,2729.0
12818.0,7266.0,2729.0
12818.0,7266.0,2729.0
12818.0,7266.0,2729.0
12818.0,7266.0,2729.0
12818.0,7266.0,2729.0
12818.0,7266.0,2729.0
12818.0,7266.0,2729.0
12818.0,7266.0,2729.0
12818.0,7266.0,2729.0
12818.0,7266.0,2729.0
12818.0,7266.0,2729.0
12818.0,7266.0,2729.0
12818.0,7266.0,2729.0
12818.0,7266.0,2729.0
12818.0,7266.0,2729.0
12818.0,7266.0,2729.0
12818.0,7266.0,2729.0
12818.0,7266.0,2729.0
12818.0,7266.0,2729.0
12818.0,7266.0,2729.0
12818.0,7266.0,2729.0
12818.0,7266.0,2729.0
12818.0,7266.0,2729.0
12818.0,7266.0,2729.0
12818.0,7266.0,2729.0
12818.0,7266.0,2729.0
12818.0,7266.0,2729.0
12818.0,7266.0,2729.0
12818.0,7266.0,2729.0
12818.0,7266.0,2729.0
12818.0,7266.0,2729.0
12818.0,7266.0,2729.0
12818.0,7266.0,2729.0
12818.0,7266.0,2729.0
12818.0,7266.0,2729.0
12818.0,7266.0,2729.0
12818.0,7266.0,2729.0
12818.0,7266.0,2729.0
12818.0,7266.0,2729.0
12818.0,7266.0,2729.0
12818.0,7266.0,2729.0
12818.0,7266.0,2729.0
12818.0,7266.0,2729.0
12818.0,7266.0,2729.0
12818.0,7266.0,2729.0
12818.0,7266.0,2729.0
12818.0,7266.0,2729.0
12818.0,7266.0,2729.0
12818.0,7266.0,2729.0
12818.0,7266.0,2729.0
12818.0,7266.0,2729.0
12818.0,7266.0,2729.0
12818.0,7266.0,2729.0
12818.0,7266.0,2729.0
12818.0,7266.0,2729.0
12818.0,7266.0,2729.0
12818.0,7266.0,2729.0
12818.0,7266.0,2729.0
12818.0,7266.0,2729.0
12818.0,7266.0,2729.0
12818.0,7266.0,2729.0
12818.0,7266.0,2729.0
12818.0,7266.0,2729.0
12818.0,7266.0,2729.0
12818.0,7266.0,2729.0
12818.0,7266.0,2729.0
12818.0,7266.0,2729.0
12818.0,7266.0,2729.0
12818.0,7266.0,2729.0
12818.0,7266.0,2729.0
12818.0,7266.0,2729.0
12818.0,7266.0,2729.0
12818.0,7266.0,2729.0
12818.0,7266.0,2729.0
12818.0,7266.0,2729.0
12818.0,7266.0,2729.0
12818.0,7266.0,2729.0
12818.0,7266.0,2729.0
12818.0,7266.0,2729.0
12818.0,7266.0,2729.0
12818.0,7266.0,2729.0
12818.0,7266.0,2729.0
12818.0,7266.0,2729.0
12818.0,7266.0,2729.0
12818.0,7266.0,2729.0
12818.0,7266.0,2729.0
12818.0,7266.0,2729.0
12818.0,7266.0,2729.0
12818.0,7266.0,2729.0
12818.0,7266.0,2729.0
12818.0,7266.0,2729.0
12818.0,7266.0,2729.0
12818.0,7266.0,2729.0
12818.0,7266.0,2729.0
12818.0,7266.0,2729.0
12818.0,7266.0,2729.0
12818.0,7266.0,2729.0
12818.0,7266.0,2729.0
12818.0,7266.0,2729.0
12818.0,7266.0,2729.0
12818.0,7266.0,2729.0
12818.0,7266.0,2729.0
12818.0,7266.0,2729.0
12818.0,7266.0,2729.0
12818.0,7266.0,2729.0
12818.0,7266.0,2729.0
12818.0,7266.0,2729.0
12818.0,7266.0,2729.0
12818.0,7266.0,2729.0
12818.0,7266.0,2729.0
12818.0,7266.0,2729.0
12818.0,7266.0,2729.0
12818.0,7266.0,2729.0
12818.0,7266.0,2729.0
12818.0,7266.0,2729.0
12818.0,7266.0,2729.0
12818.0,7266.0,2729.0
12818.0,7266.0,2729.0
12818.0,7266.0,2729.0
12818.0,7266.0,2729.0
12818.0,7266.0,2728.0
12818.0,7266.0,2728.0
12818.0,7266.0,2728.0
12818.0,7266.0,2729.0
12818.0,7266.0,2729.0
12818.0,7266.0,2729.0
12818.0,7266.0,2729.0
12818.0,7266.0,2729.0
12818.0,7266.0,2729.0
12818.0,7266.0,2736.0
12818.0,7266.0,2761.0
12818.0,7266.0,2761.0
12818.0,7266.0,2798.0
12818.0,7266.0,2798.0
12818.0,7266.0,2855.0
12818.0,7266.0,2855.0
12818.0,7266.0,2917.0
12818.0,7266.0,2917.0
12818.0,7266.0,2997.0
12818.0,7266.0,2997.0
12818.0,7266.0,3088.0
12818.0,7266.0,3088.0
12818.0,7266.0,3088.0
12818.0,7266.0,3194.0
12818.0,7266.0,3313.0
12818.0,7266.0,3313.0
12818.0,7266.0,3313.0
12818.0,7266.0,3443.0
12818.0,7266.0,3443.0
12818.0,7266.0,3589.0
12818.0,7266.0,3589.0
12818.0,7266.0,3743.0
12818.0,7266.0,3743.0
12818.0,7266.0,3913.0
12818.0,7266.0,4097.0
12818.0,7266.0,4097.0
12818.0,7266.0,4097.0
12818.0,7266.0,4289.0
12818.0,7266.0,4289.0
12818.0,7266.0,4501.0
12818.0,7266.0,4501.0
12818.0,7266.0,4722.0
12818.0,7266.0,4955.0
12818.0,7266.0,4955.0
12818.0,7266.0,5214.0
12818.0,7266.0,5214.0
12818.0,7266.0,5455.0
12818.0,7266.0,5455.0
12818.0,7266.0,5455.0
12818.0,7266.0,5704.0
12818.0,7266.0,5704.0
12818.0,7266.0,5964.0
12818.0,7266.0,5964.0
12818.0,7266.0,6228.0
12818.0,7266.0,6228.0
12818.0,7266.0,6476.0
12818.0,7266.0,6476.0
12818.0,7266.0,6722.0
12818.0,7266.0,6722.0
12818.0,7266.0,6978.0
12818.0,7266.0,6978.0
12818.0,7266.0,7240.0
12818.0,7266.0,7240.0
12818.0,7266.0,7497.0
12818.0,7266.0,7497.0
12818.0,7266.0,7754.0
12818.0,7266.0,7754.0
12818.0,7266.0,8013.0
12818.0,7266.0,8013.0
12818.0,7266.0,8272.0
12818.0,7266.0,8272.0
12818.0,7266.0,8523.0
12818.0,7266.0,8523.0
12818.0,7266.0,8777.0
12818.0,7266.0,8777.0
12818.0,7266.0,9048.0
12818.0,7266.0,9298.0
12818.0,7266.0,9298.0
12818.0,7266.0,9298.0
12818.0,7266.0,9551.0
12818.0,7266.0,9551.0
12818.0,7266.0,9812.0
12818.0,7266.0,9812.0
12818.0,7266.0,10069.0
12818.0,7266.0,10322.0
12818.0,7266.0,10322.0
12818.0,7266.0,10583.0
12818.0,7266.0,10583.0
12818.0,7266.0,10835.0
12818.0,7266.0,10835.0
12818.0,7266.0,10835.0
12818.0,7266.0,11097.0
12818.0,7266.0,11344.0
12818.0,7266.0,11344.0
12818.0,7266.0,11344.0
12818.0,7266.0,11600.0
12818.0,7266.0,11600.0
12818.0,7266.0,11861.0
12818.0,7266.0,11861.0
12818.0,7266.0,12127.0
12818.0,7266.0,12127.0
12818.0,7266.0,12383.0
12818.0,7266.0,12383.0
12818.0,7266.0,12640.0
12818.0,7266.0,12640.0
12818.0,7266.0,12902.0
12818.0,7266.0,12902.0
12818.0,7266.0,13163.0
12818.0,7266.0,13163.0
12818.0,7266.0,13421.0
12818.0,7266.0,13421.0
12818.0,7266.0,13677.0
12818.0,7266.0,13677.0
12818.0,7266.0,13921.0
12818.0,7266.0,13921.0
12818.0,7266.0,14183.0
12818.0,7266.0,14183.0
12818.0,7266.0,14457.0
12818.0,7266.0,14457.0
12818.0,7266.0,14700.0
12818.0,7266.0,14700.0
12818.0,7266.0,14956.0
12818.0,7266.0,14956.0
12818.0,7266.0,15225.0
12818.0,7266.0,15225.0
12818.0,7266.0,15472.0
12818.0,7266.0,15472.0
12818.0,7266.0,15732.0
12818.0,7266.0,15732.0
12818.0,7266.0,15991.0
12818.0,7266.0,15991.0
12818.0,7266.0,16254.0
12818.0,7266.0,16254.0
12818.0,7266.0,16513.0
12818.0,7266.0,16513.0
12818.0,7266.0,16769.0
12818.0,7266.0,16769.0
12818.0,7266.0,17032.0
12818.0,7266.0,17032.0
12818.0,7266.0,17293.0
12818.0,7266.0,17293.0
12818.0,7266.0,17555.0
12818.0,7266.0,17555.0
12818.0,7266.0,17811.0
12818.0,7266.0,17811.0
12818.0,7266.0,18063.0
12818.0,7266.0,18063.0
12818.0,7266.0,18335.0
12818.0,7266.0,18578.0
12818.0,7266.0,18578.0
12818.0,7266.0,18578.0
12818.0,7266.0,18832.0
12818.0,7266.0,18832.0
12818.0,7266.0,19104.0
12818.0,7266.0,19346.0
12818.0,7266.0,19346.0
12818.0,7266.0,19607.0
12818.0,7266.0,19607.0
12818.0,7266.0,19607.0
12818.0,7266.0,19859.0
12818.0,7266.0,19859.0
12818.0,7266.0,20125.0
12818.0,7266.0,20378.0
12818.0,7266.0,20378.0
12818.0,7266.0,20378.0
12818.0,7266.0,20635.0
12818.0,7266.0,20635.0
12818.0,7266.0,20894.0
12818.0,7266.0,21158.0
12818.0,7266.0,21158.0
12818.0,7266.0,21418.0
12818.0,7266.0,21418.0
12818.0,7266.0,21672.0
12818.0,7266.0,21672.0
12818.0,7266.0,21672.0
12818.0,7266.0,21936.0
12818.0,7266.0,22188.0
12818.0,7266.0,22188.0
12818.0,7266.0,22458.0
12818.0,7266.0,22458.0
12818.0,7266.0,22458.0
12818.0,7266.0,22708.0
12818.0,7266.0,22978.0
12818.0,7266.0,22978.0
12818.0,7266.0,22978.0
12818.0,7266.0,23222.0
12818.0,7266.0,23458.0
12818.0,7266.0,23458.0
12818.0,7266.0,23458.0
12818.0,7266.0,23678.0
12818.0,7266.0,23678.0
12818.0,7266.0,23888.0
12818.0,7266.0,23888.0
12818.0,7266.0,24078.0
12818.0,7266.0,24078.0
12818.0,7266.0,24260.0
12818.0,7266.0,24260.0
12818.0,7266.0,24440.0
12818.0,7266.0,24440.0
12818.0,7266.0,24605.0
12818.0,7266.0,24605.0
12818.0,7266.0,24755.0
12818.0,7266.0,24755.0
12818.0,7266.0,24755.0
12818.0,7266.0,24755.0
12818.0,7266.0,24896.0
12818.0,7266.0,25019.0
12818.0,7266.0,25019.0
12818.0,7266.0,25019.0
12818.0,7266.0,25127.0
12818.0,7266.0,25222.0
12818.0,7266.0,25222.0
12818.0,7266.0,25308.0
12818.0,7266.0,25308.0
12818.0,7266.0,25378.0
12818.0,7266.0,25440.0
12818.0,7266.0,25440.0
12818.0,7266.0,25483.0
12818.0,7266.0,25483.0
12818.0,7266.0,25514.0
12818.0,7266.0,25514.0
12818.0,7266.0,25532.0
12818.0,7266.0,25532.0
12818.0,7266.0,25534.0
12818.0,7266.0,25534.0
12818.0,7266.0,25534.0
12818.0,7266.0,25534.0
12818.0,7266.0,25534.0
12818.0,7266.0,25534.0
12818.0,7266.0,25534.0
12818.0,7266.0,25534.0
12818.0,7266.0,25534.0
12818.0,7266.0,25534.0
12818.0,7266.0,25534.0
12818.0,7266.0,25534.0
12818.0,7266.0,25534.0
12818.0,7266.0,25534.0
12818.0,7266.0,25534.0
12818.0,7266.0,25534.0
12818.0,7266.0,25534.0
12818.0,7266.0,25534.0
12818.0,7266.0,25534.0
12818.0,7266.0,25534.0
12818.0,7266.0,25534.0
12818.0,7266.0,25534.0
12818.0,7266.0,25534.0
12818.0,7266.0,25534.0
12818.0,7266.0,25534.0
12818.0,7266.0,25534.0
12818.0,7266.0,25534.0
12818.0,7266.0,25534.0
12818.0,7266.0,25534.0
12818.0,7266.0,25534.0
12818.0,7266.0,25534.0
12818.0,7266.0,25534.0
12818.0,7266.0,25534.0
12818.0,7266.0,25534.0
12818.0,7266.0,25534.0
12818.0,7266.0,25534.0
12818.0,7266.0,25534.0
12818.0,7266.0,25534.0
12818.0,7266.0,25534.0
12818.0,7266.0,25534.0
12818.0,7266.0,25534.0
12818.0,7266.0,25534.0
12818.0,7266.0,25534.0
12818.0,7266.0,25534.0
12818.0,7266.0,25534.0
12818.0,7266.0,25534.0
12818.0,7266.0,25534.0
12818.0,7266.0,25534.0
12818.0,7266.0,25534.0
12818.0,7266.0,25534.0
12818.0,7266.0,25534.0
12818.0,7266.0,25534.0
12818.0,7266.0,25534.0
12818.0,7266.0,25534.0
12818.0,7266.0,25534.0
12818.0,7266.0,25534.0
12818.0,7266.0,25534.0
12818.0,7266.0,25534.0
12818.0,7266.0,25534.0
12818.0,7266.0,25534.0
12818.0,7266.0,25534.0
12818.0,7266.0,25534.0
12818.0,7266.0,25534.0
12818.0,7266.0,25534.0
12818.0,7266.0,25534.0
12818.0,7266.0,25534.0
12818.0,7266.0,25534.0
12818.0,7266.0,25534.0
12818.0,7266.0,25534.0
12818.0,7266.0,25534.0
12818.0,7266.0,25534.0
12818.0,7266.0,25534.0
12818.0,7266.0,25534.0
12818.0,7266.0,25534.0
12818.0,7266.0,25534.0
12818.0,7266.0,25534.0
12818.0,7266.0,25534.0
12818.0,7266.0,25534.0
12818.0,7266.0,25534.0
12818.0,7266.0,25534.0
12818.0,7266.0,25534.0
12818.0,7266.0,25534.0
12818.0,7266.0,25534.0
12818.0,7266.0,25534.0
12818.0,7266.0,25534.0
12818.0,7266.0,25534.0
12818.0,7266.0,25534.0
12818.0,7266.0,25534.0
12818.0,7266.0,25534.0
12818.0,7266.0,25534.0
12818.0,7266.0,25534.0
12818.0,7266.0,25534.0
12818.0,7266.0,25534.0
12818.0,7266.0,25534.0
12818.0,7266.0,25534.0
12818.0,7266.0,25534.0
12818.0,7266.0,25534.0
12818.0,7266.0,25534.0
12818.0,7266.0,25534.0
12818.0,7266.0,25534.0
12818.0,7266.0,25534.0
12818.0,7266.0,25534.0
12818.0,7266.0,25534.0
12818.0,7266.0,25534.0
12818.0,7266.0,25534.0
12818.0,7266.0,25534.0
12818.0,7266.0,25534.0
12818.0,7266.0,25534.0
12818.0,7266.0,25534.0
12818.0,7266.0,25534.0
12818.0,7266.0,25534.0
12818.0,7266.0,25534.0
12818.0,7266.0,25534.0
12818.0,7266.0,25534.0
12818.0,7266.0,25534.0
12818.0,7266.0,25534.0
12818.0,7266.0,25534.0
12818.0,7266.0,25534.0
12818.0,7266.0,25534.0
12818.0,7266.0,25534.0
12818.0,7266.0,25534.0
12818.0,7266.0,25534.0
12818.0,7266.0,25534.0
12818.0,7266.0,25534.0
12818.0,7266.0,25534.0
12818.0,7266.0,25534.0
12818.0,7266.0,25534.0
12818.0,7266.0,25534.0
12818.0,7266.0,25534.0
12818.0,7266.0,25534.0
12818.0,7266.0,25534.0
12818.0,7266.0,25534.0
12818.0,7266.0,25534.0
12818.0,7266.0,25534.0
12818.0,7266.0,25534.0
12818.0,7266.0,25534.0
12818.0,7266.0,25534.0
12818.0,7266.0,25534.0
12818.0,7266.0,25534.0
12818.0,7266.0,25534.0
12818.0,7266.0,25534.0
12818.0,7266.0,25534.0
12818.0,7266.0,25534.0
12818.0,7266.0,25534.0
12818.0,7266.0,25534.0
12818.0,7266.0,25534.0
12818.0,7266.0,25534.0
12818.0,7266.0,25534.0
12818.0,7266.0,25534.0
12818.0,7266.0,25534.0
12819.0,7266.0,25534.0
12819.0,7266.0,25534.0
12804.0,7266.0,25534.0
12804.0,7266.0,25534.0
12767.0,7266.0,25534.0
12767.0,7266.0,25534.0
12736.0,7266.0,25534.0
12736.0,7266.0,25534.0
12718.0,7266.0,25534.0
12718.0,7266.0,25534.0
12720.0,7266.0,25534.0
12720.0,7266.0,25534.0
12719.0,7266.0,25534.0
12719.0,7266.0,25534.0
12720.0,7266.0,25534.0
12720.0,7266.0,25534.0
12727.0,7266.0,25534.0
12727.0,7266.0,25534.0
12745.0,7266.0,25534.0
12745.0,7266.0,25534.0
12760.0,7266.0,25534.0
12760.0,7266.0,25534.0
12778.0,7266.0,25534.0
12778.0,7266.0,25534.0
12795.0,7266.0,25534.0
12795.0,7266.0,25534.0
12812.0,7266.0,25534.0
12812.0,7266.0,25534.0
12819.0,7266.0,25534.0
12819.0,7266.0,25534.0
12818.0,7266.0,25534.0
12818.0,7266.0,25534.0
12819.0,7266.0,25534.0
12819.0,7266.0,25534.0
12819.0,7266.0,25534.0
12819.0,7266.0,25534.0
12819.0,7266.0,25534.0
12819.0,7266.0,25534.0
12819.0,7266.0,25534.0
12819.0,7266.0,25534.0
12819.0,7266.0,25534.0
12819.0,7266.0,25534.0
12819.0,7254.0,25534.0
12819.0,7254.0,25534.0
12819.0,7222.0,25534.0
12819.0,7188.0,25534.0
12819.0,7188.0,25534.0
12819.0,7188.0,25534.0
12819.0,7167.0,25534.0
12819.0,7167.0,25534.0
12819.0,7166.0,25534.0
12819.0,7166.0,25534.0
12819.0,7166.0,25534.0
12819.0,7166.0,25534.0
12819.0,7166.0,25534.0
12819.0,7170.0,25534.0
12819.0,7170.0,25534.0
12819.0,7187.0,25534.0
12819.0,7187.0,25534.0
12819.0,7204.0,25534.0
12819.0,7204.0,25534.0
12819.0,7221.0,25534.0
12819.0,7221.0,25534.0
12819.0,7238.0,25534.0
12819.0,7238.0,25534.0
12819.0,7255.0,25534.0
12819.0,7255.0,25534.0
12819.0,7265.0,25534.0
12819.0,7265.0,25534.0
12819.0,7265.0,25534.0
12819.0,7265.0,25534.0
12819.0,7265.0,25534.0
12819.0,7265.0,25534.0
12819.0,7265.0,25534.0
12819.0,7265.0,8233.0
12819.0,7266.0,8233.0
12818.0,7266.0,8233.0
12818.0,7266.0,8233.0
12818.0,7266.0,8233.0
12818.0,7266.0,8233.0
12818.0,7266.0,8233.0
12818.0,7266.0,8233.0
12818.0,7266.0,8233.0
12818.0,7266.0,8233.0
12818.0,7266.0,8233.0
12818.0,7266.0,8233.0
12818.0,7266.0,8233.0
12818.0,7266.0,8233.0
12818.0,7266.0,8233.0
12818.0,7266.0,8233.0
12818.0,7266.0,8233.0
12818.0,7266.0,8233.0
12818.0,7266.0,8233.0
12818.0,7266.0,8233.0
12818.0,7266.0,8233.0
12818.0,7266.0,8233.0
12818.0,7266.0,8233.0
12818.0,7266.0,8233.0
12818.0,7266.0,8233.0
12818.0,7266.0,8233.0
12818.0,7266.0,8233.0
12818.0,7266.0,8233.0
12818.0,7266.0,8233.0
12818.0,7266.0,8233.0
12818.0,7266.0,8233.0
12818.0,7266.0,8233.0
12818.0,7266.0,8233.0
12818.0,7266.0,8233.0
12818.0,7266.0,8233.0
12818.0,7266.0,8233.0
12818.0,7266.0,8233.0
12818.0,7266.0,8233.0
12818.0,7266.0,8233.0
12818.0,7266.0,8233.0
12818.0,7266.0,8233.0
12818.0,7266.0,8233.0
12818.0,7266.0,8233.0
12818.0,7266.0,8233.0
12818.0,7266.0,8233.0
12818.0,7266.0,8233.0
12818.0,7266.0,8233.0
12818.0,7266.0,8233.0
12818.0,7266.0,8233.0
12818.0,7266.0,8233.0
12818.0,7266.0,8233.0
12818.0,7266.0,8233.0
12818.0,7266.0,8233.0
12818.0,7266.0,8233.0
12818.0,7266.0,8233.0
12818.0,7266.0,8233.0
12818.0,7266.0,8233.0
12818.0,7266.0,8233.0
12818.0,7266.0,8233.0
12818.0,7266.0,8233.0
12818.0,7266.0,8233.0
12818.0,7266.0,8233.0
12818.0,7266.0,8233.0
12818.0,7266.0,8233.0
12818.0,7266.0,8233.0
12818.0,7266.0,8233.0
12818.0,7266.0,8233.0
12818.0,7266.0,8233.0
12818.0,7266.0,8233.0
12818.0,7266.0,8233.0
12818.0,7266.0,8233.0
12818.0,7266.0,8233.0
12818.0,7266.0,8233.0
12818.0,7266.0,8233.0
12818.0,7266.0,8233.0
12818.0,7266.0,8233.0
12818.0,7266.0,8233.0
12818.0,7266.0,8233.0
12818.0,7266.0,8233.0
12818.0,7266.0,8233.0
12818.0,7266.0,8233.0
12818.0,7266.0,8233.0
12818.0,7266.0,8233.0
12818.0,7266.0,8233.0
12818.0,7266.0,8233.0
12818.0,7266.0,8233.0
12818.0,7266.0,8233.0
12818.0,7266.0,8233.0
12818.0,7266.0,8233.0
12818.0,7266.0,8233.0
12818.0,7266.0,8233.0
12818.0,7266.0,8233.0
12818.0,7266.0,8233.0
12818.0,7266.0,8233.0
12818.0,7266.0,8233.0
12818.0,7266.0,8233.0
12818.0,7266.0,8233.0
12818.0,7266.0,8233.0
12818.0,7266.0,8233.0
12818.0,7266.0,8233.0
12818.0,7266.0,8233.0
12818.0,7266.0,8233.0
12818.0,7266.0,8233.0
12818.0,7266.0,8233.0
12818.0,7266.0,8233.0
12818.0,7266.0,8233.0
12818.0,7266.0,8233.0
12818.0,7266.0,8233.0
12818.0,7266.0,8233.0
12818.0,7266.0,8233.0
12818.0,7266.0,8233.0
12818.0,7266.0,8233.0
12818.0,7266.0,8233.0
12818.0,7266.0,8233.0
12818.0,7266.0,8233.0
12818.0,7266.0,8233.0
12818.0,7266.0,8233.0
12818.0,7266.0,8233.0
12818.0,7266.0,8233.0
12818.0,7266.0,8233.0
12818.0,7266.0,8233.0
12818.0,7266.0,8233.0
12818.0,7266.0,8233.0
12818.0,7266.0,8233.0
12818.0,7266.0,8233.0
12818.0,7266.0,8233.0
12818.0,7266.0,8233.0
12818.0,7266.0,8233.0
12818.0,7266.0,8233.0
12818.0,7266.0,8233.0
12818.0,7266.0,8233.0
12818.0,7266.0,8233.0
12818.0,7266.0,8233.0
12818.0,7266.0,8233.0
12818.0,7266.0,8233.0
12818.0,7266.0,8233.0
12818.0,7266.0,8233.0
12818.0,7266.0,8233.0
12818.0,7266.0,8233.0
12818.0,7266.0,8233.0
12818.0,7266.0,8233.0
12818.0,7266.0,8233.0
12818.0,7266.0,8233.0
12818.0,7266.0,8233.0
12818.0,7266.0,8233.0
12818.0,7266.0,8233.0
12818.0,7266.0,8233.0
12818.0,7266.0,8233.0
12818.0,7266.0,8233.0
12818.0,7266.0,8233.0
12818.0,7266.0,8233.0
12818.0,7266.0,8233.0
12818.0,7266.0,8233.0
12818.0,7266.0,8233.0
12818.0,7266.0,8233.0
12818.0,7266.0,8233.0
12818.0,7266.0,8233.0
12818.0,7266.0,8233.0
12818.0,7266.0,8233.0
12818.0,7266.0,8233.0
12818.0,7266.0,8233.0
12818.0,7266.0,8233.0
12818.0,7266.0,8231.0
12818.0,7266.0,8231.0
12818.0,7266.0,8219.0
12818.0,7266.0,8219.0
12818.0,7266.0,8194.0
12818.0,7266.0,8194.0
12818.0,7266.0,8153.0
12818.0,7266.0,8153.0
12818.0,7266.0,8103.0
12818.0,7266.0,8103.0
12818.0,7266.0,8031.0
12818.0,7266.0,8031.0
12818.0,7266.0,7948.0
12818.0,7266.0,7948.0
12818.0,7266.0,7853.0
12818.0,7266.0,7853.0
12818.0,7266.0,7743.0
12818.0,7266.0,7743.0
12818.0,7266.0,7620.0
12818.0,7266.0,7620.0
12818.0,7266.0,7484.0
12818.0,7266.0,7484.0
12818.0,7266.0,7335.0
12818.0,7266.0,7335.0
12818.0,7266.0,7183.0
12818.0,7266.0,7183.0
12818.0,7266.0,7027.0
12818.0,7266.0,7027.0
12818.0,7266.0,6870.0
12818.0,7266.0,6870.0
12818.0,7266.0,6717.0
12818.0,7266.0,6717.0
12818.0,7266.0,6549.0
12818.0,7266.0,6549.0
12818.0,7266.0,6400.0
12818.0,7266.0,6400.0
12818.0,7266.0,6251.0
12818.0,7266.0,6251.0
12818.0,7266.0,6101.0
12818.0,7266.0,5952.0
12818.0,7266.0,5952.0
12818.0,7266.0,5793.0
12818.0,7266.0,5793.0
12818.0,7266.0,5793.0
12818.0,7266.0,5644.0
12818.0,7266.0,5644.0
12818.0,7266.0,5480.0
12818.0,7266.0,5480.0
12818.0,7266.0,5343.0
12818.0,7266.0,5343.0
12818.0,7266.0,5180.0
12818.0,7266.0,5030.0
12818.0,7266.0,5030.0
12818.0,7266.0,4863.0
12818.0,7266.0,4863.0
12818.0,7266.0,4723.0
12818.0,7266.0,4723.0
12818.0,7266.0,4564.0
12818.0,7266.0,4564.0
12818.0,7266.0,4564.0
12818.0,7266.0,4403.0
12818.0,7266.0,4250.0
12818.0,7266.0,4250.0
12818.0,7266.0,4097.0
12818.0,7266.0,4097.0
12818.0,7266.0,3938.0
12818.0,7266.0,3938.0
12818.0,7266.0,3938.0
12818.0,7266.0,3785.0
12818.0,7266.0,3627.0
12818.0,7266.0,3627.0
12818.0,7266.0,3627.0
12818.0,7266.0,3469.0
12818.0,7266.0,3469.0
12818.0,7266.0,3309.0
12818.0,7266.0,3309.0
12818.0,7266.0,3156.0
12818.0,7266.0,3156.0
12818.0,7266.0,3005.0
12818.0,7266.0,3005.0
12818.0,7266.0,2843.0
12818.0,7266.0,2843.0
12818.0,7266.0,2688.0
12818.0,7266.0,2688.0
12818.0,7266.0,2535.0
12818.0,7266.0,2535.0
12818.0,7266.0,2374.0
12818.0,7266.0,2374.0
12818.0,7266.0,2230.0
12818.0,7266.0,2230.0
12818.0,7266.0,2077.0
12818.0,7266.0,2077.0
12818.0,7266.0,1919.0
12818.0,7266.0,1919.0
12818.0,7266.0,1769.0
12818.0,7266.0,1769.0
12818.0,7266.0,1610.0
12818.0,7266.0,1610.0
12818.0,7266.0,1468.0
12818.0,7266.0,1468.0
12818.0,7266.0,1308.0
12818.0,7266.0,1308.0
12818.0,7266.0,1141.0
12818.0,7266.0,1141.0
12818.0,7266.0,995.0
12818.0,7266.0,846.0
12818.0,7266.0,846.0
12818.0,7266.0,846.0
12818.0,7266.0,693.0
12818.0,7266.0,693.0
12818.0,7266.0,538.0
12818.0,7266.0,538.0
12818.0,7266.0,382.0
12818.0,7266.0,382.0
12818.0,7266.0,223.0
12818.0,7266.0,223.0
12818.0,7266.0,69.0
12818.0,7266.0,69.0
12818.0,7266.0,-84.0
12818.0,7266.0,-84.0
12818.0,7266.0,-237.0
12818.0,7266.0,-237.0
12818.0,7266.0,-397.0
12818.0,7266.0,-397.0
12818.0,7266.0,-552.0
12818.0,7266.0,-552.0
12818.0,7266.0,-707.0
12818.0,7266.0,-707.0
12818.0,7266.0,-859.0
12818.0,7266.0,-859.0
12818.0,7266.0,-1013.0
12818.0,7266.0,-1013.0
12818.0,7266.0,-1167.0
12818.0,7266.0,-1167.0
12818.0,7266.0,-1327.0
12818.0,7266.0,-1327.0
12818.0,7266.0,-1477.0
12818.0,7266.0,-1477.0
12818.0,7266.0,-1638.0
12818.0,7266.0,-1638.0
12818.0,7266.0,-1789.0
12818.0,7266.0,-1789.0
12818.0,7266.0,-1939.0
12818.0,7266.0,-1939.0
12818.0,7266.0,-2097.0
12818.0,7266.0,-2097.0
12818.0,7266.0,-2241.0
12818.0,7266.0,-2241.0
12818.0,7266.0,-2402.0
12818.0,7266.0,-2402.0
12818.0,7266.0,-2544.0
12818.0,7266.0,-2544.0
12818.0,7266.0,-2700.0
12818.0,7266.0,-2700.0
12818.0,7266.0,-2851.0
12818.0,7266.0,-2851.0
12818.0,7266.0,-3006.0
12818.0,7266.0,-3006.0
12818.0,7266.0,-3161.0
12818.0,7266.0,-3161.0
12818.0,7266.0,-3309.0
12818.0,7266.0,-3309.0
12818.0,7266.0,-3468.0
12818.0,7266.0,-3468.0
12818.0,7266.0,-3624.0
12818.0,7266.0,-3624.0
12818.0,7266.0,-3780.0
12818.0,7266.0,-3780.0
12818.0,7266.0,-3929.0
12818.0,7266.0,-3929.0
12818.0,7266.0,-4086.0
12818.0,7266.0,-4086.0
12818.0,7266.0,-4245.0
12818.0,7266.0,-4245.0
12818.0,7266.0,-4401.0
12818.0,7266.0,-4401.0
12818.0,7266.0,-4559.0
12818.0,7266.0,-4559.0
12818.0,7266.0,-4711.0
12818.0,7266.0,-4711.0
12818.0,7266.0,-4869.0
12818.0,7266.0,-4869.0
12818.0,7266.0,-5025.0
12818.0,7266.0,-5179.0
12818.0,7266.0,-5179.0
12818.0,7266.0,-5179.0
12818.0,7266.0,-5338.0
12818.0,7266.0,-5492.0
12818.0,7266.0,-5492.0
12818.0,7266.0,-5492.0
12818.0,7266.0,-5649.0
12818.0,7266.0,-5649.0
12818.0,7266.0,-5806.0
12818.0,7266.0,-5806.0
12818.0,7266.0,-5959.0
12818.0,7266.0,-5959.0
12818.0,7266.0,-6119.0
12818.0,7266.0,-6119.0
12818.0,7266.0,-6267.0
12818.0,7266.0,-6267.0
12818.0,7266.0,-6427.0
12818.0,7266.0,-6427.0
12818.0,7266.0,-6586.0
12818.0,7266.0,-6586.0
12818.0,7266.0,-6725.0
12818.0,7266.0,-6725.0
12818.0,7266.0,-6878.0
12818.0,7266.0,-6878.0
12818.0,7266.0,-7030.0
12818.0,7266.0,-7030.0
12818.0,7266.0,-7191.0
12818.0,7266.0,-7191.0
12818.0,7266.0,-7347.0
12818.0,7266.0,-7347.0
12818.0,7266.0,-7499.0
12818.0,7266.0,-7499.0
12818.0,7266.0,-7638.0
12818.0,7266.0,-7638.0
12818.0,7266.0,-7799.0
12818.0,7266.0,-7799.0
12818.0,7266.0,-7799.0
12818.0,7266.0,-7950.0
12818.0,7266.0,-8099.0
12818.0,7266.0,-8099.0
12818.0,7266.0,-8257.0
12818.0,7266.0,-8257.0
12818.0,7266.0,-8411.0
12818.0,7266.0,-8411.0
12818.0,7266.0,-8570.0
12818.0,7266.0,-8570.0
12818.0,7266.0,-8726.0
12818.0,7266.0,-8726.0
12818.0,7266.0,-8876.0
12818.0,7266.0,-8876.0
12818.0,7266.0,-9032.0
12818.0,7266.0,-9032.0
12818.0,7266.0,-9189.0
12818.0,7266.0,-9189.0
12818.0,7266.0,-9345.0
12818.0,7266.0,-9345.0
12818.0,7266.0,-9506.0
12818.0,7266.0,-9506.0
12818.0,7266.0,-9663.0
12818.0,7266.0,-9818.0
12818.0,7266.0,-9818.0
12818.0,7266.0,-9818.0
12818.0,7266.0,-9970.0
12818.0,7266.0,-9970.0
12818.0,7266.0,-10119.0
12818.0,7266.0,-10278.0
12818.0,7266.0,-10278.0
12818.0,7266.0,-10439.0
12818.0,7266.0,-10439.0
12818.0,7266.0,-10439.0
12818.0,7266.0,-10589.0
12818.0,7266.0,-10589.0
12818.0,7266.0,-10744.0
12818.0,7266.0,-10744.0
12818.0,7266.0,-10889.0
12818.0,7266.0,-10889.0
12818.0,7266.0,-11061.0
12818.0,7266.0,-11191.0
12818.0,7266.0,-11191.0
12818.0,7266.0,-11191.0
12818.0,7266.0,-11361.0
12818.0,7266.0,-11512.0
12818.0,7266.0,-11512.0
12818.0,7266.0,-11666.0
12818.0,7266.0,-11666.0
12818.0,7266.0,-11666.0
12818.0,7266.0,-11811.0
12818.0,7266.0,-11811.0
12818.0,7266.0,-11974.0
12818.0,7266.0,-12115.0
12818.0,7266.0,-12115.0
12818.0,7266.0,-12115.0
12818.0,7266.0,-12276.0
12818.0,7266.0,-12276.0
12818.0,7266.0,-12431.0
12818.0,7266.0,-12582.0
12818.0,7266.0,-12582.0
12818.0,7266.0,-12747.0
12818.0,7266.0,-12747.0
12818.0,7266.0,-12901.0
12818.0,7266.0,-12901.0
12818.0,7266.0,-13052.0
12818.0,7266.0,-13052.0
12818.0,7266.0,-13209.0
12818.0,7266.0,-13209.0
12818.0,7266.0,-13209.0
12818.0,7266.0,-13369.0
12818.0,7266.0,-13369.0
12818.0,7266.0,-13524.0
12818.0,7266.0,-13524.0
12818.0,7266.0,-13677.0
12818.0,7266.0,-13829.0
12818.0,7266.0,-13829.0
12818.0,7266.0,-13829.0
12818.0,7266.0,-13985.0
12818.0,7266.0,-14139.0
12818.0,7266.0,-14139.0
12818.0,7266.0,-14298.0
12818.0,7266.0,-14298.0
12818.0,7266.0,-14298.0
12818.0,7266.0,-14451.0
12818.0,7266.0,-14451.0
12818.0,7266.0,-14613.0
12818.0,7266.0,-14757.0
12818.0,7266.0,-14757.0
12818.0,7266.0,-14923.0
12818.0,7266.0,-14923.0
12818.0,7266.0,-14923.0
12818.0,7266.0,-15075.0
12818.0,7266.0,-15075.0
12818.0,7266.0,-15225.0
12818.0,7266.0,-15225.0
12818.0,7266.0,-15372.0
12818.0,7266.0,-15372.0
12818.0,7266.0,-15524.0
12818.0,7266.0,-15524.0
12818.0,7266.0,-15672.0
12818.0,7266.0,-15672.0
12818.0,7266.0,-15800.0
12818.0,7266.0,-15800.0
12818.0,7266.0,-15954.0
12818.0,7266.0,-15954.0
12818.0,7266.0,-16104.0
12818.0,7266.0,-16269.0
12818.0,7266.0,-16269.0
12818.0,7266.0,-16269.0
12818.0,7266.0,-16424.0
12818.0,7266.0,-16567.0
12818.0,7266.0,-16567.0
12818.0,7266.0,-16567.0
12818.0,7266.0,-16721.0
12818.0,7266.0,-16875.0
12818.0,7266.0,-16875.0
12818.0,7266.0,-17031.0
12818.0,7266.0,-17031.0
12818.0,7266.0,-17031.0
12818.0,7266.0,-17186.0
12818.0,7266.0,-17348.0
12818.0,7266.0,-17348.0
12818.0,7266.0,-17348.0
12818.0,7266.0,-17501.0
12818.0,7266.0,-17501.0
12818.0,7266.0,-17658.0
12818.0,7266.0,-17658.0
12818.0,7266.0,-17810.0
12818.0,7266.0,-17810.0
12818.0,7266.0,-17968.0
12818.0,7266.0,-18120.0
12818.0,7266.0,-18120.0
12818.0,7266.0,-18120.0
12818.0,7266.0,-18273.0
12818.0,7266.0,-18273.0
12818.0,7266.0,-18425.0
12818.0,7266.0,-18425.0
12818.0,7266.0,-18578.0
12818.0,7266.0,-18733.0
12818.0,7266.0,-18733.0
12818.0,7266.0,-18733.0
12818.0,7266.0,-18889.0
12818.0,7266.0,-18889.0
12818.0,7266.0,-19042.0
12818.0,7266.0,-19042.0
12818.0,7266.0,-19197.0
12818.0,7266.0,-19197.0
12818.0,7266.0,-19360.0
12818.0,7266.0,-19360.0
12818.0,7266.0,-19515.0
12818.0,7266.0,-19515.0
12818.0,7266.0,-19654.0
12818.0,7266.0,-19654.0
12818.0,7266.0,-19817.0
12818.0,7266.0,-19817.0
12818.0,7266.0,-19973.0
12818.0,7266.0,-19973.0
12818.0,7266.0,-20115.0
12818.0,7266.0,-20115.0
12818.0,7266.0,-20264.0
12818.0,7266.0,-20264.0
12818.0,7266.0,-20425.0
12818.0,7266.0,-20425.0
12818.0,7266.0,-20583.0
12818.0,7266.0,-20583.0
12818.0,7266.0,-20726.0
12818.0,7266.0,-20726.0
12818.0,7266.0,-20873.0
12818.0,7266.0,-20873.0
12818.0,7266.0,-21040.0
12818.0,7266.0,-21040.0
12818.0,7266.0,-21198.0
12818.0,7266.0,-21198.0
12818.0,7266.0,-21350.0
12818.0,7266.0,-21502.0
12818.0,7266.0,-21502.0
12818.0,7266.0,-21502.0
12818.0,7266.0,-21659.0
12818.0,7266.0,-21659.0
12818.0,7266.0,-21817.0
12818.0,7266.0,-21817.0
12818.0,7266.0,-21973.0
12818.0,7266.0,-21973.0
12818.0,7266.0,-22128.0
12818.0,7266.0,-22128.0
12818.0,7266.0,-22289.0
12818.0,7266.0,-22289.0
12818.0,7266.0,-22448.0
12818.0,7266.0,-22448.0
12818.0,7266.0,-22601.0
12818.0,7266.0,-22601.0
12818.0,7266.0,-22757.0
12818.0,7266.0,-22757.0
12818.0,7266.0,-22907.0
12818.0,7266.0,-22907.0
12818.0,7266.0,-23072.0
12818.0,7266.0,-23072.0
12818.0,7266.0,-23221.0
12818.0,7266.0,-23221.0
12818.0,7266.0,-23384.0
12818.0,7266.0,-23384.0
12818.0,7266.0,-23540.0
12818.0,7266.0,-23695.0
12818.0,7266.0,-23695.0
12818.0,7266.0,-23695.0
12818.0,7266.0,-23718.0
12818.0,7266.0,-23718.0
12818.0,7266.0,-23713.0
12818.0,7266.0,-23713.0
12818.0,7266.0,-23709.0
12818.0,7266.0,-23709.0
12818.0,7266.0,-23709.0
12818.0,7266.0,-23709.0
12818.0,7266.0,-23700.0
12818.0,7266.0,-23700.0
12818.0,7266.0,-23663.0
12818.0,7266.0,-23663.0
12818.0,7266.0,-23604.0
12818.0,7266.0,-23604.0
12818.0,7266.0,-23550.0
12818.0,7266.0,-23550.0
12818.0,7266.0,-23477.0
12818.0,7266.0,-23477.0
12818.0,7266.0,-23401.0
12818.0,7266.0,-23401.0
12818.0,7266.0,-23282.0
12818.0,7266.0,-23282.0
12818.0,7266.0,-23171.0
12818.0,7266.0,-23042.0
12818.0,7266.0,-23042.0
12818.0,7266.0,-23042.0
12818.0,7266.0,-22909.0
12818.0,7266.0,-22909.0
12818.0,7266.0,-22753.0
12818.0,7266.0,-22753.0
12818.0,7266.0,-22602.0
12818.0,7266.0,-22602.0
12818.0,7266.0,-22450.0
12818.0,7266.0,-22450.0
12818.0,7266.0,-22293.0
12818.0,7266.0,-22293.0
12818.0,7266.0,-22140.0
12818.0,7266.0,-21988.0
12818.0,7266.0,-21988.0
12818.0,7266.0,-21988.0
12818.0,7266.0,-21830.0
12818.0,7266.0,-21830.0
12818.0,7266.0,-21673.0
12818.0,7266.0,-21673.0
12818.0,7266.0,-21522.0
12818.0,7266.0,-21522.0
12818.0,7266.0,-21362.0
12818.0,7266.0,-21201.0
12818.0,7266.0,-21201.0
12818.0,7266.0,-21201.0
12818.0,7266.0,-21053.0
12818.0,7266.0,-21053.0
12818.0,7266.0,-20901.0
12818.0,7266.0,-20901.0
12818.0,7266.0,-20753.0
12818.0,7266.0,-20753.0
12818.0,7266.0,-20591.0
12818.0,7266.0,-20591.0
12818.0,7266.0,-20457.0
12818.0,7266.0,-20303.0
12818.0,7266.0,-20303.0
12818.0,7266.0,-20149.0
12818.0,7266.0,-20149.0
12818.0,7266.0,-19980.0
12818.0,7266.0,-19980.0
12818.0,7266.0,-19828.0
12818.0,7266.0,-19828.0
12818.0,7266.0,-19682.0
12818.0,7266.0,-19682.0
12818.0,7266.0,-19682.0
12818.0,7266.0,-19542.0
12818.0,7266.0,-19395.0
12818.0,7266.0,-19395.0
12818.0,7266.0,-19239.0
12818.0,7266.0,-19239.0
12818.0,7266.0,-19239.0
12818.0,7266.0,-19080.0
12818.0,7266.0,-19080.0
12818.0,7266.0,-18924.0
12818.0,7266.0,-18773.0
12818.0,7266.0,-18773.0
12818.0,7266.0,-18620.0
12818.0,7266.0,-18620.0
12818.0,7266.0,-18465.0
12818.0,7266.0,-18465.0
12818.0,7266.0,-18308.0
12818.0,7266.0,-18308.0
12818.0,7266.0,-18308.0
12818.0,7266.0,-18151.0
12818.0,7266.0,-18151.0
12818.0,7266.0,-17999.0
12818.0,7266.0,-17840.0
12818.0,7266.0,-17840.0
12818.0,7266.0,-17681.0
12818.0,7266.0,-17681.0
12818.0,7266.0,-17681.0
12818.0,7266.0,-17527.0
12818.0,7266.0,-17527.0
12818.0,7266.0,-17366.0
12818.0,7266.0,-17213.0
12818.0,7266.0,-17213.0
12818.0,7266.0,-17213.0
12818.0,7266.0,-17053.0
12818.0,7266.0,-17053.0
12818.0,7266.0,-16897.0
12818.0,7266.0,-16897.0
12818.0,7266.0,-16744.0
12818.0,7266.0,-16744.0
12818.0,7266.0,-16598.0
12818.0,7266.0,-16598.0
12818.0,7266.0,-16458.0
12818.0,7266.0,-16458.0
12818.0,7266.0,-16299.0
12818.0,7266.0,-16299.0
12818.0,7266.0,-16131.0
12818.0,7266.0,-16131.0
12818.0,7266.0,-15981.0
12818.0,7266.0,-15981.0
12818.0,7266.0,-15833.0
12818.0,7266.0,-15833.0
12818.0,7266.0,-15679.0
12818.0,7266.0,-15679.0
12818.0,7266.0,-15517.0
12818.0,7266.0,-15517.0
12818.0,7266.0,-15363.0
12818.0,7266.0,-15363.0
12818.0,7266.0,-15220.0
12818.0,7266.0,-15220.0
12818.0,7266.0,-15069.0
12818.0,7266.0,-15069.0
12818.0,7266.0,-14919.0
12818.0,7266.0,-14919.0
12818.0,7266.0,-14770.0
12818.0,7266.0,-14770.0
12818.0,7266.0,-14616.0
12818.0,7266.0,-14616.0
12818.0,7266.0,-14465.0
12818.0,7266.0,-14465.0
12818.0,7266.0,-14316.0
12818.0,7266.0,-14316.0
12818.0,7266.0,-14155.0
12818.0,7266.0,-14155.0
12818.0,7266.0,-13997.0
12818.0,7266.0,-13997.0
12818.0,7266.0,-13841.0
12818.0,7266.0,-13841.0
12818.0,7266.0,-13695.0
12818.0,7266.0,-13695.0
12818.0,7266.0,-13549.0
12818.0,7266.0,-13549.0
12818.0,7266.0,-13392.0
12818.0,7266.0,-13392.0
12818.0,7266.0,-13234.0
12818.0,7266.0,-13234.0
12818.0,7266.0,-13090.0
12818.0,7266.0,-13090.0
12818.0,7266.0,-12959.0
12818.0,7266.0,-12959.0
12818.0,7266.0,-12840.0
12818.0,7266.0,-12840.0
12818.0,7266.0,-12731.0
12818.0,7266.0,-12731.0
12818.0,7266.0,-12636.0
12818.0,7266.0,-12636.0
12818.0,7266.0,-12548.0
12818.0,7266.0,-12548.0
12818.0,7266.0,-12496.0
12818.0,7266.0,-12496.0
12818.0,7266.0,-12436.0
12818.0,7266.0,-12387.0
12818.0,7266.0,-12387.0
12818.0,7266.0,-12387.0
12818.0,7266.0,-12368.0
12818.0,7266.0,-12354.0
12818.0,7266.0,-12354.0
12818.0,7266.0,-12354.0
12818.0,7266.0,-12341.0
12818.0,7266.0,-12345.0
12818.0,7266.0,-12345.0
12818.0,7266.0,-12345.0
12818.0,7266.0,-12345.0
12818.0,7266.0,-12345.0
12818.0,7266.0,-12368.0
12818.0,7266.0,-12388.0
12818.0,7266.0,-12388.0
12818.0,7266.0,-12388.0
12818.0,7266.0,-12421.0
12818.0,7266.0,-12421.0
12818.0,7266.0,-12478.0
12818.0,7266.0,-12478.0
12818.0,7266.0,-12552.0
12818.0,7266.0,-12552.0
12818.0,7266.0,-12632.0
12818.0,7266.0,-12632.0
12818.0,7266.0,-12701.0
12818.0,7266.0,-12701.0
12818.0,7266.0,-12775.0
12818.0,7266.0,-12775.0
12818.0,7266.0,-12855.0
12818.0,7266.0,-12855.0
12818.0,7266.0,-12939.0
12818.0,7266.0,-12939.0
12818.0,7266.0,-13009.0
12818.0,7266.0,-13009.0
12818.0,7266.0,-13094.0
12818.0,7266.0,-13094.0
12818.0,7266.0,-13177.0
12818.0,7266.0,-13177.0
12818.0,7266.0,-13257.0
12818.0,7266.0,-13257.0
12818.0,7266.0,-13345.0
12818.0,7266.0,-13345.0
12818.0,7266.0,-13414.0
12818.0,7266.0,-13414.0
12818.0,7266.0,-13493.0
12818.0,7266.0,-13493.0
12818.0,7266.0,-13574.0
12818.0,7266.0,-13574.0
12818.0,7266.0,-13648.0
12818.0,7266.0,-13648.0
12818.0,7266.0,-13736.0
12818.0,7266.0,-13736.0
12818.0,7266.0,-13810.0
12818.0,7266.0,-13810.0
12818.0,7266.0,-13888.0
12818.0,7266.0,-13888.0
12818.0,7266.0,-13970.0
12818.0,7266.0,-13970.0
12818.0,7266.0,-14041.0
12818.0,7266.0,-14041.0
12818.0,7266.0,-14126.0
12818.0,7266.0,-14126.0
12818.0,7266.0,-14206.0
12818.0,7266.0,-14206.0
12818.0,7266.0,-14288.0
12818.0,7266.0,-14288.0
12818.0,7266.0,-14366.0
12818.0,7266.0,-14366.0
12818.0,7266.0,-14445.0
12818.0,7266.0,-14445.0
12818.0,7266.0,-14526.0
12818.0,7266.0,-14526.0
12818.0,7266.0,-14605.0
12818.0,7266.0,-14605.0
12818.0,7266.0,-14689.0
12818.0,7266.0,-14689.0
12818.0,7266.0,-14758.0
12818.0,7266.0,-14758.0
12818.0,7266.0,-14830.0
12818.0,7266.0,-14830.0
12818.0,7266.0,-14913.0
12818.0,7266.0,-14913.0
12818.0,7266.0,-14991.0
12818.0,7266.0,-14991.0
12818.0,7266.0,-15064.0
12818.0,7266.0,-15064.0
12818.0,7266.0,-15156.0
12818.0,7266.0,-15156.0
12818.0,7266.0,-15229.0
12818.0,7266.0,-15229.0
12818.0,7266.0,-15316.0
12818.0,7266.0,-15316.0
12818.0,7266.0,-15396.0
12818.0,7266.0,-15477.0
12818.0,7266.0,-15477.0
12818.0,7266.0,-15477.0
12818.0,7266.0,-15538.0
12818.0,7266.0,-15538.0
12818.0,7266.0,-15625.0
12818.0,7266.0,-15625.0
12818.0,7266.0,-15702.0
12818.0,7266.0,-15702.0
12818.0,7266.0,-15769.0
12818.0,7266.0,-15769.0
12818.0,7266.0,-15843.0
12818.0,7266.0,-15843.0
12818.0,7266.0,-15921.0
12818.0,7266.0,-15921.0
12818.0,7266.0,-16010.0
12818.0,7266.0,-16010.0
12818.0,7266.0,-16092.0
12818.0,7266.0,-16092.0
12818.0,7266.0,-16162.0
12818.0,7266.0,-16162.0
12818.0,7266.0,-16244.0
12818.0,7266.0,-16244.0
12818.0,7266.0,-16325.0
12818.0,7266.0,-16325.0
12818.0,7266.0,-16392.0
12818.0,7266.0,-16392.0
12818.0,7266.0,-16487.0
12818.0,7266.0,-16487.0
12818.0,7266.0,-16556.0
12818.0,7266.0,-16556.0
12818.0,7266.0,-16646.0
12818.0,7266.0,-16714.0
12818.0,7266.0,-16714.0
12818.0,7266.0,-16714.0
12818.0,7266.0,-16795.0
12818.0,7266.0,-16795.0
12818.0,7266.0,-16862.0
12818.0,7266.0,-16862.0
12818.0,7266.0,-16949.0
12818.0,7266.0,-16949.0
12818.0,7266.0,-17026.0
12818.0,7266.0,-17026.0
12818.0,7266.0,-17103.0
12818.0,7266.0,-17103.0
12818.0,7266.0,-17191.0
12818.0,7266.0,-17191.0
12818.0,7266.0,-17261.0
12818.0,7266.0,-17261.0
12818.0,7266.0,-17351.0
12818.0,7266.0,-17351.0
12818.0,7266.0,-17433.0
12818.0,7266.0,-17433.0
12818.0,7266.0,-17433.0
12818.0,7266.0,-17510.0
12818.0,7266.0,-17592.0
12818.0,7266.0,-17592.0
12818.0,7266.0,-17664.0
12818.0,7266.0,-17664.0
12818.0,7266.0,-17745.0
12818.0,7266.0,-17745.0
12818.0,7266.0,-17831.0
12818.0,7266.0,-17831.0
12818.0,7266.0,-17903.0
12818.0,7266.0,-17903.0
12818.0,7266.0,-17987.0
12818.0,7266.0,-17987.0
12818.0,7266.0,-18064.0
12818.0,7266.0,-18064.0
12818.0,7266.0,-18148.0
12818.0,7266.0,-18148.0
12818.0,7266.0,-18231.0
12818.0,7266.0,-18231.0
12818.0,7266.0,-18300.0
12818.0,7266.0,-18300.0
12818.0,7266.0,-18386.0
12818.0,7266.0,-18386.0
12818.0,7266.0,-18465.0
12818.0,7266.0,-18465.0
12818.0,7266.0,-18547.0
12818.0,7266.0,-18547.0
12818.0,7266.0,-18628.0
12818.0,7266.0,-18628.0
12818.0,7266.0,-18699.0
12818.0,7266.0,-18699.0
12818.0,7266.0,-18782.0
12818.0,7266.0,-18782.0
12818.0,7266.0,-18864.0
12818.0,7266.0,-18864.0
12818.0,7266.0,-18933.0
12818.0,7266.0,-18933.0
12818.0,7266.0,-19015.0
12818.0,7266.0,-19015.0
12818.0,7266.0,-19101.0
12818.0,7266.0,-19101.0
12818.0,7266.0,-19170.0
12818.0,7266.0,-19170.0
12818.0,7266.0,-19247.0
12818.0,7266.0,-19247.0
12818.0,7266.0,-19329.0
12818.0,7266.0,-19329.0
12818.0,7266.0,-19400.0
12818.0,7266.0,-19400.0
12818.0,7266.0,-19494.0
12818.0,7266.0,-19494.0
12818.0,7266.0,-19565.0
12818.0,7266.0,-19565.0
12818.0,7266.0,-19644.0
12818.0,7266.0,-19644.0
12818.0,7266.0,-19728.0
12818.0,7266.0,-19728.0
12818.0,7266.0,-19793.0
12818.0,7266.0,-19876.0
12818.0,7266.0,-19876.0
12818.0,7266.0,-19876.0
12818.0,7266.0,-19959.0
12818.0,7266.0,-19959.0
12818.0,7266.0,-20036.0
12818.0,7266.0,-20036.0
12818.0,7266.0,-20114.0
12818.0,7266.0,-20114.0
12818.0,7266.0,-20189.0
12818.0,7266.0,-20189.0
12818.0,7266.0,-20267.0
12818.0,7266.0,-20267.0
12818.0,7266.0,-20346.0
12818.0,7266.0,-20346.0
12818.0,7266.0,-20411.0
12818.0,7266.0,-20411.0
12818.0,7266.0,-20493.0
12818.0,7266.0,-20493.0
12818.0,7266.0,-20564.0
12818.0,7266.0,-20564.0
12818.0,7266.0,-20656.0
12818.0,7266.0,-20656.0
12818.0,7266.0,-20730.0
12818.0,7266.0,-20730.0
12818.0,7266.0,-20803.0
12818.0,7266.0,-20803.0
12818.0,7266.0,-20880.0
12818.0,7266.0,-20880.0
12818.0,7266.0,-20966.0
12818.0,7266.0,-20966.0
12818.0,7266.0,-21045.0
12818.0,7266.0,-21130.0
12818.0,7266.0,-21130.0
12818.0,7266.0,-21130.0
12818.0,7266.0,-21196.0
12818.0,7266.0,-21196.0
12818.0,7266.0,-21274.0
12818.0,7266.0,-21274.0
12818.0,7266.0,-21361.0
12818.0,7266.0,-21361.0
12818.0,7266.0,-21437.0
12818.0,7266.0,-21437.0
12818.0,7266.0,-21523.0
12818.0,7266.0,-21523.0
12818.0,7266.0,-21604.0
12818.0,7266.0,-21604.0
12818.0,7266.0,-21676.0
12818.0,7266.0,-21676.0
12818.0,7266.0,-21753.0
12818.0,7266.0,-21753.0
12818.0,7266.0,-21836.0
12818.0,7266.0,-21907.0
12818.0,7266.0,-21907.0
12818.0,7266.0,-21907.0
12818.0,7266.0,-21985.0
12818.0,7266.0,-21985.0
12818.0,7266.0,-22063.0
12818.0,7266.0,-22063.0
12818.0,7266.0,-22137.0
12818.0,7266.0,-22137.0
12818.0,7266.0,-22223.0
12818.0,7266.0,-22223.0
12818.0,7266.0,-22306.0
12818.0,7266.0,-22389.0
12818.0,7266.0,-22389.0
12818.0,7266.0,-22465.0
12818.0,7266.0,-22465.0
12818.0,7266.0,-22537.0
12818.0,7266.0,-22537.0
12818.0,7266.0,-22537.0
12818.0,7266.0,-22623.0
12818.0,7266.0,-22623.0
12818.0,7266.0,-22699.0
12818.0,7266.0,-22777.0
12818.0,7266.0,-22777.0
12818.0,7266.0,-22858.0
12818.0,7266.0,-22858.0
12818.0,7266.0,-22858.0
12818.0,7266.0,-22929.0
12818.0,7266.0,-22929.0
12818.0,7266.0,-23015.0
12818.0,7266.0,-23015.0
12818.0,7266.0,-23096.0
12818.0,7266.0,-23177.0
12818.0,7266.0,-23177.0
12818.0,7266.0,-23177.0
12818.0,7266.0,-23251.0
12818.0,7266.0,-23334.0
12818.0,7266.0,-23334.0
12818.0,7266.0,-23334.0
12818.0,7266.0,-23416.0
12818.0,7266.0,-23416.0
12818.0,7266.0,-23486.0
12818.0,7266.0,-23486.0
12818.0,7266.0,-23571.0
12818.0,7266.0,-23571.0
12818.0,7266.0,-23653.0
12818.0,7266.0,-23653.0
12818.0,7266.0,-23733.0
12818.0,7266.0,-23733.0
12818.0,7266.0,-23796.0
12818.0,7266.0,-23820.0
12818.0,7266.0,-23820.0
12818.0,7266.0,-23817.0
12818.0,7266.0,-23817.0
12818.0,7266.0,532.0
12818.0,7266.0,532.0
12818.0,7266.0,532.0
12818.0,7266.0,532.0
12818.0,7266.0,532.0
12818.0,7266.0,532.0
12818.0,7266.0,532.0
12818.0,7266.0,532.0
12818.0,7266.0,532.0
12818.0,7266.0,532.0
12818.0,7266.0,532.0
12818.0,7266.0,532.0
12818.0,7266.0,532.0
12818.0,7266.0,532.0
12818.0,7266.0,532.0
12818.0,7266.0,532.0
12818.0,7266.0,532.0
12818.0,7266.0,532.0
12818.0,7266.0,532.0
12818.0,7266.0,532.0
12818.0,7266.0,532.0
12818.0,7266.0,532.0
12818.0,7266.0,532.0
12818.0,7266.0,532.0
12818.0,7266.0,532.0
12818.0,7266.0,532.0
12818.0,7266.0,532.0
12818.0,7266.0,532.0
12818.0,7266.0,532.0
12818.0,7266.0,532.0
12818.0,7266.0,532.0
12818.0,7266.0,532.0
12818.0,7266.0,532.0
12818.0,7266.0,532.0
12818.0,7266.0,532.0
12818.0,7266.0,532.0
12818.0,7266.0,532.0
12818.0,7266.0,532.0
12818.0,7266.0,532.0
12818.0,7266.0,532.0
12818.0,7266.0,532.0
12818.0,7266.0,532.0
12818.0,7266.0,532.0
12818.0,7266.0,532.0
12818.0,7266.0,532.0
12818.0,7266.0,532.0
12818.0,7266.0,532.0
12818.0,7266.0,532.0
12818.0,7266.0,532.0
12818.0,7266.0,532.0
12818.0,7266.0,532.0
12818.0,7266.0,532.0
12818.0,7266.0,532.0
12818.0,7266.0,532.0
12818.0,7266.0,532.0
12818.0,7266.0,532.0
12818.0,7266.0,532.0
12818.0,7266.0,532.0
12818.0,7266.0,532.0
12818.0,7266.0,532.0
12818.0,7266.0,532.0
12818.0,7266.0,532.0
12818.0,7266.0,532.0
12818.0,7266.0,532.0
12818.0,7266.0,532.0
12818.0,7266.0,532.0
12818.0,7266.0,532.0
12818.0,7266.0,532.0
12818.0,7266.0,532.0
12818.0,7266.0,532.0
12818.0,7266.0,532.0
12818.0,7266.0,532.0
12818.0,7266.0,532.0
12818.0,7266.0,532.0
12818.0,7266.0,532.0
12818.0,7266.0,532.0
12818.0,7266.0,532.0
12818.0,7266.0,532.0
12818.0,7266.0,532.0
12818.0,7266.0,532.0
12818.0,7266.0,532.0
12818.0,7266.0,532.0
12818.0,7266.0,532.0
12818.0,7266.0,532.0
12818.0,7266.0,532.0
12818.0,7266.0,532.0
12818.0,7266.0,532.0
12818.0,7266.0,532.0
12818.0,7266.0,532.0
12818.0,7266.0,532.0
12818.0,7266.0,532.0
12818.0,7266.0,532.0
12818.0,7266.0,532.0
12818.0,7266.0,532.0
12818.0,7266.0,532.0
12818.0,7266.0,532.0
12818.0,7266.0,532.0
12818.0,7266.0,532.0
12818.0,7266.0,532.0
12818.0,7266.0,532.0
12818.0,7266.0,532.0
12818.0,7266.0,532.0
12818.0,7266.0,532.0
12818.0,7266.0,532.0
12818.0,7266.0,532.0
12818.0,7266.0,532.0
12818.0,7266.0,532.0
12818.0,7266.0,532.0
12818.0,7266.0,532.0
12818.0,7266.0,532.0
12818.0,7266.0,532.0
12818.0,7266.0,532.0
12818.0,7266.0,532.0
12818.0,7266.0,532.0
12818.0,7266.0,532.0
12818.0,7266.0,532.0
12818.0,7266.0,532.0
12818.0,7266.0,532.0
12818.0,7266.0,532.0
12818.0,7266.0,532.0
12818.0,7266.0,532.0
12818.0,7266.0,532.0
12818.0,7266.0,532.0
12818.0,7266.0,532.0
12818.0,7266.0,532.0
12818.0,7266.0,532.0
12818.0,7266.0,532.0
12818.0,7266.0,532.0
12818.0,7266.0,532.0
12818.0,7266.0,532.0
12818.0,7266.0,532.0
12818.0,7266.0,532.0
12818.0,7266.0,532.0
12818.0,7266.0,532.0
12818.0,7266.0,532.0
12818.0,7266.0,532.0
12818.0,7266.0,532.0
12818.0,7266.0,532.0
12818.0,7266.0,532.0
12818.0,7266.0,532.0
12818.0,7266.0,532.0
12818.0,7266.0,532.0
12818.0,7266.0,532.0
12818.0,7266.0,532.0
12818.0,7266.0,532.0
12818.0,7266.0,532.0
12818.0,7266.0,532.0
12818.0,7266.0,532.0
12818.0,7266.0,532.0
12818.0,7266.0,532.0
12818.0,7266.0,532.0
12818.0,7266.0,532.0
12818.0,7266.0,532.0
12818.0,7266.0,532.0
12818.0,7266.0,532.0
12818.0,7266.0,532.0
12818.0,7266.0,532.0
12818.0,7266.0,532.0
12818.0,7266.0,532.0
12818.0,7266.0,532.0
12818.0,7266.0,532.0
12818.0,7266.0,532.0
12818.0,7266.0,532.0
12818.0,7266.0,532.0
12818.0,7266.0,532.0
12818.0,7266.0,532.0
12818.0,7266.0,532.0
12818.0,7266.0,532.0
12818.0,7266.0,532.0
12818.0,7266.0,532.0
12818.0,7266.0,532.0
12818.0,7266.0,532.0
12818.0,7266.0,532.0
12818.0,7266.0,532.0
12818.0,7266.0,532.0
12818.0,7266.0,532.0
12818.0,7266.0,532.0
12818.0,7266.0,532.0
12818.0,7266.0,532.0
12818.0,7266.0,532.0
12818.0,7266.0,532.0
12818.0,7266.0,532.0
12818.0,7266.0,532.0
12818.0,7266.0,531.0
12818.0,7266.0,531.0
12818.0,7266.0,531.0
12818.0,7266.0,531.0
12818.0,7266.0,531.0
12818.0,7266.0,531.0
12818.0,7266.0,531.0
12818.0,7266.0,531.0
12818.0,7266.0,531.0
12818.0,7266.0,531.0
12818.0,7266.0,531.0
12818.0,7266.0,531.0
12818.0,7266.0,531.0
12818.0,7266.0,531.0
12818.0,7266.0,531.0
12818.0,7266.0,531.0
12818.0,7266.0,531.0
12818.0,7266.0,531.0
12818.0,7266.0,531.0
12818.0,7266.0,531.0
12818.0,7266.0,531.0
12818.0,7266.0,531.0
12818.0,7266.0,531.0
12818.0,7266.0,531.0
12818.0,7266.0,531.0
12818.0,7266.0,531.0
12818.0,7266.0,531.0
12818.0,7266.0,531.0
12818.0,7266.0,531.0
12818.0,7266.0,531.0
12818.0,7266.0,531.0
12818.0,7266.0,531.0
12818.0,7266.0,531.0
12818.0,7266.0,531.0
12818.0,7266.0,531.0
12818.0,7266.0,531.0
12818.0,7266.0,531.0
12818.0,7266.0,531.0
12818.0,7266.0,531.0
12818.0,7266.0,531.0
12818.0,7266.0,531.0
12818.0,7266.0,531.0
12818.0,7266.0,531.0
12818.0,7266.0,531.0
12818.0,7266.0,531.0
12818.0,7266.0,531.0
12818.0,7266.0,531.0
12818.0,7266.0,531.0
12818.0,7266.0,531.0
12818.0,7266.0,531.0
12818.0,7266.0,531.0
12818.0,7266.0,531.0
12818.0,7266.0,531.0
12818.0,7266.0,531.0
12818.0,7266.0,531.0
12818.0,7266.0,531.0
12818.0,7266.0,531.0
12818.0,7266.0,531.0
12818.0,7266.0,531.0
12818.0,7266.0,531.0
12818.0,7266.0,531.0
12818.0,7266.0,531.0
12818.0,7266.0,531.0
12818.0,7266.0,531.0
12818.0,7266.0,531.0
12818.0,7266.0,531.0
12818.0,7266.0,531.0
12818.0,7266.0,531.0
12818.0,7266.0,531.0
12818.0,7266.0,531.0
12818.0,7266.0,531.0
12818.0,7266.0,531.0
12818.0,7266.0,531.0
12818.0,7266.0,531.0
12818.0,7266.0,531.0
12818.0,7266.0,531.0
12818.0,7266.0,531.0
12818.0,7266.0,531.0
12818.0,7266.0,531.0
12818.0,7266.0,531.0
12818.0,7266.0,531.0
12818.0,7266.0,531.0
12818.0,7266.0,531.0
12818.0,7266.0,531.0
12818.0,7266.0,531.0
12818.0,7266.0,531.0
12818.0,7266.0,531.0
12818.0,7266.0,531.0
12818.0,7266.0,531.0
12818.0,7266.0,531.0
12818.0,7266.0,531.0
12818.0,7266.0,531.0
12818.0,7266.0,531.0
12818.0,7266.0,531.0
12818.0,7266.0,531.0
12818.0,7266.0,531.0
12818.0,7266.0,531.0
12818.0,7266.0,531.0
12818.0,7266.0,531.0
12818.0,7266.0,531.0
12818.0,7266.0,531.0
12818.0,7266.0,531.0
12818.0,7266.0,531.0
12818.0,7266.0,531.0
12818.0,7266.0,531.0
12818.0,7266.0,531.0
12818.0,7266.0,531.0
12818.0,7266.0,531.0
12818.0,7266.0,531.0
12818.0,7266.0,531.0
12818.0,7266.0,531.0
12818.0,7266.0,531.0
12818.0,7266.0,531.0
12818.0,7266.0,531.0
12818.0,7266.0,531.0
12818.0,7266.0,531.0
12818.0,7266.0,531.0
12818.0,7266.0,531.0
12818.0,7266.0,531.0
12818.0,7266.0,531.0
12818.0,7266.0,531.0
12818.0,7266.0,531.0
12818.0,7266.0,531.0
12818.0,7266.0,531.0
12818.0,7266.0,531.0
12818.0,7266.0,531.0
12818.0,7266.0,531.0
12818.0,7266.0,531.0
12818.0,7266.0,531.0
12818.0,7266.0,531.0
12818.0,7266.0,531.0
12818.0,7266.0,531.0
12818.0,7266.0,531.0
12818.0,7266.0,531.0
12818.0,7266.0,531.0
12818.0,7266.0,531.0
12818.0,7266.0,531.0
12818.0,7266.0,531.0
12818.0,7266.0,531.0
12818.0,7266.0,531.0
12818.0,7266.0,531.0
12818.0,7266.0,531.0
12818.0,7266.0,531.0
12818.0,7266.0,531.0
12818.0,7266.0,531.0
12818.0,7266.0,531.0
12818.0,7266.0,531.0
12818.0,7266.0,531.0
12818.0,7266.0,531.0
12818.0,7266.0,531.0
12818.0,7266.0,531.0
12818.0,7266.0,531.0
12818.0,7266.0,531.0
12818.0,7266.0,531.0
12818.0,7266.0,531.0
12818.0,7266.0,531.0
12818.0,7266.0,531.0
12818.0,7266.0,531.0
12818.0,7266.0,531.0
12818.0,7266.0,531.0
12818.0,7266.0,531.0
12818.0,7266.0,531.0
12818.0,7266.0,531.0
12818.0,7266.0,531.0
12818.0,7266.0,531.0
12818.0,7266.0,531.0
12818.0,7266.0,531.0
12818.0,7266.0,531.0
12818.0,7266.0,531.0
12818.0,7266.0,531.0
12818.0,7266.0,531.0
12818.0,7266.0,531.0
12818.0,7266.0,531.0
12818.0,7266.0,531.0
12818.0,7266.0,531.0
12818.0,7266.0,531.0
12818.0,7266.0,531.0
12818.0,7266.0,531.0
12818.0,7266.0,531.0
12818.0,7266.0,531.0
12818.0,7266.0,531.0
12818.0,7266.0,531.0
12818.0,7266.0,531.0
12818.0,7266.0,531.0
12818.0,7266.0,531.0
12818.0,7266.0,531.0
12818.0,7266.0,531.0
12818.0,7266.0,531.0
12818.0,7266.0,531.0
12818.0,7266.0,531.0
12818.0,7266.0,531.0
12818.0,7266.0,531.0
12818.0,7266.0,531.0
12818.0,7266.0,531.0
12818.0,7266.0,531.0
12818.0,7266.0,531.0
12818.0,7266.0,531.0
12818.0,7266.0,531.0
12818.0,7266.0,531.0
12818.0,7266.0,531.0
12818.0,7266.0,531.0
12818.0,7266.0,531.0
12818.0,7266.0,531.0
12818.0,7266.0,531.0
12818.0,7266.0,531.0
12818.0,7266.0,531.0
12818.0,7266.0,531.0
12818.0,7266.0,531.0
12818.0,7266.0,531.0
12818.0,7266.0,531.0
12818.0,7266.0,531.0
12818.0,7266.0,531.0
12818.0,7266.0,531.0
12818.0,7266.0,531.0
12818.0,7266.0,531.0
12818.0,7266.0,531.0
12818.0,7266.0,531.0
12818.0,7266.0,531.0
12818.0,7266.0,531.0
12818.0,7266.0,531.0
12818.0,7266.0,531.0
12818.0,7266.0,531.0
12818.0,7266.0,531.0
12818.0,7266.0,531.0
12818.0,7266.0,531.0
12818.0,7266.0,531.0
12818.0,7266.0,531.0
12818.0,7266.0,531.0
12818.0,7266.0,531.0
12818.0,7266.0,531.0
12818.0,7266.0,531.0
12818.0,7266.0,531.0
12818.0,7266.0,531.0
12818.0,7266.0,531.0
12818.0,7266.0,531.0
12818.0,7266.0,531.0
12818.0,7266.0,531.0
12818.0,7266.0,531.0
12818.0,7266.0,531.0
12818.0,7266.0,531.0
12818.0,7266.0,531.0
12818.0,7266.0,531.0
12818.0,7266.0,531.0
12818.0,7266.0,531.0
12818.0,7266.0,531.0
12818.0,7266.0,531.0
12818.0,7266.0,531.0
12818.0,7266.0,531.0
12818.0,7266.0,531.0
12818.0,7266.0,531.0
12818.0,7266.0,531.0
12818.0,7266.0,531.0
12818.0,7266.0,531.0
12818.0,7266.0,531.0
12818.0,7266.0,531.0
12818.0,7266.0,531.0
12818.0,7266.0,531.0
12818.0,7266.0,531.0
12818.0,7266.0,531.0
12818.0,7266.0,531.0
12818.0,7266.0,531.0
12818.0,7266.0,531.0
12818.0,7266.0,531.0
12818.0,7266.0,531.0
12818.0,7266.0,531.0
12818.0,7266.0,531.0
12818.0,7266.0,531.0
12818.0,7266.0,531.0
12818.0,7266.0,531.0
12818.0,7266.0,531.0
12818.0,7266.0,531.0
12818.0,7266.0,531.0
12818.0,7266.0,531.0
12818.0,7266.0,531.0
12818.0,7266.0,531.0
12818.0,7266.0,531.0
12818.0,7266.0,531.0
12818.0,7266.0,531.0
12818.0,7266.0,531.0
12818.0,7266.0,531.0
12818.0,7266.0,531.0
12818.0,7266.0,531.0
12818.0,7266.0,531.0
12818.0,7266.0,531.0
12818.0,7266.0,531.0
12818.0,7266.0,531.0
12818.0,7266.0,531.0
12818.0,7266.0,531.0
12818.0,7266.0,531.0
12818.0,7266.0,531.0
12818.0,7266.0,531.0
12818.0,7266.0,531.0
12818.0,7266.0,531.0
12818.0,7266.0,531.0
12818.0,7266.0,531.0
12818.0,7266.0,531.0
12818.0,7266.0,531.0
12818.0,7266.0,531.0
12818.0,7266.0,531.0
12818.0,7266.0,531.0
12818.0,7266.0,531.0
12818.0,7266.0,531.0
12818.0,7266.0,531.0
12818.0,7266.0,531.0
12818.0,7266.0,531.0
12818.0,7266.0,531.0
12818.0,7266.0,531.0
12818.0,7266.0,531.0
12818.0,7266.0,531.0
12818.0,7266.0,531.0
12818.0,7266.0,531.0
12818.0,7266.0,531.0
12818.0,7266.0,531.0
12818.0,7266.0,531.0
12818.0,7266.0,531.0
12818.0,7266.0,531.0
12818.0,7266.0,531.0
12818.0,7266.0,531.0
12818.0,7266.0,531.0
12818.0,7266.0,531.0
12818.0,7266.0,531.0
12818.0,7266.0,531.0
12818.0,7266.0,531.0
12818.0,7266.0,531.0
12818.0,7266.0,531.0
12818.0,7266.0,531.0
12818.0,7266.0,531.0
12818.0,7266.0,531.0
12818.0,7266.0,531.0
12818.0,7266.0,531.0
12818.0,7266.0,531.0
12818.0,7266.0,531.0
12818.0,7266.0,531.0
12818.0,7266.0,531.0
12818.0,7266.0,531.0
12818.0,7266.0,531.0
12818.0,7266.0,531.0
12818.0,7266.0,531.0
12818.0,7266.0,531.0
12818.0,7266.0,531.0
12818.0,7266.0,531.0
12818.0,7266.0,531.0
12818.0,7266.0,531.0
12818.0,7266.0,531.0
12818.0,7266.0,531.0
12818.0,7266.0,531.0
12818.0,7266.0,531.0
12818.0,7266.0,531.0
12818.0,7266.0,531.0
12818.0,7266.0,531.0
12818.0,7266.0,531.0
12818.0,7266.0,531.0
12818.0,7266.0,531.0
12818.0,7266.0,531.0
12818.0,7266.0,531.0
12818.0,7266.0,531.0
12818.0,7266.0,531.0
12818.0,7266.0,531.0
12818.0,7266.0,531.0
12818.0,7266.0,531.0
12818.0,7266.0,531.0
12818.0,7266.0,531.0
12818.0,7266.0,531.0
12818.0,7266.0,531.0
12818.0,7266.0,531.0
12818.0,7266.0,531.0
12818.0,7266.0,531.0
12818.0,7266.0,531.0
12818.0,7266.0,531.0
12818.0,7266.0,531.0
12818.0,7266.0,531.0
12818.0,7266.0,531.0
12818.0,7266.0,531.0
12818.0,7266.0,531.0
12818.0,7266.0,531.0
12818.0,7266.0,531.0
12818.0,7266.0,531.0
12818.0,7266.0,531.0
12818.0,7266.0,531.0
12818.0,7266.0,531.0
12818.0,7266.0,531.0
12818.0,7266.0,531.0
12818.0,7266.0,531.0
12818.0,7266.0,531.0
12818.0,7266.0,531.0
12818.0,7266.0,531.0
12818.0,7266.0,531.0
12818.0,7266.0,531.0
12818.0,7266.0,531.0
12818.0,7266.0,531.0
12818.0,7266.0,531.0
12818.0,7266.0,531.0
12818.0,7266.0,531.0
12818.0,7266.0,531.0
12818.0,7266.0,531.0
12818.0,7266.0,531.0
12818.0,7266.0,531.0
12818.0,7266.0,531.0
12818.0,7266.0,531.0
12818.0,7266.0,531.0
12818.0,7266.0,531.0
12818.0,7266.0,531.0
12818.0,7266.0,531.0
12818.0,7266.0,531.0
12818.0,7266.0,531.0
12818.0,7266.0,531.0
12818.0,7266.0,531.0
12818.0,7266.0,531.0
12818.0,7266.0,531.0
12818.0,7266.0,531.0
12818.0,7266.0,531.0
12818.0,7266.0,531.0
12818.0,7266.0,531.0
12818.0,7266.0,531.0
12818.0,7266.0,531.0
12818.0,7266.0,531.0
12818.0,7266.0,531.0
12818.0,7266.0,531.0
12818.0,7266.0,531.0
12818.0,7266.0,531.0
12818.0,7266.0,531.0
12818.0,7266.0,531.0
12818.0,7266.0,531.0
12818.0,7266.0,531.0
12818.0,7266.0,531.0
12818.0,7266.0,531.0
12818.0,7266.0,531.0
12818.0,7266.0,531.0
12818.0,7266.0,531.0
12818.0,7266.0,531.0
12818.0,7266.0,531.0
12818.0,7266.0,531.0
12818.0,7266.0,531.0
12818.0,7266.0,531.0
12818.0,7266.0,531.0
12818.0,7266.0,531.0
12818.0,7266.0,531.0
12818.0,7266.0,531.0
12818.0,7266.0,531.0
12818.0,7266.0,531.0
12818.0,7266.0,531.0
12818.0,7266.0,531.0
12818.0,7266.0,531.0
12818.0,7266.0,531.0
12818.0,7266.0,531.0
12818.0,7266.0,531.0
12818.0,7266.0,531.0
12818.0,7266.0,531.0
12818.0,7266.0,531.0
12818.0,7266.0,531.0
12818.0,7266.0,531.0
12818.0,7266.0,531.0
12818.0,7266.0,531.0
12818.0,7266.0,531.0
12818.0,7266.0,531.0
12818.0,7266.0,531.0
12818.0,7266.0,531.0
12818.0,7266.0,531.0
12818.0,7266.0,531.0
12818.0,7266.0,531.0
12818.0,7266.0,531.0
12818.0,7266.0,531.0
12818.0,7266.0,531.0
12818.0,7266.0,531.0
12818.0,7266.0,531.0
12818.0,7266.0,531.0
12818.0,7266.0,531.0
12818.0,7266.0,531.0
12818.0,7266.0,531.0
12818.0,7266.0,531.0
12818.0,7266.0,531.0
12818.0,7266.0,531.0
12818.0,7266.0,531.0
12818.0,7266.0,531.0
12818.0,7266.0,531.0
12818.0,7266.0,531.0
12818.0,7266.0,531.0
12818.0,7266.0,531.0
12818.0,7266.0,531.0
12818.0,7266.0,531.0
12818.0,7266.0,531.0
12818.0,7266.0,531.0
12818.0,7266.0,531.0
12818.0,7266.0,531.0
12818.0,7266.0,531.0
12818.0,7266.0,531.0
12818.0,7266.0,531.0
12818.0,7266.0,531.0
12818.0,7266.0,531.0
12818.0,7266.0,531.0
12818.0,7266.0,531.0
12818.0,7266.0,531.0
12818.0,7266.0,531.0
12818.0,7266.0,531.0
12818.0,7266.0,531.0
12818.0,7266.0,531.0
12818.0,7266.0,531.0
12818.0,7266.0,531.0
12818.0,7266.0,531.0
12818.0,7266.0,531.0
12818.0,7266.0,531.0
12818.0,7266.0,531.0
12818.0,7266.0,531.0
12818.0,7266.0,531.0
12818.0,7266.0,531.0
12818.0,7266.0,531.0
12818.0,7266.0,531.0
12818.0,7266.0,531.0
12818.0,7266.0,531.0
12818.0,7266.0,531.0
12818.0,7266.0,531.0
12818.0,7266.0,531.0
12818.0,7266.0,531.0
12818.0,7266.0,531.0
12818.0,7266.0,531.0
12818.0,7266.0,531.0
12818.0,7266.0,531.0
12818.0,7266.0,531.0
12818.0,7266.0,531.0
12818.0,7266.0,531.0
12818.0,7266.0,531.0
12818.0,7266.0,531.0
12818.0,7266.0,531.0
12818.0,7266.0,531.0
12818.0,7266.0,531.0
12818.0,7266.0,531.0
12818.0,7266.0,531.0
12818.0,7266.0,531.0
12818.0,7266.0,531.0
12818.0,7266.0,531.0
12818.0,7266.0,531.0
12818.0,7266.0,531.0
12818.0,7266.0,531.0
12818.0,7266.0,531.0
12818.0,7266.0,531.0
12818.0,7266.0,531.0
12818.0,7266.0,531.0
12818.0,7266.0,531.0
12818.0,7266.0,531.0
12818.0,7266.0,531.0
12818.0,7266.0,531.0
12818.0,7266.0,531.0
12818.0,7266.0,531.0
12818.0,7266.0,531.0
12818.0,7266.0,531.0
12818.0,7266.0,531.0
12818.0,7266.0,531.0
12818.0,7266.0,531.0
12818.0,7266.0,531.0
12818.0,7266.0,531.0
12818.0,7266.0,531.0
12818.0,7266.0,531.0
12818.0,7266.0,531.0
12818.0,7266.0,531.0
12818.0,7266.0,531.0
12818.0,7266.0,531.0
12818.0,7266.0,531.0
12818.0,7266.0,531.0
12818.0,7266.0,531.0
12818.0,7266.0,531.0
12818.0,7266.0,531.0
12818.0,7266.0,531.0
12818.0,7266.0,531.0
12818.0,7266.0,531.0
12818.0,7266.0,531.0
12818.0,7266.0,531.0
12818.0,7266.0,531.0
12818.0,7266.0,531.0
12818.0,7266.0,531.0
12818.0,7266.0,531.0
12818.0,7266.0,531.0
12818.0,7266.0,531.0
12818.0,7266.0,531.0
12818.0,7266.0,531.0
12818.0,7266.0,531.0
12818.0,7266.0,531.0
12818.0,7266.0,531.0
12818.0,7266.0,531.0
12818.0,7266.0,531.0
12818.0,7266.0,531.0
12818.0,7266.0,531.0
12818.0,7266.0,531.0
12818.0,7266.0,531.0
12818.0,7266.0,531.0
12818.0,7266.0,531.0
12818.0,7266.0,531.0
12818.0,7266.0,531.0
12818.0,7266.0,531.0
12818.0,7266.0,531.0
12818.0,7266.0,531.0
12818.0,7266.0,531.0
12818.0,7266.0,531.0
12818.0,7266.0,531.0
12818.0,7266.0,531.0
12818.0,7266.0,531.0
12818.0,7266.0,531.0
12818.0,7266.0,531.0
12818.0,7266.0,531.0
12818.0,7266.0,531.0
12818.0,7266.0,531.0
12818.0,7266.0,531.0
12818.0,7266.0,531.0
12818.0,7266.0,531.0
12818.0,7266.0,531.0
12818.0,7266.0,531.0
12818.0,7266.0,531.0
12818.0,7266.0,531.0
12818.0,7266.0,531.0
12818.0,7266.0,531.0
12818.0,7266.0,531.0
12818.0,7266.0,531.0
12818.0,7266.0,531.0
12818.0,7266.0,531.0
12818.0,7266.0,531.0
12818.0,7266.0,531.0
12818.0,7266.0,531.0
12818.0,7266.0,531.0
12818.0,7266.0,531.0
12818.0,7266.0,531.0
12818.0,7266.0,531.0
12818.0,7266.0,531.0
12818.0,7266.0,531.0
12818.0,7266.0,531.0
12818.0,7266.0,531.0
12818.0,7266.0,531.0
12818.0,7266.0,531.0
12818.0,7266.0,531.0
12818.0,7266.0,531.0
12818.0,7266.0,531.0
12818.0,7266.0,531.0
12818.0,7266.0,531.0
12818.0,7266.0,531.0
12818.0,7266.0,531.0
12818.0,7266.0,531.0
12818.0,7266.0,531.0
12818.0,7266.0,531.0
12818.0,7266.0,531.0
12818.0,7266.0,531.0
12818.0,7266.0,531.0
12818.0,7266.0,531.0
12818.0,7266.0,531.0
12818.0,7266.0,531.0
12818.0,7266.0,531.0
12818.0,7266.0,531.0
12818.0,7266.0,531.0
12818.0,7266.0,531.0
12818.0,7266.0,531.0
12818.0,7266.0,531.0
12818.0,7266.0,531.0
12818.0,7266.0,531.0
12818.0,7266.0,531.0
12818.0,7266.0,531.0
12818.0,7266.0,531.0
12818.0,7266.0,531.0
12818.0,7266.0,531.0
12818.0,7266.0,531.0
12818.0,7266.0,531.0
12818.0,7266.0,531.0
12818.0,7266.0,531.0
12818.0,7266.0,531.0
12818.0,7266.0,531.0
12818.0,7266.0,531.0
12818.0,7266.0,531.0
12818.0,7266.0,531.0
12818.0,7266.0,531.0
12818.0,7266.0,531.0
12818.0,7266.0,531.0
12818.0,7266.0,531.0
12818.0,7266.0,531.0
12818.0,7266.0,531.0
12818.0,7266.0,531.0
12818.0,7266.0,531.0
12818.0,7266.0,531.0
12818.0,7266.0,531.0
12818.0,7266.0,531.0
12818.0,7266.0,531.0
12818.0,7266.0,531.0
12818.0,7266.0,531.0
12818.0,7266.0,531.0
12818.0,7266.0,531.0
12818.0,7266.0,531.0
12818.0,7266.0,531.0
12818.0,7266.0,531.0
12818.0,7266.0,531.0
12818.0,7266.0,531.0
12818.0,7266.0,531.0
12818.0,7266.0,531.0
12818.0,7266.0,531.0
12818.0,7266.0,531.0
12818.0,7266.0,531.0
12818.0,7266.0,531.0
12818.0,7266.0,531.0
12818.0,7266.0,531.0
12818.0,7266.0,531.0
12818.0,7266.0,531.0
12818.0,7266.0,531.0
12818.0,7266.0,531.0
12818.0,7266.0,531.0
12818.0,7266.0,531.0
12818.0,7266.0,531.0
12818.0,7266.0,531.0
12818.0,7266.0,531.0
12818.0,7266.0,531.0
12818.0,7266.0,531.0
12818.0,7266.0,531.0
12818.0,7266.0,531.0
12818.0,7266.0,531.0
12818.0,7266.0,531.0
12818.0,7266.0,531.0
12818.0,7266.0,531.0
12818.0,7266.0,531.0
12818.0,7266.0,531.0
12818.0,7266.0,531.0
12818.0,7266.0,531.0
12818.0,7266.0,531.0
12818.0,7266.0,531.0
12818.0,7266.0,531.0
12818.0,7266.0,531.0
12818.0,7266.0,531.0
12818.0,7266.0,531.0
12818.0,7266.0,531.0
12818.0,7266.0,531.0
12818.0,7266.0,531.0
12818.0,7266.0,531.0
12818.0,7266.0,531.0
12818.0,7266.0,531.0
12818.0,7266.0,531.0
12818.0,7266.0,531.0
12818.0,7266.0,531.0
12818.0,7266.0,531.0
12818.0,7266.0,531.0
12818.0,7266.0,531.0
12818.0,7266.0,536.0
12818.0,7266.0,536.0
12818.0,7266.0,584.0
12818.0,7266.0,584.0
12818.0,7266.0,615.0
12818.0,7266.0,615.0
12818.0,7266.0,673.0
12818.0,7266.0,673.0
12818.0,7266.0,742.0
12818.0,7266.0,742.0
12818.0,7266.0,821.0
12818.0,7266.0,821.0
12818.0,7266.0,931.0
12818.0,7266.0,931.0
12818.0,7266.0,1037.0
12818.0,7266.0,1037.0
12818.0,7266.0,1162.0
12818.0,7266.0,1162.0
12818.0,7266.0,1300.0
12818.0,7266.0,1300.0
12818.0,7266.0,1446.0
12818.0,7266.0,1446.0
12818.0,7266.0,1600.0
12818.0,7266.0,1600.0
12818.0,7266.0,1755.0
12818.0,7266.0,1755.0
12818.0,7266.0,1907.0
12818.0,7266.0,1907.0
12818.0,7266.0,2067.0
12818.0,7266.0,2067.0
12818.0,7266.0,2228.0
12818.0,7266.0,2228.0
12818.0,7266.0,2381.0
12818.0,7266.0,2381.0
12818.0,7266.0,2536.0
12818.0,7266.0,2536.0
12818.0,7266.0,2694.0
12818.0,7266.0,2849.0
12818.0,7266.0,2849.0
12818.0,7266.0,2849.0
12818.0,7266.0,3007.0
12818.0,7266.0,3007.0
12818.0,7266.0,3163.0
12818.0,7266.0,3163.0
12818.0,7266.0,3319.0
12818.0,7266.0,3319.0
12818.0,7266.0,3468.0
12818.0,7266.0,3468.0
12818.0,7266.0,3624.0
12818.0,7266.0,3788.0
12818.0,7266.0,3788.0
12818.0,7266.0,3788.0
12818.0,7266.0,3941.0
12818.0,7266.0,3941.0
12818.0,7266.0,4081.0
12818.0,7266.0,4081.0
12818.0,7266.0,4237.0
12818.0,7266.0,4237.0
12818.0,7266.0,4392.0
12818.0,7266.0,4556.0
12818.0,7266.0,4556.0
12818.0,7266.0,4556.0
12818.0,7266.0,4699.0
12818.0,7266.0,4699.0
12818.0,7266.0,4851.0
12818.0,7266.0,4851.0
12818.0,7266.0,5007.0
12818.0,7266.0,5007.0
12818.0,7266.0,5164.0
12818.0,7266.0,5325.0
12818.0,7266.0,5325.0
12818.0,7266.0,5325.0
12818.0,7266.0,5476.0
12818.0,7266.0,5476.0
12818.0,7266.0,5626.0
12818.0,7266.0,5626.0
12818.0,7266.0,5774.0
12818.0,7266.0,5774.0
12818.0,7266.0,5932.0
12818.0,7266.0,5932.0
12818.0,7266.0,6089.0
12818.0,7266.0,6089.0
12818.0,7266.0,6243.0
12818.0,7266.0,6243.0
12818.0,7266.0,6391.0
12818.0,7266.0,6391.0
12818.0,7266.0,6543.0
12818.0,7266.0,6543.0
12818.0,7266.0,6702.0
12818.0,7266.0,6702.0
12818.0,7266.0,6860.0
12818.0,7266.0,6860.0
12818.0,7266.0,7014.0
12818.0,7266.0,7014.0
12818.0,7266.0,7172.0
12818.0,7266.0,7172.0
12818.0,7266.0,7324.0
12818.0,7266.0,7324.0
12818.0,7266.0,7473.0
12818.0,7266.0,7473.0
12818.0,7266.0,7630.0
12818.0,7266.0,7630.0
12818.0,7266.0,7784.0
12818.0,7266.0,7784.0
12818.0,7266.0,7945.0
12818.0,7266.0,7945.0
12818.0,7266.0,8092.0
12818.0,7266.0,8092.0
12818.0,7266.0,8251.0
12818.0,7266.0,8251.0
12818.0,7266.0,8405.0
12818.0,7266.0,8405.0
12818.0,7266.0,8558.0
12818.0,7266.0,8722.0
12818.0,7266.0,8722.0
12818.0,7266.0,8722.0
12818.0,7266.0,8868.0
12818.0,7266.0,8868.0
12818.0,7266.0,9016.0
12818.0,7266.0,9127.0
12818.0,7266.0,9127.0
12818.0,7266.0,9127.0
12818.0,7266.0,9240.0
12818.0,7266.0,9240.0
12818.0,7266.0,9337.0
12818.0,7266.0,9420.0
12818.0,7266.0,9420.0
12818.0,7266.0,9420.0
12818.0,7266.0,9490.0
12818.0,7266.0,9556.0
12818.0,7266.0,9556.0
12818.0,7266.0,9556.0
12818.0,7266.0,9601.0
12818.0,7266.0,9631.0
12818.0,7266.0,9631.0
12818.0,7266.0,9631.0
12818.0,7266.0,9650.0
12818.0,7266.0,9650.0
12818.0,7266.0,9656.0
12818.0,7266.0,9656.0
12818.0,7266.0,9657.0
12818.0,7266.0,9657.0
12818.0,7266.0,9657.0
12818.0,7266.0,9657.0
12818.0,7266.0,9657.0
12818.0,7266.0,9657.0
12818.0,7266.0,9657.0
12818.0,7266.0,9657.0
12818.0,7266.0,9657.0
12818.0,7266.0,9657.0
12817.0,7266.0,9657.0
12797.0,7266.0,9657.0
12797.0,7266.0,9657.0
12797.0,7266.0,9657.0
12760.0,7266.0,9657.0
12730.0,7266.0,9657.0
12730.0,7266.0,9657.0
12730.0,7266.0,9657.0
12717.0,7266.0,9657.0
12717.0,7266.0,9657.0
12719.0,7266.0,9657.0
12719.0,7266.0,9657.0
12718.0,7266.0,9657.0
12718.0,7266.0,9657.0
12719.0,7266.0,9657.0
12719.0,7266.0,9657.0
12729.0,7266.0,9657.0
12729.0,7266.0,9657.0
12747.0,7266.0,9657.0
12747.0,7266.0,9657.0
12763.0,7266.0,9657.0
12763.0,7266.0,9657.0
12781.0,7266.0,9657.0
12781.0,7266.0,9657.0
12798.0,7266.0,9657.0
12798.0,7266.0,9657.0
12814.0,7266.0,9657.0
12818.0,7266.0,9657.0
12818.0,7266.0,9657.0
12818.0,7266.0,9657.0
12817.0,7266.0,9657.0
12817.0,7266.0,9657.0
12817.0,7266.0,9657.0
12818.0,7266.0,9657.0
12818.0,7266.0,9657.0
12818.0,7266.0,9657.0
12818.0,7266.0,9657.0
12818.0,7266.0,9657.0
12817.0,7266.0,9657.0
12817.0,7266.0,9657.0
12817.0,7266.0,9657.0
12817.0,7266.0,9657.0
12817.0,7249.0,9657.0
12817.0,7214.0,9657.0
12817.0,7214.0,9657.0
12817.0,7182.0,9657.0
12817.0,7182.0,9657.0
12817.0,7166.0,9657.0
12817.0,7166.0,9657.0
12817.0,7167.0,9657.0
12817.0,7167.0,9657.0
12817.0,7167.0,9657.0
12817.0,7167.0,9657.0
12817.0,7167.0,9657.0
12818.0,7167.0,9657.0
12818.0,7175.0,9657.0
12818.0,7175.0,9657.0
12818.0,7192.0,9657.0
12818.0,7192.0,9657.0
12818.0,7209.0,9657.0
12818.0,7209.0,9657.0
12818.0,7226.0,9657.0
12818.0,7226.0,9657.0
12818.0,7243.0,9657.0
12818.0,7243.0,9657.0
12818.0,7260.0,9657.0
12818.0,7260.0,9657.0
12818.0,7267.0,9657.0
12818.0,7267.0,9657.0
12818.0,7267.0,9657.0
12818.0,7267.0,9657.0
12818.0,7267.0,9657.0
12818.0,7267.0,9657.0
12818.0,7267.0,9657.0
12818.0,7267.0,9663.0
12818.0,7267.0,9663.0
12818.0,7267.0,9681.0
12818.0,7267.0,9681.0
12818.0,7267.0,9713.0
12818.0,7267.0,9713.0
12818.0,7267.0,9759.0
12818.0,7267.0,9759.0
12818.0,7267.0,9827.0
12818.0,7267.0,9827.0
12818.0,7267.0,9892.0
12818.0,7267.0,9892.0
12818.0,7267.0,9978.0
12818.0,7267.0,9978.0
12818.0,7267.0,10084.0
12818.0,7267.0,10084.0
12818.0,7267.0,10199.0
12818.0,7267.0,10199.0
12818.0,7267.0,10329.0
12818.0,7267.0,10329.0
12818.0,7267.0,10466.0
12818.0,7267.0,10466.0
12818.0,7267.0,10619.0
12818.0,7267.0,10619.0
12818.0,7267.0,10774.0
12818.0,7267.0,10774.0
12818.0,7267.0,10929.0
12818.0,7267.0,10929.0
12818.0,7267.0,11086.0
12818.0,7267.0,11086.0
12818.0,7267.0,11243.0
12818.0,7267.0,11243.0
12818.0,7267.0,11400.0
12818.0,7267.0,11400.0
12818.0,7267.0,11556.0
12818.0,7267.0,11711.0
12818.0,7267.0,11711.0
12818.0,7267.0,11711.0
12818.0,7267.0,11870.0
12818.0,7267.0,11870.0
12818.0,7267.0,12026.0
12818.0,7267.0,12026.0
12818.0,7267.0,12179.0
12818.0,7267.0,12345.0
12818.0,7267.0,12345.0
12818.0,7267.0,12345.0
12818.0,7267.0,12492.0
12818.0,7267.0,12492.0
12818.0,7267.0,12645.0
12818.0,7267.0,12645.0
12818.0,7267.0,12793.0
12818.0,7267.0,12793.0
12818.0,7267.0,12970.0
12818.0,7267.0,12970.0
12818.0,7267.0,13124.0
12818.0,7267.0,13124.0
12818.0,7267.0,13267.0
12818.0,7267.0,13267.0
12818.0,7267.0,13401.0
12818.0,7267.0,13401.0
12818.0,7267.0,13544.0
12818.0,7267.0,13544.0
12818.0,7267.0,13697.0
12818.0,7267.0,13697.0
12818.0,7267.0,13846.0
12818.0,7267.0,13846.0
12818.0,7267.0,13992.0
12818.0,7267.0,14132.0
12818.0,7267.0,14132.0
12818.0,7267.0,14132.0
12818.0,7267.0,14290.0
12818.0,7267.0,14290.0
12818.0,7267.0,14446.0
12818.0,7267.0,14446.0
12818.0,7267.0,14597.0
12818.0,7267.0,14597.0
12818.0,7267.0,14754.0
12818.0,7267.0,14909.0
12818.0,7267.0,14909.0
12818.0,7267.0,14909.0
12818.0,7267.0,15067.0
12818.0,7267.0,15228.0
12818.0,7267.0,15228.0
12818.0,7267.0,15228.0
12818.0,7267.0,15378.0
12818.0,7267.0,15378.0
12818.0,7267.0,15528.0
12818.0,7267.0,15528.0
12818.0,7267.0,15681.0
12818.0,7267.0,15681.0
12818.0,7267.0,15834.0
12818.0,7267.0,15834.0
12818.0,7267.0,15992.0
12818.0,7267.0,15992.0
12818.0,7267.0,16147.0
12818.0,7267.0,16147.0
12818.0,7267.0,16301.0
12818.0,7267.0,16301.0
12818.0,7267.0,16469.0
12818.0,7267.0,16469.0
12818.0,7267.0,16604.0
12818.0,7267.0,16604.0
12818.0,7267.0,16751.0
12818.0,7267.0,16751.0
12818.0,7267.0,16917.0
12818.0,7267.0,16917.0
12818.0,7267.0,17059.0
12818.0,7267.0,17059.0
12818.0,7267.0,17203.0
12818.0,7267.0,17353.0
12818.0,7267.0,17353.0
12818.0,7267.0,17353.0
12818.0,7267.0,17512.0
12818.0,7267.0,17512.0
12818.0,7267.0,17670.0
12818.0,7267.0,17670.0
12818.0,7267.0,17831.0
12818.0,7267.0,17831.0
12818.0,7267.0,17978.0
12818.0,7267.0,17978.0
12818.0,7267.0,18133.0
12818.0,7267.0,18133.0
12818.0,7267.0,18292.0
12818.0,7267.0,18292.0
12818.0,7267.0,18444.0
12818.0,7267.0,18444.0
12818.0,7267.0,18596.0
12818.0,7267.0,18596.0
12818.0,7267.0,18751.0
12818.0,7267.0,18751.0
12818.0,7267.0,18911.0
12818.0,7267.0,18911.0
12818.0,7267.0,19066.0
12818.0,7267.0,19066.0
12818.0,7267.0,19217.0
12818.0,7267.0,19217.0
12818.0,7267.0,19370.0
12818.0,7267.0,19370.0
12818.0,7267.0,19528.0
12818.0,7267.0,19528.0
12818.0,7267.0,19683.0
12818.0,7267.0,19683.0
12818.0,7267.0,19838.0
12818.0,7267.0,19838.0
12818.0,7267.0,19994.0
12818.0,7267.0,19994.0
12818.0,7267.0,20145.0
12818.0,7267.0,20145.0
12818.0,7267.0,20295.0
12818.0,7267.0,20295.0
12818.0,7267.0,20448.0
12818.0,7267.0,20448.0
12818.0,7267.0,20448.0
12818.0,7267.0,20597.0
12818.0,7267.0,20752.0
12818.0,7267.0,20752.0
12818.0,7267.0,20911.0
12818.0,7267.0,20911.0
12818.0,7267.0,21057.0
12818.0,7267.0,21057.0
12818.0,7267.0,21210.0
12818.0,7267.0,21210.0
12818.0,7267.0,21355.0
12818.0,7267.0,21355.0
12818.0,7267.0,21510.0
12818.0,7267.0,21510.0
12818.0,7267.0,21673.0
12818.0,7267.0,21673.0
12818.0,7267.0,21808.0
12818.0,7267.0,21808.0
12818.0,7267.0,21978.0
12818.0,7267.0,21978.0
12818.0,7267.0,22130.0
12818.0,7267.0,22130.0
12818.0,7267.0,22279.0
12818.0,7267.0,22279.0
12818.0,7267.0,22432.0
12818.0,7267.0,22432.0
12818.0,7267.0,22572.0
12818.0,7267.0,22572.0
12818.0,7267.0,22703.0
12818.0,7267.0,22703.0
12818.0,7267.0,22828.0
12818.0,7267.0,22828.0
12818.0,7267.0,22931.0
12818.0,7267.0,22931.0
12818.0,7267.0,23022.0
12818.0,7267.0,23022.0
12818.0,7267.0,23097.0
12818.0,7267.0,23097.0
12818.0,7267.0,23166.0
12818.0,7267.0,23166.0
12818.0,7267.0,23166.0
12818.0,7267.0,23223.0
12818.0,7267.0,23255.0
12818.0,7267.0,23255.0
12818.0,7267.0,23255.0
12818.0,7267.0,23282.0
12818.0,7267.0,23282.0
12818.0,7267.0,23292.0
12818.0,7267.0,23292.0
12818.0,7267.0,23292.0
12818.0,7267.0,23292.0
12818.0,7267.0,23292.0
12818.0,7267.0,23292.0
12818.0,7267.0,23292.0
12818.0,7267.0,23276.0
12818.0,7267.0,23276.0
12818.0,7267.0,23253.0
12818.0,7267.0,23253.0
12818.0,7267.0,23215.0
12818.0,7267.0,23215.0
12818.0,7267.0,23154.0
12818.0,7267.0,23154.0
12818.0,7267.0,23083.0
12818.0,7267.0,23083.0
12818.0,7267.0,23005.0
12818.0,7267.0,23005.0
12818.0,7267.0,22909.0
12818.0,7267.0,22909.0
12818.0,7267.0,22798.0
12818.0,7267.0,22798.0
12818.0,7267.0,22674.0
12818.0,7267.0,22674.0
12818.0,7267.0,22540.0
12818.0,7267.0,22540.0
12818.0,7267.0,22391.0
12818.0,7267.0,22391.0
12818.0,7267.0,22243.0
12818.0,7267.0,22086.0
12818.0,7267.0,22086.0
12818.0,7267.0,22086.0
12818.0,7267.0,21931.0
12818.0,7267.0,21931.0
12818.0,7267.0,21775.0
12818.0,7267.0,21775.0
12818.0,7267.0,21637.0
12818.0,7267.0,21637.0
12818.0,7267.0,21483.0
12818.0,7267.0,21483.0
12818.0,7267.0,21315.0
12818.0,7267.0,21315.0
12818.0,7267.0,21166.0
12818.0,7267.0,21166.0
12818.0,7267.0,21016.0
12818.0,7267.0,21016.0
12818.0,7267.0,20864.0
12818.0,7267.0,20864.0
12818.0,7267.0,20707.0
12818.0,7267.0,20707.0
12818.0,7267.0,20552.0
12818.0,7267.0,20552.0
12818.0,7267.0,20396.0
12818.0,7267.0,20396.0
12818.0,7267.0,20242.0
12818.0,7267.0,20242.0
12818.0,7267.0,20088.0
12818.0,7267.0,20088.0
12818.0,7267.0,19935.0
12818.0,7267.0,19935.0
12818.0,7267.0,19773.0
12818.0,7267.0,19773.0
12818.0,7267.0,19618.0
12818.0,7267.0,19618.0
12818.0,7267.0,19459.0
12818.0,7267.0,19459.0
12818.0,7267.0,19303.0
12818.0,7267.0,19303.0
12818.0,7267.0,19148.0
12818.0,7267.0,19148.0
12818.0,7267.0,18989.0
12818.0,7267.0,18989.0
12818.0,7267.0,18831.0
12818.0,7267.0,18831.0
12818.0,7267.0,18673.0
12818.0,7267.0,18673.0
12818.0,7267.0,18515.0
12818.0,7267.0,18515.0
12818.0,7267.0,18361.0
12818.0,7267.0,18207.0
12818.0,7267.0,18207.0
12818.0,7267.0,18047.0
12818.0,7267.0,18047.0
12818.0,7267.0,18047.0
12818.0,7267.0,17903.0
12818.0,7267.0,17903.0
12818.0,7267.0,17747.0
12818.0,7267.0,17747.0
12818.0,7267.0,17591.0
12818.0,7267.0,17591.0
12818.0,7267.0,17439.0
12818.0,7267.0,17439.0
12818.0,7267.0,17297.0
12818.0,7267.0,17297.0
12818.0,7267.0,17132.0
12818.0,7267.0,17132.0
12818.0,7267.0,16981.0
12818.0,7267.0,16981.0
12818.0,7267.0,16830.0
12818.0,7267.0,16830.0
12818.0,7267.0,16675.0
12818.0,7267.0,16675.0
12818.0,7267.0,16507.0
12818.0,7267.0,16507.0
12818.0,7267.0,16360.0
12818.0,7267.0,16360.0
12818.0,7267.0,16208.0
12818.0,7267.0,16208.0
12818.0,7267.0,16055.0
12818.0,7267.0,16055.0
12818.0,7267.0,15888.0
12818.0,7267.0,15888.0
12818.0,7267.0,15737.0
12818.0,7267.0,15737.0
12818.0,7267.0,15578.0
12818.0,7267.0,15578.0
12818.0,7267.0,15427.0
12818.0,7267.0,15427.0
12818.0,7267.0,15275.0
12818.0,7267.0,15275.0
12818.0,7267.0,15120.0
12818.0,7267.0,15120.0
12818.0,7267.0,14965.0
12818.0,7267.0,14805.0
12818.0,7267.0,14805.0
12818.0,7267.0,14805.0
12818.0,7267.0,14650.0
12818.0,7267.0,14650.0
12818.0,7267.0,14496.0
12818.0,7267.0,14496.0
12818.0,7267.0,14342.0
12818.0,7267.0,14190.0
12818.0,7267.0,14190.0
12818.0,7267.0,14190.0
12818.0,7267.0,14036.0
12818.0,7267.0,14036.0
12818.0,7267.0,13887.0
12818.0,7267.0,13737.0
12818.0,7267.0,13737.0
12818.0,7267.0,13737.0
12818.0,7267.0,13580.0
12818.0,7267.0,13433.0
12818.0,7267.0,13433.0
12818.0,7267.0,13433.0
12818.0,7267.0,13280.0
12818.0,7267.0,13280.0
12818.0,7267.0,13133.0
12818.0,7267.0,13133.0
12818.0,7267.0,12981.0
12818.0,7267.0,12981.0
12818.0,7267.0,12814.0
12818.0,7267.0,12814.0
12818.0,7267.0,12673.0
12818.0,7267.0,12673.0
12818.0,7267.0,12530.0
12818.0,7267.0,12530.0
12818.0,7267.0,12371.0
12818.0,7267.0,12371.0
12818.0,7267.0,12230.0
12818.0,7267.0,12230.0
12818.0,7267.0,12073.0
12818.0,7267.0,12073.0
12818.0,7267.0,11911.0
12818.0,7267.0,11911.0
12818.0,7267.0,11769.0
12818.0,7267.0,11769.0
12818.0,7267.0,11599.0
12818.0,7267.0,11599.0
12818.0,7267.0,11454.0
12818.0,7267.0,11454.0
12818.0,7267.0,11301.0
12818.0,7267.0,11301.0
12818.0,7267.0,11145.0
12818.0,7267.0,10993.0
12818.0,7267.0,10993.0
12818.0,7267.0,10993.0
12818.0,7267.0,10830.0
12818.0,7267.0,10830.0
12818.0,7267.0,10674.0
12818.0,7267.0,10674.0
12818.0,7267.0,10520.0
12818.0,7267.0,10520.0
12818.0,7267.0,10362.0
12818.0,7267.0,10362.0
12818.0,7267.0,10212.0
12818.0,7267.0,10212.0
12818.0,7267.0,10061.0
12818.0,7267.0,10061.0
12818.0,7267.0,9906.0
12818.0,7267.0,9750.0
12818.0,7267.0,9750.0
12818.0,7267.0,9750.0
12818.0,7267.0,9587.0
12818.0,7267.0,9587.0
12818.0,7267.0,9439.0
12818.0,7267.0,9439.0
12818.0,7267.0,9291.0
12818.0,7267.0,9291.0
12818.0,7267.0,9140.0
12818.0,7267.0,9140.0
12818.0,7267.0,8971.0
12818.0,7267.0,8971.0
12818.0,7267.0,8825.0
12818.0,7267.0,8825.0
12818.0,7267.0,8671.0
12818.0,7267.0,8671.0
12818.0,7267.0,8525.0
12818.0,7267.0,8525.0
12818.0,7267.0,8368.0
12818.0,7267.0,8368.0
12818.0,7267.0,8203.0
12818.0,7267.0,8203.0
12818.0,7267.0,8069.0
12818.0,7267.0,8069.0
12818.0,7267.0,7908.0
12818.0,7267.0,7908.0
12818.0,7267.0,7749.0
12818.0,7267.0,7749.0
12818.0,7267.0,7598.0
12818.0,7267.0,7598.0
12818.0,7267.0,7432.0
12818.0,7267.0,7432.0
12818.0,7267.0,7281.0
12818.0,7267.0,7281.0
12818.0,7267.0,7123.0
12818.0,7267.0,7123.0
12818.0,7267.0,6977.0
12818.0,7267.0,6977.0
12818.0,7267.0,6819.0
12818.0,7267.0,6819.0
12818.0,7267.0,6665.0
12818.0,7267.0,6665.0
12818.0,7267.0,6512.0
12818.0,7267.0,6512.0
12818.0,7267.0,6354.0
12818.0,7267.0,6199.0
12818.0,7267.0,6199.0
12818.0,7267.0,6199.0
12818.0,7267.0,6044.0
12818.0,7267.0,6044.0
12818.0,7267.0,5886.0
12818.0,7267.0,5731.0
12818.0,7267.0,5731.0
12818.0,7267.0,5731.0
12818.0,7267.0,5581.0
12818.0,7267.0,5425.0
12818.0,7267.0,5425.0
12818.0,7267.0,5275.0
12818.0,7267.0,5275.0
12818.0,7267.0,5275.0
12818.0,7267.0,5109.0
12818.0,7267.0,5109.0
12818.0,7267.0,4959.0
12818.0,7267.0,4959.0
12818.0,7267.0,4808.0
12818.0,7267.0,4808.0
12818.0,7267.0,4642.0
12818.0,7267.0,4642.0
12818.0,7267.0,4487.0
12818.0,7267.0,4487.0
12818.0,7267.0,4338.0
12818.0,7267.0,4192.0
12818.0,7267.0,4192.0
12818.0,7267.0,4192.0
12818.0,7267.0,4045.0
12818.0,7267.0,4045.0
12818.0,7267.0,3890.0
12818.0,7267.0,3890.0
12818.0,7267.0,3736.0
12818.0,7267.0,3736.0
12818.0,7267.0,3583.0
12818.0,7267.0,3583.0
12818.0,7267.0,3433.0
12818.0,7267.0,3433.0
12818.0,7267.0,3283.0
12818.0,7267.0,3283.0
12818.0,7267.0,3116.0
12818.0,7267.0,3116.0
12818.0,7267.0,2971.0
12818.0,7267.0,2971.0
12818.0,7267.0,2809.0
12818.0,7267.0,2809.0
12818.0,7267.0,2655.0
12818.0,7267.0,2655.0
12818.0,7267.0,2501.0
12818.0,7267.0,2501.0
12818.0,7267.0,2346.0
12818.0,7267.0,2346.0
12818.0,7267.0,2185.0
12818.0,7267.0,2185.0
12818.0,7267.0,2031.0
12818.0,7267.0,2031.0
12818.0,7267.0,1870.0
12818.0,7267.0,1870.0
12818.0,7267.0,1720.0
12818.0,7267.0,1566.0
12818.0,7267.0,1566.0
12818.0,7267.0,1410.0
12818.0,7267.0,1410.0
12818.0,7267.0,1410.0
12817.0,7267.0,1252.0
12817.0,7267.0,1252.0
12817.0,7267.0,1097.0
12817.0,7267.0,1097.0
12817.0,7267.0,941.0
12817.0,7267.0,941.0
12817.0,7267.0,784.0
12817.0,7267.0,784.0
12817.0,7267.0,784.0
12817.0,7267.0,626.0
12817.0,7267.0,519.0
12817.0,7267.0,519.0
12817.0,7267.0,515.0
12817.0,7267.0,515.0
12817.0,7267.0,517.0
12817.0,7267.0,517.0
12817.0,7267.0,516.0
12817.0,7267.0,516.0
12817.0,7267.0,516.0
12817.0,7267.0,554.0
12817.0,7267.0,554.0
12817.0,7267.0,587.0
12817.0,7267.0,587.0
12817.0,7267.0,587.0
12817.0,7267.0,639.0
12817.0,7267.0,699.0
12817.0,7267.0,699.0
12817.0,7267.0,699.0
12817.0,7267.0,778.0
12817.0,7267.0,778.0
12817.0,7267.0,875.0
12817.0,7267.0,875.0
12817.0,7267.0,985.0
12817.0,7267.0,985.0
12817.0,7267.0,1095.0
12817.0,7267.0,1225.0
12817.0,7267.0,1225.0
12817.0,7267.0,1371.0
12817.0,7267.0,1371.0
12817.0,7267.0,1371.0
12817.0,7267.0,1522.0
12817.0,7267.0,1522.0
12817.0,7267.0,1671.0
12817.0,7267.0,1671.0
12817.0,7267.0,1827.0
12817.0,7267.0,1827.0
12817.0,7267.0,1989.0
12817.0,7267.0,1989.0
12817.0,7267.0,2145.0
12817.0,7267.0,2145.0
12817.0,7267.0,2299.0
12817.0,7267.0,2299.0
12817.0,7267.0,2449.0
12817.0,7267.0,2449.0
12817.0,7267.0,2601.0
12817.0,7267.0,2601.0
12817.0,7267.0,2762.0
12817.0,7267.0,2762.0
12817.0,7267.0,2922.0
12817.0,7267.0,2922.0
12817.0,7267.0,3079.0
12817.0,7267.0,3079.0
12817.0,7267.0,3229.0
12817.0,7267.0,3229.0
12817.0,7267.0,3381.0
12817.0,7267.0,3381.0
12817.0,7267.0,3539.0
12817.0,7267.0,3694.0
12817.0,7267.0,3694.0
12817.0,7267.0,3694.0
12817.0,7267.0,3852.0
12817.0,7267.0,4005.0
12817.0,7267.0,4005.0
12817.0,7267.0,4005.0
12817.0,7267.0,4148.0
12817.0,7267.0,4148.0
12817.0,7267.0,4309.0
12817.0,7267.0,4462.0
12817.0,7267.0,4462.0
12817.0,7267.0,4462.0
12817.0,7267.0,4612.0
12817.0,7267.0,4612.0
12817.0,7267.0,4752.0
12817.0,7267.0,4752.0
12817.0,7267.0,4906.0
12817.0,7267.0,4906.0
12817.0,7267.0,5055.0
12817.0,7267.0,5055.0
12817.0,7267.0,5217.0
12817.0,7267.0,5217.0
12817.0,7267.0,5364.0
12817.0,7267.0,5364.0
12817.0,7267.0,5513.0
12817.0,7267.0,5513.0
12817.0,7267.0,5668.0
12817.0,7267.0,5668.0
12817.0,7267.0,5824.0
12817.0,7267.0,5824.0
12817.0,7267.0,5984.0
12817.0,7267.0,5984.0
12817.0,7267.0,6135.0
12817.0,7267.0,6135.0
12817.0,7267.0,6288.0
12817.0,7267.0,6288.0
12817.0,7267.0,6444.0
12817.0,7267.0,6444.0
12817.0,7267.0,6599.0
12817.0,7267.0,6599.0
12817.0,7267.0,6759.0
12817.0,7267.0,6759.0
12817.0,7267.0,6916.0
12817.0,7267.0,6916.0
12817.0,7267.0,7066.0
12817.0,7267.0,7218.0
12817.0,7267.0,7218.0
12817.0,7267.0,7218.0
12817.0,7267.0,7373.0
12817.0,7267.0,7373.0
12817.0,7267.0,7530.0
12817.0,7267.0,7688.0
12817.0,7267.0,7688.0
12817.0,7267.0,7688.0
12817.0,7267.0,7828.0
12817.0,7267.0,7828.0
12817.0,7267.0,7985.0
12817.0,7267.0,8129.0
12817.0,7267.0,8129.0
12817.0,7267.0,8285.0
12817.0,7267.0,8285.0
12817.0,7267.0,8285.0
12817.0,7267.0,8444.0
12817.0,7267.0,8594.0
12817.0,7267.0,8594.0
12817.0,7267.0,8594.0
12817.0,7267.0,8749.0
12817.0,7267.0,8749.0
12817.0,7267.0,8910.0
12817.0,7267.0,8910.0
12817.0,7267.0,9068.0
12817.0,7267.0,9222.0
12817.0,7267.0,9222.0
12817.0,7267.0,9222.0
12817.0,7267.0,9372.0
12817.0,7267.0,9372.0
12817.0,7267.0,9523.0
12817.0,7267.0,9523.0
12817.0,7267.0,9688.0
12817.0,7267.0,9836.0
12817.0,7267.0,9836.0
12817.0,7267.0,9836.0
12817.0,7267.0,9990.0
12817.0,7267.0,9990.0
12817.0,7267.0,10138.0
12817.0,7267.0,10138.0
12817.0,7267.0,10293.0
12817.0,7267.0,10451.0
12817.0,7267.0,10451.0
12817.0,7267.0,10451.0
12817.0,7267.0,10597.0
12817.0,7267.0,10597.0
12817.0,7267.0,10750.0
12817.0,7267.0,10750.0
12817.0,7267.0,10904.0
12817.0,7267.0,10904.0
12817.0,7267.0,11058.0
12817.0,7267.0,11191.0
12817.0,7267.0,11191.0
12817.0,7267.0,11191.0
12817.0,7267.0,11315.0
12817.0,7267.0,11442.0
12817.0,7267.0,11442.0
12817.0,7267.0,11442.0
12817.0,7267.0,11542.0
12817.0,7267.0,11542.0
12817.0,7267.0,11626.0
12817.0,7267.0,11626.0
12817.0,7267.0,11701.0
12817.0,7267.0,11701.0
12817.0,7267.0,11769.0
12817.0,7267.0,11769.0
12817.0,7267.0,11817.0
12817.0,7267.0,11854.0
12817.0,7267.0,11854.0
12817.0,7267.0,11869.0
12817.0,7267.0,11869.0
12817.0,7267.0,11869.0
12817.0,7267.0,11882.0
12817.0,7267.0,11882.0
12817.0,7267.0,11873.0
12817.0,7267.0,11873.0
12817.0,7267.0,11869.0
12817.0,7267.0,11869.0
12817.0,7267.0,11869.0
12817.0,7267.0,11869.0
12817.0,7267.0,11868.0
12817.0,7267.0,11868.0
12817.0,7267.0,11829.0
12817.0,7267.0,11829.0
12817.0,7267.0,11785.0
12817.0,7267.0,11717.0
12817.0,7267.0,11717.0
12817.0,7267.0,11717.0
12817.0,7267.0,11650.0
12817.0,7267.0,11569.0
12817.0,7267.0,11569.0
12817.0,7267.0,11569.0
12817.0,7267.0,11487.0
12817.0,7267.0,11409.0
12817.0,7267.0,11409.0
12817.0,7267.0,11409.0
12817.0,7267.0,11331.0
12817.0,7267.0,11331.0
12817.0,7267.0,11251.0
12817.0,7267.0,11251.0
12817.0,7267.0,11169.0
12817.0,7267.0,11169.0
12817.0,7267.0,11095.0
12817.0,7267.0,11095.0
12817.0,7267.0,11013.0
12817.0,7267.0,11013.0
12817.0,7267.0,10932.0
12817.0,7267.0,10932.0
12817.0,7267.0,10849.0
12817.0,7267.0,10849.0
12817.0,7267.0,10768.0
12817.0,7267.0,10768.0
12817.0,7267.0,10693.0
12817.0,7267.0,10693.0
12817.0,7267.0,10612.0
12817.0,7267.0,10612.0
12817.0,7267.0,10536.0
12817.0,7267.0,10536.0
12817.0,7267.0,10455.0
12817.0,7267.0,10455.0
12817.0,7267.0,10369.0
12817.0,7267.0,10369.0
12817.0,7267.0,10297.0
12817.0,7267.0,10297.0
12817.0,7267.0,10214.0
12817.0,7267.0,10214.0
12817.0,7267.0,10138.0
12817.0,7267.0,10138.0
12817.0,7267.0,10057.0
12817.0,7267.0,10057.0
12817.0,7267.0,9975.0
12817.0,7267.0,9975.0
12817.0,7267.0,9897.0
12817.0,7267.0,9897.0
12817.0,7267.0,9812.0
12817.0,7267.0,9812.0
12817.0,7267.0,9740.0
12817.0,7267.0,9740.0
12817.0,7267.0,9648.0
12817.0,7267.0,9648.0
12817.0,7267.0,9577.0
12817.0,7267.0,9577.0
12817.0,7267.0,9501.0
12817.0,7267.0,9501.0
12817.0,7267.0,9420.0
12817.0,7267.0,9420.0
12817.0,7267.0,9349.0
12817.0,7267.0,9349.0
12817.0,7267.0,9273.0
12817.0,7267.0,9273.0
12817.0,7267.0,9185.0
12817.0,7267.0,9185.0
12817.0,7267.0,9107.0
12817.0,7267.0,9107.0
12817.0,7267.0,9036.0
12817.0,7267.0,9036.0
12817.0,7267.0,8952.0
12817.0,7267.0,8952.0
12817.0,7267.0,8952.0
12817.0,7267.0,8886.0
12817.0,7267.0,8796.0
12817.0,7267.0,8796.0
12817.0,7267.0,8721.0
12817.0,7267.0,8721.0
12817.0,7267.0,8652.0
12817.0,7267.0,8652.0
12817.0,7267.0,8549.0
12817.0,7267.0,8549.0
12817.0,7267.0,8493.0
12817.0,7267.0,8493.0
12817.0,7267.0,8417.0
12817.0,7267.0,8417.0
12817.0,7267.0,8336.0
12817.0,7267.0,8336.0
12817.0,7267.0,8245.0
12817.0,7267.0,8245.0
12817.0,7267.0,8183.0
12817.0,7267.0,8183.0
12817.0,7267.0,8092.0
12817.0,7267.0,8092.0
12817.0,7267.0,8016.0
12817.0,7267.0,8016.0
12817.0,7267.0,7943.0
12817.0,7267.0,7943.0
12817.0,7267.0,7865.0
12817.0,7267.0,7865.0
12817.0,7267.0,7778.0
12817.0,7267.0,7704.0
12817.0,7267.0,7704.0
12817.0,7267.0,7628.0
12817.0,7267.0,7628.0
12817.0,7267.0,7546.0
12817.0,7267.0,7546.0
12817.0,7267.0,7463.0
12817.0,7267.0,7463.0
12817.0,7267.0,7390.0
12817.0,7267.0,7390.0
12817.0,7267.0,7390.0
12817.0,7267.0,7305.0
12817.0,7267.0,7305.0
12817.0,7267.0,7235.0
12817.0,7267.0,7235.0
12817.0,7267.0,7154.0
12817.0,7267.0,7072.0
12817.0,7267.0,7072.0
12817.0,7267.0,7072.0
12817.0,7267.0,6988.0
12817.0,7267.0,6921.0
12817.0,7267.0,6921.0
12817.0,7267.0,6921.0
12817.0,7267.0,6841.0
12817.0,7267.0,6841.0
12817.0,7267.0,6752.0
12817.0,7267.0,6752.0
12817.0,7267.0,6673.0
12817.0,7267.0,6673.0
12817.0,7267.0,6591.0
12817.0,7267.0,6591.0
12817.0,7267.0,6515.0
12817.0,7267.0,6515.0
12817.0,7267.0,6441.0
12817.0,7267.0,6441.0
12817.0,7267.0,6357.0
12817.0,7267.0,6357.0
12817.0,7267.0,6277.0
12817.0,7267.0,6277.0
12817.0,7267.0,6202.0
12817.0,7267.0,6202.0
12817.0,7267.0,6122.0
12817.0,7267.0,6122.0
12817.0,7267.0,6042.0
12817.0,7267.0,6042.0
12817.0,7267.0,5957.0
12817.0,7267.0,5879.0
12817.0,7267.0,5879.0
12817.0,7267.0,5879.0
12817.0,7267.0,5807.0
12817.0,7267.0,5807.0
12817.0,7267.0,5722.0
12817.0,7267.0,5722.0
12817.0,7267.0,5644.0
12817.0,7267.0,5644.0
12817.0,7267.0,5557.0
12817.0,7267.0,5557.0
12817.0,7267.0,5481.0
12817.0,7267.0,5481.0
12817.0,7267.0,5402.0
12817.0,7267.0,5325.0
12817.0,7267.0,5325.0
12817.0,7267.0,5325.0
12817.0,7267.0,5244.0
12817.0,7267.0,5244.0
12817.0,7267.0,5160.0
12817.0,7267.0,5160.0
12817.0,7267.0,5087.0
12817.0,7267.0,5087.0
12817.0,7267.0,4998.0
12817.0,7267.0,4998.0
12817.0,7267.0,4926.0
12817.0,7267.0,4926.0
12817.0,7267.0,4845.0
12817.0,7267.0,4845.0
12817.0,7267.0,4759.0
12817.0,7267.0,4759.0
12817.0,7267.0,4690.0
12817.0,7267.0,4690.0
12817.0,7267.0,4607.0
12817.0,7267.0,4607.0
12817.0,7267.0,4530.0
12817.0,7267.0,4530.0
12817.0,7267.0,4465.0
12817.0,7267.0,4465.0
12817.0,7267.0,4377.0
12817.0,7267.0,4377.0
12817.0,7267.0,4308.0
12817.0,7267.0,4308.0
12817.0,7267.0,4227.0
12817.0,7267.0,4227.0
12817.0,7267.0,4146.0
12817.0,7267.0,4146.0
12817.0,7267.0,4064.0
12817.0,7267.0,4064.0
12817.0,7267.0,3981.0
12817.0,7267.0,3981.0
12817.0,7267.0,3917.0
12817.0,7267.0,3917.0
12817.0,7267.0,3847.0
12817.0,7267.0,3847.0
12817.0,7267.0,3765.0
12817.0,7267.0,3765.0
12817.0,7267.0,3672.0
12817.0,7267.0,3672.0
12817.0,7267.0,3594.0
12817.0,7267.0,3594.0
12817.0,7267.0,3518.0
12817.0,7267.0,3518.0
12817.0,7267.0,3435.0
12817.0,7267.0,3435.0
12817.0,7267.0,3359.0
12817.0,7267.0,3359.0
12817.0,7267.0,3292.0
12817.0,7267.0,3292.0
12817.0,7267.0,3213.0
12817.0,7267.0,3213.0
12817.0,7267.0,3129.0
12817.0,7267.0,3046.0
12817.0,7267.0,3046.0
12817.0,7267.0,3046.0
12817.0,7267.0,2973.0
12817.0,7267.0,2973.0
12817.0,7267.0,2897.0
12817.0,7267.0,2897.0
12817.0,7267.0,2810.0
12817.0,7267.0,2810.0
12817.0,7267.0,2732.0
12817.0,7267.0,2732.0
12817.0,7267.0,2658.0
12817.0,7267.0,2658.0
12817.0,7267.0,2569.0
12817.0,7267.0,2569.0
12817.0,7267.0,2501.0
12817.0,7267.0,2501.0
12817.0,7267.0,2418.0
12817.0,7267.0,2418.0
12817.0,7267.0,2335.0
12817.0,7267.0,2335.0
12817.0,7267.0,2259.0
12817.0,7267.0,2259.0
12817.0,7267.0,2187.0
12817.0,7267.0,2187.0
12817.0,7267.0,2107.0
12817.0,7267.0,2107.0
12817.0,7267.0,2034.0
12817.0,7267.0,2034.0
12817.0,7267.0,1952.0
12817.0,7267.0,1952.0
12817.0,7267.0,1869.0
12817.0,7267.0,1869.0
12817.0,7267.0,1788.0
12817.0,7267.0,1788.0
12817.0,7267.0,1701.0
12817.0,7267.0,1701.0
12817.0,7267.0,1629.0
12817.0,7267.0,1629.0
12817.0,7267.0,1551.0
12817.0,7267.0,1551.0
12817.0,7267.0,1468.0
12817.0,7267.0,1468.0
12817.0,7267.0,1392.0
12817.0,7267.0,1392.0
12817.0,7267.0,1310.0
12817.0,7267.0,1310.0
12817.0,7267.0,1236.0
12817.0,7267.0,1236.0
12817.0,7267.0,1157.0
12817.0,7267.0,1157.0
12817.0,7267.0,1073.0
12817.0,7267.0,1073.0
12817.0,7267.0,993.0
12817.0,7267.0,993.0
12817.0,7267.0,911.0
12817.0,7267.0,911.0
12817.0,7267.0,849.0
12817.0,7267.0,849.0
12817.0,7267.0,767.0
12817.0,7267.0,767.0
12817.0,7267.0,690.0
12817.0,7267.0,690.0
12817.0,7267.0,605.0
12817.0,7267.0,605.0
12817.0,7267.0,520.0
12817.0,7267.0,454.0
12817.0,7267.0,454.0
12817.0,7267.0,430.0
12817.0,7267.0,434.0
12817.0,7267.0,434.0
12817.0,7267.0,434.0
12817.0,7267.0,537.0
12817.0,7267.0,537.0
12818.0,7267.0,581.0
12818.0,7266.0,581.0
12818.0,7266.0,581.0
12818.0,7266.0,613.0
12818.0,7266.0,675.0
12818.0,7266.0,675.0
12818.0,7266.0,741.0
12818.0,7266.0,819.0
12818.0,7266.0,819.0
12818.0,7266.0,819.0
12818.0,7266.0,912.0
12818.0,7266.0,912.0
12818.0,7266.0,1017.0
12818.0,7266.0,1135.0
12818.0,7266.0,1135.0
12818.0,7266.0,1271.0
12818.0,7266.0,1271.0
12818.0,7266.0,1271.0
12818.0,7266.0,1271.0
12818.0,7266.0,1419.0
12818.0,7266.0,1419.0
12818.0,7266.0,1581.0
12818.0,7266.0,1581.0
12818.0,7266.0,1750.0
12818.0,7266.0,1750.0
12818.0,7266.0,1938.0
12818.0,7266.0,1938.0
12818.0,7266.0,2139.0
12818.0,7266.0,2139.0
12818.0,7266.0,2349.0
12818.0,7266.0,2349.0
12818.0,7266.0,2579.0
12818.0,7266.0,2579.0
12818.0,7266.0,2814.0
12818.0,7266.0,2814.0
12818.0,7266.0,3064.0
12818.0,7266.0,3064.0
12818.0,7266.0,3319.0
12818.0,7266.0,3319.0
12818.0,7266.0,3598.0
12818.0,7266.0,3598.0
12818.0,7266.0,3884.0
12818.0,7266.0,3884.0
12818.0,7266.0,4194.0
12818.0,7266.0,4194.0
12818.0,7266.0,4494.0
12818.0,7266.0,4494.0
12818.0,7266.0,4830.0
12818.0,7266.0,4830.0
12818.0,7266.0,5162.0
12818.0,7266.0,5162.0
12818.0,7266.0,5507.0
12818.0,7266.0,5867.0
12818.0,7266.0,5867.0
12818.0,7266.0,5867.0
12818.0,7266.0,6253.0
12818.0,7266.0,6253.0
12818.0,7266.0,6630.0
12818.0,7266.0,6630.0
12818.0,7266.0,7011.0
12818.0,7266.0,7386.0
12818.0,7266.0,7386.0
12818.0,7266.0,7386.0
12818.0,7266.0,7754.0
12818.0,7266.0,7754.0
12818.0,7266.0,8149.0
12818.0,7266.0,8149.0
12818.0,7266.0,8527.0
12818.0,7266.0,8527.0
12818.0,7266.0,8883.0
12818.0,7266.0,8883.0
12818.0,7266.0,9258.0
12818.0,7266.0,9258.0
12818.0,7266.0,9643.0
12818.0,7266.0,9643.0
12818.0,7266.0,10027.0
12818.0,7266.0,10027.0
12818.0,7266.0,10402.0
12818.0,7266.0,10778.0
12818.0,7266.0,10778.0
12818.0,7266.0,10778.0
12818.0,7266.0,11158.0
12818.0,7266.0,11158.0
12818.0,7266.0,11531.0
12818.0,7266.0,11531.0
12818.0,7266.0,11917.0
12818.0,7266.0,11917.0
12818.0,7266.0,12275.0
12818.0,7266.0,12275.0
12818.0,7266.0,12654.0
12818.0,7266.0,12654.0
12818.0,7266.0,13024.0
12818.0,7266.0,13024.0
12818.0,7266.0,13400.0
12818.0,7266.0,13400.0
12818.0,7266.0,13783.0
12818.0,7266.0,13783.0
12818.0,7266.0,14158.0
12818.0,7266.0,14158.0
12818.0,7266.0,14541.0
12818.0,7266.0,14541.0
12818.0,7266.0,14929.0
12818.0,7266.0,14929.0
12818.0,7266.0,15299.0
12818.0,7266.0,15299.0
12818.0,7266.0,15685.0
12818.0,7266.0,15685.0
12818.0,7266.0,16042.0
12818.0,7266.0,16042.0
12818.0,7266.0,16415.0
12818.0,7266.0,16415.0
12818.0,7266.0,16810.0
12818.0,7266.0,16810.0
12818.0,7266.0,17164.0
12818.0,7266.0,17164.0
12818.0,7266.0,17544.0
12818.0,7266.0,17544.0
12818.0,7266.0,17919.0
12818.0,7266.0,17919.0
12818.0,7266.0,18296.0
12818.0,7266.0,18673.0
12818.0,7266.0,18673.0
12818.0,7266.0,18673.0
12818.0,7266.0,19049.0
12818.0,7266.0,19431.0
12818.0,7266.0,19431.0
12818.0,7266.0,19431.0
12818.0,7266.0,19809.0
12818.0,7266.0,19809.0
12818.0,7266.0,20181.0
12818.0,7266.0,20181.0
12818.0,7266.0,20566.0
12818.0,7266.0,20566.0
12818.0,7266.0,20920.0
12818.0,7266.0,20920.0
12818.0,7266.0,21293.0
12818.0,7266.0,21659.0
12818.0,7266.0,21659.0
12819.0,7266.0,22046.0
12819.0,7266.0,22046.0
12819.0,7266.0,22431.0
12819.0,7266.0,22431.0
12819.0,7266.0,22431.0
12819.0,7266.0,22806.0
12819.0,7266.0,22806.0
12819.0,7266.0,23185.0
12819.0,7266.0,23185.0
12819.0,7266.0,23564.0
12819.0,7266.0,23943.0
12819.0,7266.0,23943.0
12819.0,7266.0,23943.0
12819.0,7266.0,24318.0
12819.0,7266.0,24318.0
12819.0,7266.0,24688.0
12819.0,7266.0,24688.0
12819.0,7266.0,25053.0
12819.0,7266.0,25053.0
12819.0,7266.0,25416.0
12819.0,7266.0,25416.0
12819.0,7266.0,25794.0
12819.0,7266.0,25794.0
12819.0,7266.0,26176.0
12819.0,7266.0,26563.0
12819.0,7266.0,26563.0
12819.0,7266.0,26563.0
12819.0,7266.0,26934.0
12819.0,7266.0,26934.0
12819.0,7266.0,27320.0
12819.0,7266.0,27320.0
12819.0,7266.0,27689.0
12819.0,7266.0,27689.0
12819.0,7266.0,28069.0
12819.0,7266.0,28069.0
12819.0,7266.0,28431.0
12819.0,7266.0,28431.0
12819.0,7266.0,28808.0
12819.0,7266.0,28808.0
12819.0,7266.0,29162.0
12819.0,7266.0,29519.0
12819.0,7266.0,29519.0
12819.0,7266.0,29841.0
12819.0,7266.0,29841.0
12819.0,7266.0,30177.0
12819.0,7266.0,30177.0
12819.0,7266.0,30493.0
12819.0,7266.0,30493.0
12819.0,7266.0,30799.0
12819.0,7266.0,30799.0
12819.0,7266.0,30799.0
12819.0,7266.0,31095.0
12819.0,7266.0,31377.0
12819.0,7266.0,31377.0
12819.0,7266.0,31642.0
12819.0,7266.0,31642.0
12819.0,7266.0,31721.0
12819.0,7266.0,31721.0
12819.0,7266.0,31721.0
12819.0,7266.0,31721.0
12819.0,7266.0,31721.0
12819.0,7266.0,31721.0
12819.0,7266.0,31721.0
12819.0,7266.0,31721.0
12819.0,7266.0,31721.0
12819.0,7266.0,31721.0
12819.0,7266.0,31721.0
12819.0,7266.0,31721.0
12819.0,7266.0,31721.0
12819.0,7266.0,31721.0
12819.0,7266.0,31721.0
12819.0,7266.0,31721.0
12819.0,7266.0,31721.0
12819.0,7266.0,31721.0
12819.0,7266.0,31721.0
12819.0,7266.0,31721.0
12819.0,7266.0,31721.0
12819.0,7266.0,31721.0
12819.0,7266.0,31721.0
12819.0,7266.0,31721.0
12819.0,7266.0,31721.0
12819.0,7266.0,31721.0
12819.0,7266.0,31721.0
12819.0,7266.0,31721.0
12819.0,7266.0,31721.0
12819.0,7266.0,31721.0
12819.0,7266.0,31721.0
12819.0,7266.0,31721.0
12819.0,7266.0,31721.0
12819.0,7266.0,31721.0
12819.0,7266.0,31721.0
12819.0,7266.0,31721.0
12819.0,7266.0,31721.0
12819.0,7266.0,31721.0
12819.0,7266.0,31721.0
12819.0,7266.0,31721.0
12819.0,7266.0,31721.0
12819.0,7266.0,31721.0
12819.0,7266.0,31721.0
12819.0,7266.0,31721.0
12819.0,7266.0,31721.0
12819.0,7266.0,31721.0
12819.0,7266.0,31721.0
12819.0,7266.0,31721.0
12819.0,7266.0,31721.0
12819.0,7266.0,31721.0
12819.0,7266.0,31721.0
12819.0,7266.0,31721.0
12819.0,7266.0,31721.0
12819.0,7266.0,31721.0
12819.0,7266.0,31721.0
12819.0,7266.0,31721.0
12819.0,7266.0,31721.0
12819.0,7266.0,31721.0
12819.0,7266.0,31721.0
12819.0,7266.0,31721.0
12819.0,7266.0,31721.0
12819.0,7266.0,31721.0
12819.0,7266.0,31721.0
12819.0,7266.0,31721.0
12819.0,7266.0,31721.0
12819.0,7266.0,31721.0
12819.0,7266.0,31721.0
12819.0,7266.0,31721.0
12819.0,7266.0,31721.0
12819.0,7266.0,31721.0
12819.0,7266.0,31721.0
12819.0,7266.0,31721.0
12819.0,7266.0,31721.0
12819.0,7266.0,31721.0
12819.0,7266.0,31721.0
12819.0,7266.0,31721.0
12819.0,7266.0,31721.0
12819.0,7266.0,31721.0
12819.0,7266.0,31721.0
12819.0,7266.0,31721.0
12819.0,7266.0,31721.0
12819.0,7266.0,31721.0
12819.0,7266.0,31721.0
12819.0,7266.0,31721.0
12819.0,7266.0,31721.0
12819.0,7266.0,31721.0
12819.0,7266.0,31721.0
12819.0,7266.0,31721.0
12819.0,7266.0,31721.0
12819.0,7266.0,31721.0
12819.0,7266.0,31721.0
12819.0,7266.0,31721.0
12819.0,7266.0,31721.0
12819.0,7266.0,31721.0
12819.0,7266.0,31721.0
12819.0,7266.0,31721.0
12819.0,7266.0,31721.0
12819.0,7266.0,31721.0
12819.0,7266.0,31721.0
12819.0,7266.0,31721.0
12819.0,7266.0,31721.0
12819.0,7266.0,31721.0
12819.0,7266.0,31721.0
12819.0,7266.0,31721.0
12819.0,7266.0,31721.0
12819.0,7266.0,31721.0
12819.0,7266.0,31721.0
12819.0,7266.0,31721.0
12819.0,7266.0,31721.0
12819.0,7266.0,31721.0
12819.0,7266.0,31721.0
12819.0,7266.0,31721.0
12819.0,7266.0,31721.0
12819.0,7266.0,31721.0
12819.0,7266.0,31721.0
12819.0,7266.0,31721.0
12819.0,7266.0,31721.0
12819.0,7266.0,31721.0
12819.0,7266.0,31721.0
12819.0,7266.0,31721.0
12819.0,7266.0,31721.0
12819.0,7266.0,31721.0
12819.0,7266.0,31721.0
12819.0,7266.0,31721.0
12819.0,7266.0,31721.0
12819.0,7266.0,31721.0
12819.0,7266.0,31721.0
12819.0,7266.0,31721.0
12819.0,7266.0,31721.0
12819.0,7266.0,31721.0
12819.0,7266.0,31721.0
12819.0,7266.0,31721.0
12819.0,7266.0,31721.0
12819.0,7266.0,31721.0
12819.0,7266.0,31721.0
12819.0,7266.0,31721.0
12819.0,7266.0,31721.0
12819.0,7266.0,31721.0
12819.0,7266.0,31721.0
12819.0,7266.0,31721.0
12819.0,7266.0,31721.0
12819.0,7266.0,31721.0
12819.0,7265.0,31721.0
12818.0,7265.0,31716.0
12818.0,7263.0,31716.0
12814.0,7263.0,31691.0
12814.0,7259.0,31691.0
12806.0,7259.0,31651.0
12806.0,7253.0,31651.0
12796.0,7253.0,31603.0
12796.0,7246.0,31603.0
12783.0,7246.0,31545.0
12783.0,7238.0,31545.0
12767.0,7238.0,31460.0
12767.0,7227.0,31460.0
12749.0,7227.0,31375.0
12749.0,7216.0,31375.0
12728.0,7216.0,31269.0
12728.0,7202.0,31269.0
12704.0,7202.0,31151.0
12704.0,7188.0,31151.0
12677.0,7188.0,31012.0
12677.0,7171.0,31012.0
12648.0,7171.0,30873.0
12648.0,7153.0,30873.0
12615.0,7153.0,30717.0
12615.0,7134.0,30717.0
12581.0,7134.0,30552.0
12581.0,7114.0,30552.0
12545.0,7114.0,30384.0
12545.0,7093.0,30384.0
12510.0,7093.0,30216.0
12510.0,7073.0,30216.0
12474.0,7073.0,30040.0
12474.0,7053.0,30040.0
12439.0,7053.0,29883.0
12403.0,7053.0,29701.0
12403.0,7033.0,29701.0
12368.0,7033.0,29548.0
12368.0,7012.0,29548.0
12368.0,6992.0,29548.0
12332.0,6992.0,29366.0
12296.0,6992.0,29208.0
12296.0,6972.0,29208.0
12261.0,6972.0,29043.0
12261.0,6951.0,29043.0
12261.0,6931.0,29043.0
12226.0,6931.0,28871.0
12226.0,6911.0,28871.0
12190.0,6911.0,28692.0
12190.0,6891.0,28692.0
12155.0,6891.0,28505.0
12118.0,6891.0,28351.0
12118.0,6870.0,28351.0
12083.0,6870.0,28192.0
12083.0,6850.0,28192.0
12047.0,6850.0,28023.0
12047.0,6830.0,28023.0
12011.0,6830.0,27849.0
12011.0,6809.0,27849.0
11975.0,6809.0,27680.0
11975.0,6789.0,27680.0
11975.0,6769.0,27680.0
11939.0,6769.0,27513.0
11939.0,6749.0,27513.0
11902.0,6749.0,27345.0
11902.0,6729.0,27345.0
11867.0,6729.0,27170.0
11867.0,6709.0,27170.0
11831.0,6709.0,27000.0
11831.0,6689.0,27000.0
11795.0,6689.0,26825.0
11759.0,6689.0,26649.0
11759.0,6668.0,26649.0
11723.0,6668.0,26477.0
11723.0,6648.0,26477.0
11723.0,6628.0,26477.0
11687.0,6628.0,26309.0
11687.0,6608.0,26309.0
11651.0,6608.0,26139.0
11651.0,6587.0,26139.0
11615.0,6587.0,25968.0
11615.0,6567.0,25968.0
11579.0,6567.0,25790.0
11579.0,6547.0,25790.0
11543.0,6547.0,25628.0
11543.0,6526.0,25628.0
11508.0,6526.0,25461.0
11508.0,6506.0,25461.0
11473.0,6506.0,25297.0
11438.0,6506.0,25124.0
11438.0,6486.0,25124.0
11403.0,6486.0,24948.0
11403.0,6465.0,24948.0
11403.0,6445.0,24948.0
11367.0,6445.0,24803.0
11367.0,6425.0,24803.0
11331.0,6425.0,24630.0
11331.0,6405.0,24630.0
11296.0,6405.0,24456.0
11296.0,6384.0,24456.0
11261.0,6384.0,24297.0
11261.0,6364.0,24297.0
11225.0,6364.0,24136.0
11225.0,6343.0,24136.0
11189.0,6343.0,23958.0
11189.0,6323.0,23958.0
11154.0,6323.0,23790.0
11154.0,6303.0,23790.0
11118.0,6303.0,23614.0
11082.0,6303.0,23456.0
11082.0,6282.0,23456.0
11082.0,6262.0,23456.0
11047.0,6262.0,23288.0
11047.0,6242.0,23288.0
11011.0,6242.0,23118.0
11011.0,6222.0,23118.0
10975.0,6222.0,22951.0
10975.0,6201.0,22951.0
10939.0,6201.0,22779.0
10939.0,6181.0,22779.0
10903.0,6181.0,22614.0
10903.0,6161.0,22614.0
10866.0,6161.0,22446.0
10866.0,6141.0,22446.0
10830.0,6141.0,22275.0
10830.0,6121.0,22275.0
10795.0,6121.0,22105.0
10795.0,6100.0,22105.0
10759.0,6100.0,21938.0
10723.0,6100.0,21772.0
10723.0,6080.0,21772.0
10723.0,6060.0,21772.0
10687.0,6060.0,21604.0
10687.0,6040.0,21604.0
10651.0,6040.0,21441.0
10651.0,6019.0,21441.0
10615.0,6019.0,21280.0
10579.0,6019.0,21111.0
10579.0,5999.0,21111.0
10544.0,5999.0,20935.0
10544.0,5979.0,20935.0
10544.0,5959.0,20935.0
10508.0,5959.0,20770.0
10473.0,5959.0,20600.0
10473.0,5939.0,20600.0
10473.0,5918.0,20600.0
10437.0,5918.0,20433.0
10402.0,5918.0,20283.0
10402.0,5898.0,20283.0
10402.0,5878.0,20283.0
10366.0,5878.0,20127.0
10331.0,5878.0,19971.0
10331.0,5857.0,19971.0
10331.0,5837.0,19971.0
10295.0,5837.0,19796.0
10295.0,5817.0,19796.0
10261.0,5817.0,19629.0
10225.0,5817.0,19464.0
10225.0,5797.0,19464.0
10225.0,5776.0,19464.0
10189.0,5776.0,19304.0
10189.0,5756.0,19304.0
10154.0,5756.0,19141.0
10154.0,5736.0,19141.0
10119.0,5736.0,18971.0
10119.0,5716.0,18971.0
10083.0,5716.0,18808.0
10083.0,5696.0,18808.0
10047.0,5696.0,18640.0
10047.0,5675.0,18640.0
10011.0,5675.0,18472.0
10011.0,5655.0,18472.0
9975.0,5655.0,18299.0
9975.0,5635.0,18299.0
9939.0,5635.0,18134.0
9939.0,5614.0,18134.0
9903.0,5614.0,17963.0
9903.0,5594.0,17963.0
9867.0,5594.0,17791.0
9831.0,5594.0,17630.0
9831.0,5574.0,17630.0
9831.0,5554.0,17630.0
9795.0,5554.0,17463.0
9795.0,5534.0,17463.0
9759.0,5534.0,17299.0
9723.0,5534.0,17139.0
9723.0,5513.0,17139.0
9687.0,5513.0,16974.0
9687.0,5492.0,16974.0
9687.0,5472.0,16974.0
9652.0,5472.0,16810.0
9615.0,5472.0,16637.0
9615.0,5452.0,16637.0
9579.0,5452.0,16472.0
9579.0,5432.0,16472.0
9544.0,5432.0,16313.0
9544.0,5411.0,16313.0
9508.0,5411.0,16148.0
9508.0,5391.0,16148.0
9472.0,5391.0,15977.0
9472.0,5371.0,15977.0
9472.0,5350.0,15977.0
9437.0,5350.0,15831.0
9437.0,5330.0,15831.0
9402.0,5330.0,15660.0
9402.0,5310.0,15660.0
9367.0,5310.0,15501.0
9367.0,5290.0,15501.0
9331.0,5290.0,15342.0
9331.0,5269.0,15342.0
9295.0,5269.0,15186.0
9295.0,5249.0,15186.0
9261.0,5249.0,15023.0
9227.0,5249.0,14867.0
9227.0,5229.0,14867.0
9227.0,5208.0,14867.0
9191.0,5208.0,14689.0
9191.0,5188.0,14689.0
9156.0,5188.0,14532.0
9156.0,5168.0,14532.0
9120.0,5168.0,14369.0
9120.0,5148.0,14369.0
9085.0,5148.0,14203.0
9085.0,5127.0,14203.0
9049.0,5127.0,14040.0
9049.0,5108.0,14040.0
9013.0,5108.0,13867.0
9013.0,5087.0,13867.0
8977.0,5087.0,13707.0
8977.0,5067.0,13707.0
8941.0,5067.0,13542.0
8941.0,5047.0,13542.0
8905.0,5047.0,13382.0
8905.0,5027.0,13382.0
8869.0,5027.0,13218.0
8869.0,5007.0,13218.0
8833.0,5007.0,13048.0
8833.0,4986.0,13048.0
8797.0,4986.0,12894.0
8797.0,4966.0,12894.0
8761.0,4966.0,12731.0
8761.0,4946.0,12731.0
8725.0,4946.0,12564.0
8725.0,4926.0,12564.0
8689.0,4926.0,12417.0
8653.0,4926.0,12255.0
8653.0,4906.0,12255.0
8617.0,4906.0,12080.0
8617.0,4885.0,12080.0
8617.0,4865.0,12080.0
8581.0,4865.0,11928.0
8545.0,4865.0,11754.0
8545.0,4845.0,11754.0
8510.0,4845.0,11605.0
8510.0,4824.0,11605.0
8474.0,4824.0,11450.0
8474.0,4804.0,11450.0
8439.0,4804.0,11280.0
8439.0,4784.0,11280.0
8403.0,4784.0,11128.0
8403.0,4764.0,11128.0
8403.0,4744.0,11128.0
8368.0,4744.0,10969.0
8368.0,4723.0,10969.0
8333.0,4723.0,10805.0
8333.0,4703.0,10805.0
8297.0,4703.0,10652.0
8297.0,4683.0,10652.0
8261.0,4683.0,10484.0
8261.0,4663.0,10484.0
8226.0,4663.0,10325.0
8226.0,4642.0,10325.0
8191.0,4642.0,10160.0
8191.0,4622.0,10160.0
8155.0,4622.0,10003.0
8155.0,4602.0,10003.0
8120.0,4602.0,9830.0
8120.0,4582.0,9830.0
8084.0,4582.0,9658.0
8049.0,4582.0,9488.0
8049.0,4561.0,9488.0
8049.0,4541.0,9488.0
8013.0,4541.0,9314.0
8013.0,4521.0,9314.0
7977.0,4521.0,9139.0
7941.0,4521.0,8957.0
7941.0,4501.0,8957.0
7941.0,4480.0,8957.0
7905.0,4480.0,8782.0
7905.0,4460.0,8782.0
7869.0,4460.0,8606.0
7869.0,4439.0,8606.0
7833.0,4439.0,8428.0
7833.0,4419.0,8428.0
7797.0,4419.0,8270.0
7797.0,4399.0,8270.0
7761.0,4399.0,8089.0
7761.0,4379.0,8089.0
7725.0,4379.0,7920.0
7725.0,4358.0,7920.0
7689.0,4358.0,7754.0
7689.0,4338.0,7754.0
7653.0,4338.0,7561.0
7653.0,4318.0,7561.0
7617.0,4318.0,7406.0
7617.0,4297.0,7406.0
7582.0,4297.0,7230.0
7582.0,4277.0,7230.0
7546.0,4277.0,7081.0
7546.0,4257.0,7081.0
7510.0,4257.0,6887.0
7510.0,4237.0,6887.0
7474.0,4237.0,6712.0
7438.0,4237.0,6554.0
7438.0,4216.0,6554.0
7438.0,4196.0,6554.0
7438.0,4176.0,6554.0
7403.0,4176.0,6378.0
7368.0,4176.0,6198.0
7368.0,4156.0,6198.0
7332.0,4156.0,6024.0
7332.0,4136.0,6024.0
7296.0,4136.0,5855.0
7261.0,4136.0,5675.0
7261.0,4115.0,5675.0
7261.0,4095.0,5675.0
7226.0,4095.0,5495.0
7191.0,4095.0,5321.0
7191.0,4075.0,5321.0
7191.0,4055.0,5321.0
7155.0,4055.0,5142.0
7120.0,4055.0,4971.0
7120.0,4035.0,4971.0
7084.0,4035.0,4788.0
7084.0,4014.0,4788.0
7049.0,4014.0,4623.0
7049.0,3994.0,4623.0
7013.0,3994.0,4449.0
7013.0,3974.0,4449.0
6977.0,3974.0,4272.0
6977.0,3954.0,4272.0
6941.0,3954.0,4106.0
6941.0,3934.0,4106.0
6941.0,3913.0,4106.0
6905.0,3913.0,3913.0
6869.0,3913.0,3740.0
6869.0,3893.0,3740.0
6869.0,3873.0,3740.0
6833.0,3873.0,3596.0
6797.0,3873.0,3439.0
6797.0,3853.0,3439.0
6797.0,3832.0,3439.0
6761.0,3832.0,3244.0
6725.0,3832.0,3096.0
6725.0,3812.0,3096.0
6689.0,3812.0,2930.0
6689.0,3792.0,2930.0
6653.0,3792.0,2737.0
6653.0,3771.0,2737.0
6617.0,3771.0,2570.0
6617.0,3751.0,2570.0
6582.0,3751.0,2415.0
6582.0,3731.0,2415.0
6582.0,3711.0,2415.0
6545.0,3711.0,2238.0
6545.0,3691.0,2238.0
6509.0,3691.0,2069.0
6509.0,3671.0,2069.0
6474.0,3671.0,1893.0
6474.0,3650.0,1893.0
6438.0,3650.0,1722.0
6438.0,3631.0,1722.0
6405.0,3631.0,1558.0
6405.0,3614.0,1558.0
6375.0,3614.0,1408.0
6375.0,3598.0,1408.0
6348.0,3598.0,1265.0
6348.0,3584.0,1265.0
6323.0,3584.0,1140.0
6323.0,3571.0,1140.0
6301.0,3571.0,1026.0
6301.0,3560.0,1026.0
6281.0,3560.0,933.0
6281.0,3550.0,933.0
6265.0,3550.0,848.0
6265.0,3541.0,848.0
6251.0,3541.0,780.0
6251.0,3535.0,780.0
6239.0,3535.0,716.0
6239.0,3529.0,716.0
6230.0,3529.0,674.0
6230.0,3525.0,674.0
6225.0,3525.0,641.0
6225.0,3523.0,641.0
6221.0,3523.0,630.0
6221.0,3523.0,630.0
6221.0,3523.0,631.0
6221.0,3523.0,631.0
6221.0,3523.0,631.0
6221.0,3523.0,631.0
6221.0,3523.0,631.0
6221.0,3523.0,631.0
6221.0,3523.0,631.0
6221.0,3523.0,631.0
6221.0,3523.0,631.0
6221.0,3523.0,631.0
6221.0,3523.0,631.0
6221.0,3523.0,631.0
6221.0,3523.0,631.0
6221.0,3523.0,631.0
6221.0,3523.0,631.0
6221.0,3523.0,631.0
6221.0,3523.0,631.0
6221.0,3523.0,631.0
6221.0,3523.0,631.0
6221.0,3523.0,631.0
6221.0,3523.0,631.0
6221.0,3523.0,631.0
6221.0,3523.0,631.0
6221.0,3523.0,631.0
6221.0,3523.0,631.0
6221.0,3523.0,631.0
6221.0,3523.0,631.0
6221.0,3523.0,631.0
6221.0,3523.0,631.0
6221.0,3523.0,631.0
6221.0,3523.0,631.0
6221.0,3523.0,631.0
6221.0,3523.0,631.0
6221.0,3523.0,631.0
6221.0,3523.0,631.0
6221.0,3523.0,631.0
6221.0,3523.0,631.0
6221.0,3523.0,631.0
6221.0,3523.0,631.0
6221.0,3523.0,631.0
6221.0,3523.0,631.0
6221.0,3523.0,631.0
6221.0,3523.0,631.0
6221.0,3523.0,631.0
6221.0,3523.0,631.0
6221.0,3523.0,631.0
6221.0,3523.0,631.0
6221.0,3523.0,631.0
6221.0,3523.0,631.0
6221.0,3523.0,631.0
6221.0,3523.0,631.0
6221.0,3523.0,631.0
6221.0,3523.0,631.0
6221.0,3523.0,631.0
6221.0,3523.0,631.0
6221.0,3523.0,631.0
6221.0,3523.0,631.0
6221.0,3523.0,631.0
6221.0,3523.0,631.0
6221.0,3523.0,631.0
6221.0,3523.0,631.0
6221.0,3523.0,631.0
6221.0,3523.0,631.0
6221.0,3523.0,631.0
6221.0,3523.0,631.0
6221.0,3523.0,631.0
6221.0,3523.0,631.0
6221.0,3523.0,631.0
6221.0,3523.0,631.0
6221.0,3523.0,631.0
6221.0,3523.0,631.0
6221.0,3523.0,631.0
6221.0,3523.0,631.0
6221.0,3523.0,631.0
6221.0,3523.0,631.0
6221.0,3523.0,631.0
6221.0,3523.0,631.0
6221.0,3523.0,631.0
6221.0,3523.0,631.0
6221.0,3523.0,631.0
6221.0,3523.0,631.0
6221.0,3523.0,631.0
6221.0,3523.0,631.0
6221.0,3523.0,631.0
6221.0,3523.0,631.0
6221.0,3523.0,631.0
6222.0,3523.0,631.0
6226.0,3523.0,630.0
6226.0,3515.0,630.0
6226.0,3499.0,630.0
6239.0,3499.0,628.0
6239.0,3485.0,628.0
6246.0,3485.0,624.0
6246.0,3470.0,624.0
6260.0,3470.0,617.0
6260.0,3456.0,617.0
6273.0,3456.0,612.0
6273.0,3444.0,612.0
6285.0,3444.0,608.0
6285.0,3430.0,608.0
6299.0,3430.0,607.0
6299.0,3418.0,607.0
6315.0,3418.0,606.0
6315.0,3408.0,606.0
6330.0,3408.0,601.0
6330.0,3399.0,601.0
6345.0,3399.0,595.0
6345.0,3390.0,595.0
6362.0,3390.0,589.0
6362.0,3383.0,589.0
6377.0,3383.0,587.0
6377.0,3377.0,587.0
6395.0,3377.0,587.0
6395.0,3371.0,587.0
6410.0,3371.0,584.0
6410.0,3366.0,584.0
6430.0,3366.0,578.0
6443.0,3366.0,571.0
6443.0,3363.0,571.0
6443.0,3359.0,571.0
6465.0,3359.0,567.0
6465.0,3358.0,567.0
6479.0,3358.0,566.0
6501.0,3358.0,564.0
6501.0,3357.0,564.0
6501.0,3357.0,564.0
6520.0,3357.0,559.0
6520.0,3358.0,559.0
6536.0,3358.0,553.0
6536.0,3360.0,553.0
6553.0,3360.0,545.0
6553.0,3363.0,545.0
6572.0,3363.0,541.0
6572.0,3366.0,541.0
6586.0,3366.0,540.0
6586.0,3371.0,540.0
6605.0,3371.0,538.0
6605.0,3377.0,538.0
6621.0,3377.0,537.0
6621.0,3384.0,537.0
6638.0,3384.0,530.0
6638.0,3390.0,530.0
6653.0,3390.0,523.0
6653.0,3399.0,523.0
6668.0,3399.0,517.0
6668.0,3409.0,517.0
6686.0,3409.0,516.0
6686.0,3421.0,516.0
6701.0,3421.0,515.0
6701.0,3434.0,515.0
6717.0,3434.0,514.0
6717.0,3446.0,514.0
6729.0,3446.0,512.0
6729.0,3459.0,512.0
6745.0,3459.0,510.0
6745.0,3474.0,510.0
6755.0,3474.0,507.0
6755.0,3489.0,507.0
6770.0,3489.0,502.0
6776.0,3489.0,499.0
6776.0,3503.0,499.0
6789.0,3503.0,497.0
6789.0,3518.0,497.0
6796.0,3518.0,495.0
6796.0,3536.0,495.0
6807.0,3536.0,495.0
6807.0,3554.0,495.0
6812.0,3554.0,495.0
6812.0,3571.0,495.0
6819.0,3571.0,493.0
6819.0,3591.0,493.0
6822.0,3591.0,494.0
6822.0,3603.0,494.0
6826.0,3603.0,494.0
6826.0,3624.0,494.0
6829.0,3624.0,494.0
6829.0,3641.0,494.0
6830.0,3641.0,494.0
6830.0,3658.0,494.0
6830.0,3675.0,494.0
6832.0,3675.0,493.0
6832.0,3694.0,493.0
6832.0,3694.0,495.0
6831.0,3694.0,495.0
6829.0,3694.0,496.0
6829.0,3707.0,496.0
6829.0,3729.0,496.0
6828.0,3729.0,497.0
6823.0,3729.0,498.0
6823.0,3743.0,498.0
6819.0,3743.0,501.0
6819.0,3762.0,501.0
6819.0,3776.0,501.0
6813.0,3776.0,503.0
6808.0,3776.0,506.0
6808.0,3792.0,506.0
6808.0,3810.0,506.0
6800.0,3810.0,510.0
6800.0,3828.0,510.0
6800.0,3842.0,510.0
6792.0,3842.0,512.0
6792.0,3857.0,512.0
6783.0,3857.0,513.0
6783.0,3874.0,513.0
6783.0,3888.0,513.0
6771.0,3888.0,513.0
6762.0,3888.0,515.0
6762.0,3904.0,515.0
6747.0,3904.0,520.0
6747.0,3917.0,520.0
6737.0,3917.0,524.0
6737.0,3928.0,524.0
6737.0,3940.0,524.0
6721.0,3940.0,529.0
6706.0,3940.0,531.0
6706.0,3953.0,531.0
6690.0,3953.0,532.0
6690.0,3964.0,532.0
6676.0,3964.0,534.0
6676.0,3972.0,534.0
6659.0,3972.0,543.0
6659.0,3980.0,543.0
6643.0,3980.0,549.0
6643.0,3988.0,549.0
6625.0,3988.0,552.0
6625.0,3993.0,552.0
6612.0,3993.0,553.0
6612.0,3999.0,553.0
6594.0,3999.0,554.0
6594.0,4004.0,554.0
6577.0,4004.0,560.0
6577.0,4006.0,560.0
6559.0,4006.0,566.0
6559.0,4009.0,566.0
6543.0,4009.0,572.0
6543.0,4011.0,572.0
6525.0,4011.0,574.0
6525.0,4012.0,574.0
6506.0,4012.0,575.0
6488.0,4012.0,579.0
6488.0,4012.0,579.0
6488.0,4010.0,579.0
6470.0,4010.0,590.0
6470.0,4008.0,590.0
6452.0,4008.0,594.0
6452.0,4005.0,594.0
6434.0,4005.0,598.0
6434.0,4001.0,598.0
6415.0,4001.0,599.0
6415.0,3996.0,599.0
6402.0,3996.0,600.0
6402.0,3990.0,600.0
6382.0,3990.0,603.0
6365.0,3990.0,608.0
6365.0,3982.0,608.0
6365.0,3975.0,608.0
6351.0,3975.0,611.0
6351.0,3965.0,611.0
6333.0,3965.0,616.0
6333.0,3954.0,616.0
6317.0,3954.0,618.0
6305.0,3954.0,618.0
6305.0,3945.0,618.0
6305.0,3933.0,618.0
6289.0,3933.0,619.0
6289.0,3921.0,619.0
6277.0,3921.0,621.0
6277.0,3907.0,621.0
6263.0,3907.0,623.0
6263.0,3894.0,623.0
6253.0,3894.0,627.0
6253.0,3879.0,627.0
6241.0,3879.0,632.0
6241.0,3864.0,632.0
6231.0,3864.0,637.0
6231.0,3851.0,637.0
6223.0,3851.0,636.0
6223.0,3832.0,636.0
6213.0,3832.0,638.0
6213.0,3816.0,638.0
6206.0,3816.0,641.0
6206.0,3800.0,641.0
6201.0,3800.0,644.0
6201.0,3782.0,644.0
6193.0,3782.0,643.0
6193.0,3766.0,643.0
6189.0,3766.0,643.0
6185.0,3766.0,643.0
6185.0,3749.0,643.0
6185.0,3729.0,643.0
6183.0,3729.0,643.0
6183.0,3712.0,643.0
6181.0,3712.0,643.0
6181.0,3698.0,643.0
6180.0,3698.0,644.0
6180.0,3676.0,644.0
6180.0,3676.0,644.0
6180.0,3660.0,644.0
6181.0,3660.0,643.0
6181.0,3643.0,643.0
6182.0,3643.0,642.0
6182.0,3625.0,642.0
6185.0,3625.0,641.0
6185.0,3607.0,641.0
6185.0,3592.0,641.0
6188.0,3592.0,640.0
6188.0,3574.0,640.0
6192.0,3574.0,637.0
6199.0,3574.0,636.0
6199.0,3556.0,636.0
6205.0,3556.0,627.0
6205.0,3540.0,627.0
6212.0,3540.0,626.0
6221.0,3540.0,625.0
6221.0,3524.0,625.0
6221.0,3525.0,625.0
6223.0,3525.0,625.0
6230.0,3525.0,625.0
6230.0,3527.0,625.0
6237.0,3527.0,622.0
6237.0,3511.0,622.0
6237.0,3495.0,622.0
6250.0,3495.0,618.0
6250.0,3483.0,618.0
6258.0,3483.0,613.0
6258.0,3467.0,613.0
6273.0,3467.0,605.0
6273.0,3452.0,605.0
6286.0,3452.0,603.0
6286.0,3439.0,603.0
6303.0,3439.0,601.0
6303.0,3426.0,601.0
6317.0,3426.0,599.0
6317.0,3416.0,599.0
6334.0,3416.0,596.0
6334.0,3406.0,596.0
6349.0,3406.0,591.0
6349.0,3397.0,591.0
6365.0,3397.0,587.0
6365.0,3390.0,587.0
6381.0,3390.0,585.0
6381.0,3384.0,585.0
6398.0,3384.0,584.0
6398.0,3377.0,584.0
6417.0,3377.0,582.0
6431.0,3377.0,577.0
6431.0,3373.0,577.0
6431.0,3370.0,577.0
6449.0,3370.0,571.0
6449.0,3367.0,571.0
6465.0,3367.0,567.0
6465.0,3366.0,567.0
6486.0,3366.0,565.0
6503.0,3366.0,563.0
6503.0,3365.0,563.0
6503.0,3365.0,563.0
6524.0,3365.0,558.0
6538.0,3365.0,550.0
6538.0,3366.0,550.0
6538.0,3369.0,550.0
6560.0,3369.0,545.0
6574.0,3369.0,543.0
6574.0,3372.0,543.0
6574.0,3376.0,543.0
6590.0,3376.0,541.0
6611.0,3376.0,539.0
6611.0,3382.0,539.0
6611.0,3387.0,539.0
6623.0,3387.0,536.0
6623.0,3394.0,536.0
6643.0,3394.0,531.0
6643.0,3402.0,531.0
6654.0,3402.0,521.0
6654.0,3411.0,521.0
6674.0,3411.0,517.0
6674.0,3422.0,517.0
6687.0,3422.0,515.0
6687.0,3433.0,515.0
6705.0,3433.0,514.0
6705.0,3445.0,514.0
6717.0,3445.0,513.0
6717.0,3459.0,513.0
6733.0,3459.0,511.0
6733.0,3474.0,511.0
6745.0,3474.0,508.0
6745.0,3489.0,508.0
6759.0,3489.0,506.0
6759.0,3501.0,506.0
6767.0,3501.0,504.0
6767.0,3519.0,504.0
6779.0,3519.0,503.0
6779.0,3536.0,503.0
6787.0,3536.0,496.0
6787.0,3553.0,496.0
6797.0,3553.0,498.0
6797.0,3570.0,498.0
6803.0,3570.0,496.0
6803.0,3587.0,496.0
6809.0,3587.0,493.0
6809.0,3604.0,493.0
6814.0,3604.0,495.0
6814.0,3622.0,495.0
6817.0,3622.0,495.0
6817.0,3641.0,495.0
6821.0,3641.0,495.0
6821.0,3656.0,495.0
6822.0,3656.0,494.0
6822.0,3669.0,494.0
6824.0,3669.0,496.0
6824.0,3691.0,496.0
6824.0,3691.0,496.0
6823.0,3691.0,496.0
6823.0,3706.0,496.0
6821.0,3706.0,497.0
6821.0,3728.0,497.0
6821.0,3741.0,497.0
6820.0,3741.0,498.0
6820.0,3759.0,498.0
6815.0,3759.0,501.0
6811.0,3759.0,503.0
6811.0,3774.0,503.0
6811.0,3791.0,503.0
6805.0,3791.0,506.0
6805.0,3809.0,506.0
6799.0,3809.0,509.0
6791.0,3809.0,511.0
6791.0,3827.0,511.0
6784.0,3827.0,511.0
6784.0,3841.0,511.0
6774.0,3841.0,513.0
6774.0,3855.0,513.0
6762.0,3855.0,515.0
6762.0,3872.0,515.0
6753.0,3872.0,516.0
6753.0,3886.0,516.0
6738.0,3886.0,521.0
6738.0,3902.0,521.0
6727.0,3902.0,528.0
6727.0,3915.0,528.0
6711.0,3915.0,530.0
6711.0,3925.0,530.0
6711.0,3938.0,530.0
6698.0,3938.0,531.0
6681.0,3938.0,533.0
6681.0,3950.0,533.0
6681.0,3959.0,533.0
6668.0,3959.0,539.0
6668.0,3968.0,539.0
6650.0,3968.0,543.0
6650.0,3976.0,543.0
6633.0,3976.0,550.0
6633.0,3983.0,550.0
6616.0,3983.0,553.0
6616.0,3988.0,553.0
6602.0,3988.0,554.0
6602.0,3993.0,554.0
6584.0,3993.0,556.0
6570.0,3993.0,562.0
6570.0,3997.0,562.0
6550.0,3997.0,567.0
6550.0,4001.0,567.0
6550.0,4002.0,567.0
6534.0,4002.0,573.0
6516.0,4002.0,575.0
6516.0,4003.0,575.0
6497.0,4003.0,577.0
6497.0,4004.0,577.0
6497.0,4003.0,577.0
6479.0,4003.0,580.0
6461.0,4003.0,590.0
6461.0,4001.0,590.0
6461.0,3999.0,590.0
6444.0,3999.0,595.0
6444.0,3995.0,595.0
6424.0,3995.0,598.0
6424.0,3990.0,598.0
6410.0,3990.0,600.0
6410.0,3984.0,600.0
6389.0,3984.0,601.0
6389.0,3978.0,601.0
6375.0,3978.0,605.0
6375.0,3970.0,605.0
6357.0,3970.0,608.0
6357.0,3960.0,608.0
6341.0,3960.0,614.0
6341.0,3949.0,614.0
6324.0,3949.0,617.0
6324.0,3940.0,617.0
6312.0,3940.0,618.0
6312.0,3928.0,618.0
6296.0,3928.0,618.0
6296.0,3915.0,618.0
6282.0,3915.0,620.0
6282.0,3902.0,620.0
6270.0,3902.0,621.0
6270.0,3887.0,621.0
6257.0,3887.0,625.0
6257.0,3872.0,625.0
6245.0,3872.0,630.0
6245.0,3856.0,630.0
6235.0,3856.0,632.0
6235.0,3845.0,632.0
6229.0,3845.0,636.0
6219.0,3845.0,640.0
6219.0,3825.0,640.0
6213.0,3825.0,638.0
6213.0,3811.0,638.0
6213.0,3793.0,638.0
6206.0,3793.0,638.0
6206.0,3776.0,638.0
6200.0,3776.0,640.0
6200.0,3757.0,640.0
6196.0,3757.0,641.0
6196.0,3744.0,641.0
6192.0,3744.0,641.0
6192.0,3723.0,641.0
6190.0,3723.0,641.0
6189.0,3723.0,642.0
6189.0,3705.0,642.0
6189.0,3688.0,642.0
6188.0,3688.0,641.0
6188.0,3670.0,641.0
6188.0,3670.0,641.0
6188.0,3652.0,641.0
6189.0,3652.0,640.0
6189.0,3634.0,640.0
6191.0,3634.0,638.0
6191.0,3617.0,638.0
6194.0,3617.0,635.0
6194.0,3602.0,635.0
6198.0,3602.0,630.0
6204.0,3602.0,627.0
6204.0,3582.0,627.0
6204.0,3565.0,627.0
6209.0,3565.0,623.0
6209.0,3548.0,623.0
6217.0,3548.0,621.0
6217.0,3533.0,621.0
6225.0,3533.0,620.0
6225.0,3529.0,620.0
6229.0,3529.0,621.0
6229.0,3531.0,621.0
6234.0,3531.0,620.0
6234.0,3520.0,620.0
6241.0,3520.0,618.0
6241.0,3504.0,618.0
6254.0,3504.0,613.0
6254.0,3491.0,613.0
6263.0,3491.0,609.0
6263.0,3475.0,609.0
6277.0,3475.0,605.0
6277.0,3460.0,605.0
6289.0,3460.0,602.0
6289.0,3447.0,602.0
6304.0,3447.0,600.0
6304.0,3435.0,600.0
6321.0,3435.0,598.0
6336.0,3435.0,595.0
6336.0,3424.0,595.0
6336.0,3414.0,595.0
6352.0,3414.0,591.0
6352.0,3405.0,591.0
6367.0,3405.0,588.0
6367.0,3398.0,588.0
6384.0,3398.0,585.0
6400.0,3398.0,584.0
6400.0,3392.0,584.0
6417.0,3392.0,582.0
6417.0,3386.0,582.0
6435.0,3386.0,576.0
6435.0,3381.0,576.0
6449.0,3381.0,571.0
6449.0,3378.0,571.0
6449.0,3376.0,571.0
6468.0,3376.0,567.0
6468.0,3374.0,567.0
6484.0,3374.0,566.0
6506.0,3374.0,564.0
6506.0,3373.0,564.0
6506.0,3373.0,564.0
6523.0,3373.0,560.0
6523.0,3374.0,560.0
6540.0,3374.0,553.0
6540.0,3377.0,553.0
6560.0,3377.0,546.0
6560.0,3380.0,546.0
6575.0,3380.0,543.0
6575.0,3385.0,543.0
6592.0,3385.0,541.0
6592.0,3390.0,541.0
6611.0,3390.0,539.0
6625.0,3390.0,536.0
6625.0,3396.0,536.0
6641.0,3396.0,532.0
6641.0,3402.0,532.0
6655.0,3402.0,523.0
6655.0,3411.0,523.0
6655.0,3421.0,523.0
6676.0,3421.0,518.0
6676.0,3432.0,518.0
6688.0,3432.0,515.0
6688.0,3445.0,515.0
6706.0,3445.0,514.0
6706.0,3456.0,514.0
6715.0,3456.0,513.0
6715.0,3470.0,513.0
6733.0,3470.0,513.0
6733.0,3484.0,513.0
6742.0,3484.0,510.0
6742.0,3499.0,510.0
6755.0,3499.0,508.0
6755.0,3513.0,508.0
6764.0,3513.0,504.0
6764.0,3528.0,504.0
6775.0,3528.0,502.0
6783.0,3528.0,503.0
6783.0,3546.0,503.0
6793.0,3546.0,501.0
6793.0,3565.0,501.0
6798.0,3565.0,497.0
6798.0,3583.0,497.0
6805.0,3583.0,498.0
6805.0,3601.0,498.0
6805.0,3615.0,498.0
6808.0,3615.0,498.0
6808.0,3634.0,498.0
6812.0,3634.0,498.0
6813.0,3634.0,498.0
6813.0,3647.0,498.0
6815.0,3647.0,498.0
6815.0,3668.0,498.0
6816.0,3668.0,498.0
6816.0,3686.0,498.0
6816.0,3703.0,498.0
6815.0,3703.0,500.0
6814.0,3703.0,501.0
6814.0,3721.0,501.0
6814.0,3738.0,501.0
6812.0,3738.0,501.0
6812.0,3755.0,501.0
6808.0,3755.0,504.0
6808.0,3768.0,504.0
6805.0,3768.0,507.0
6798.0,3768.0,508.0
6798.0,3788.0,508.0
6793.0,3788.0,509.0
6793.0,3804.0,509.0
6793.0,3821.0,509.0
6785.0,3821.0,512.0
6785.0,3836.0,512.0
6777.0,3836.0,512.0
6777.0,3851.0,512.0
6777.0,3868.0,512.0
6768.0,3868.0,513.0
6768.0,3883.0,513.0
6755.0,3883.0,516.0
6745.0,3883.0,520.0
6745.0,3898.0,520.0
6730.0,3898.0,524.0
6730.0,3912.0,524.0
6717.0,3912.0,529.0
6717.0,3923.0,529.0
6704.0,3923.0,531.0
6704.0,3934.0,531.0
6689.0,3934.0,532.0
6689.0,3946.0,532.0
6673.0,3946.0,535.0
6673.0,3956.0,535.0
6656.0,3956.0,540.0
6656.0,3964.0,540.0
6641.0,3964.0,547.0
6641.0,3972.0,547.0
6622.0,3972.0,551.0
6622.0,3977.0,551.0
6609.0,3977.0,553.0
6609.0,3983.0,553.0
6592.0,3983.0,555.0
6592.0,3987.0,555.0
6575.0,3987.0,558.0
6557.0,3987.0,565.0
6557.0,3991.0,565.0
6557.0,3993.0,565.0
6542.0,3993.0,570.0
6542.0,3995.0,570.0
6524.0,3995.0,574.0
6524.0,3996.0,574.0
6504.0,3996.0,575.0
6504.0,3996.0,575.0
6488.0,3996.0,578.0
6488.0,3994.0,578.0
6467.0,3994.0,588.0
6467.0,3992.0,588.0
6450.0,3992.0,594.0
6450.0,3988.0,594.0
6432.0,3988.0,598.0
6432.0,3984.0,598.0
6418.0,3984.0,599.0
6418.0,3978.0,599.0
6397.0,3978.0,600.0
6397.0,3972.0,600.0
6384.0,3972.0,602.0
6384.0,3964.0,602.0
6364.0,3964.0,606.0
6364.0,3956.0,606.0
6351.0,3956.0,611.0
6332.0,3956.0,616.0
6332.0,3946.0,616.0
6332.0,3936.0,616.0
6319.0,3936.0,617.0
6319.0,3924.0,617.0
6319.0,3912.0,617.0
6304.0,3912.0,618.0
6290.0,3912.0,619.0
6290.0,3899.0,619.0
6279.0,3899.0,620.0
6279.0,3885.0,620.0
6265.0,3885.0,621.0
6265.0,3870.0,621.0
6254.0,3870.0,625.0
6254.0,3856.0,625.0
6244.0,3856.0,627.0
6244.0,3841.0,627.0
6236.0,3841.0,630.0
6226.0,3841.0,631.0
6226.0,3822.0,631.0
6226.0,3808.0,631.0
6220.0,3808.0,632.0
6220.0,3792.0,632.0
6213.0,3792.0,635.0
6208.0,3792.0,635.0
6208.0,3775.0,635.0
6208.0,3755.0,635.0
6203.0,3755.0,638.0
6201.0,3755.0,637.0
6201.0,3742.0,637.0
6198.0,3742.0,635.0
6198.0,3722.0,635.0
6197.0,3722.0,636.0
6197.0,3705.0,636.0
6196.0,3705.0,635.0
6196.0,3689.0,635.0
6196.0,3670.0,635.0
6196.0,3670.0,635.0
6197.0,3670.0,633.0
6197.0,3653.0,633.0
6199.0,3653.0,630.0
6199.0,3636.0,630.0
6199.0,3619.0,630.0
6203.0,3619.0,627.0
6206.0,3619.0,622.0
6206.0,3604.0,622.0
6206.0,3585.0,622.0
6211.0,3585.0,622.0
6211.0,3565.0,622.0
6219.0,3565.0,621.0
6219.0,3552.0,621.0
6225.0,3552.0,620.0
6225.0,3534.0,620.0
6234.0,3534.0,620.0
6234.0,3532.0,620.0
6233.0,3532.0,620.0
6233.0,3531.0,620.0
6234.0,3531.0,620.0
6234.0,3532.0,620.0
6233.0,3532.0,620.0
6233.0,3532.0,620.0
6233.0,3532.0,620.0
6233.0,3532.0,620.0
6233.0,3532.0,620.0
6233.0,3532.0,620.0
6233.0,3532.0,620.0
6233.0,3532.0,620.0
6233.0,3532.0,620.0
6233.0,3532.0,620.0
6233.0,3532.0,620.0
6233.0,3532.0,620.0
6233.0,3532.0,620.0
6233.0,3532.0,620.0
6233.0,3532.0,620.0
6233.0,3532.0,620.0
6233.0,3532.0,620.0
6233.0,3532.0,620.0
6233.0,3532.0,620.0
6233.0,3532.0,620.0
6233.0,3532.0,620.0
6233.0,3532.0,620.0
6233.0,3532.0,620.0
6233.0,3532.0,620.0
6233.0,3532.0,620.0
6233.0,3532.0,620.0
6233.0,3532.0,620.0
6233.0,3532.0,620.0
6233.0,3532.0,620.0
6233.0,3532.0,620.0
6233.0,3532.0,620.0
6233.0,3532.0,620.0
6233.0,3532.0,620.0
6233.0,3532.0,620.0
6233.0,3532.0,620.0
6233.0,3532.0,620.0
6233.0,3532.0,620.0
6233.0,3532.0,620.0
6233.0,3532.0,620.0
6233.0,3532.0,620.0
6233.0,3532.0,620.0
6233.0,3532.0,620.0
6233.0,3532.0,620.0
6233.0,3532.0,620.0
6233.0,3532.0,620.0
6233.0,3532.0,620.0
6233.0,3532.0,620.0
6233.0,3532.0,620.0
6233.0,3532.0,620.0
6233.0,3532.0,620.0
6233.0,3532.0,620.0
6233.0,3532.0,620.0
6233.0,3532.0,620.0
6233.0,3532.0,620.0
6233.0,3532.0,620.0
6233.0,3532.0,620.0
6233.0,3532.0,620.0
6233.0,3532.0,620.0
6233.0,3532.0,620.0
6233.0,3532.0,620.0
6233.0,3532.0,620.0
6233.0,3532.0,620.0
6233.0,3532.0,620.0
6233.0,3532.0,620.0
6233.0,3532.0,620.0
6233.0,3532.0,620.0
6233.0,3532.0,620.0
6233.0,3532.0,620.0
6233.0,3532.0,620.0
6233.0,3532.0,620.0
6233.0,3532.0,620.0
6233.0,3532.0,620.0
6233.0,3532.0,620.0
6233.0,3532.0,620.0
6233.0,3532.0,620.0
6233.0,3532.0,620.0
6233.0,3532.0,620.0
6233.0,3532.0,620.0
6233.0,3532.0,620.0
6233.0,3532.0,620.0
6233.0,3532.0,620.0
6233.0,3532.0,620.0
6233.0,3532.0,620.0
6235.0,3532.0,620.0
6235.0,3532.0,620.0
6235.0,3550.0,620.0
6249.0,3550.0,618.0
6249.0,3574.0,618.0
6268.0,3574.0,616.0
6268.0,3579.0,616.0
6270.0,3579.0,614.0
6270.0,3588.0,614.0
6289.0,3588.0,609.0
6289.0,3591.0,609.0
6291.0,3591.0,610.0
6291.0,3615.0,610.0
6308.0,3615.0,605.0
6308.0,3650.0,605.0
6331.0,3650.0,602.0
6352.0,3650.0,602.0
6352.0,3685.0,602.0
6352.0,3719.0,602.0
6377.0,3719.0,600.0
6397.0,3719.0,597.0
6397.0,3752.0,597.0
6421.0,3752.0,594.0
6421.0,3786.0,594.0
6441.0,3786.0,590.0
6441.0,3821.0,590.0
6441.0,3856.0,590.0
6467.0,3856.0,588.0
6487.0,3856.0,586.0
6487.0,3890.0,586.0
6487.0,3910.0,586.0
6502.0,3910.0,585.0
6502.0,3914.0,585.0
6500.0,3914.0,586.0
6500.0,3919.0,586.0
6501.0,3919.0,586.0
6501.0,3920.0,586.0
6500.0,3920.0,586.0
6500.0,3919.0,586.0
6501.0,3919.0,586.0
6501.0,3919.0,586.0
6501.0,3919.0,586.0
6501.0,3919.0,586.0
6501.0,3919.0,586.0
6501.0,3919.0,586.0
6500.0,3919.0,586.0
6500.0,3919.0,586.0
6500.0,3919.0,586.0
6500.0,3919.0,586.0
6500.0,3919.0,586.0
6500.0,3919.0,586.0
6500.0,3919.0,586.0
6500.0,3919.0,586.0
6500.0,3919.0,586.0
6500.0,3919.0,586.0
6500.0,3919.0,586.0
6500.0,3919.0,586.0
6500.0,3919.0,586.0
6500.0,3919.0,586.0
6500.0,3919.0,586.0
6500.0,3919.0,586.0
6500.0,3919.0,586.0
6500.0,3919.0,586.0
6500.0,3919.0,586.0
6500.0,3919.0,586.0
6500.0,3919.0,586.0
6500.0,3919.0,586.0
6500.0,3919.0,586.0
6500.0,3919.0,586.0
6500.0,3919.0,586.0
6500.0,3919.0,586.0
6500.0,3919.0,586.0
6500.0,3919.0,586.0
6500.0,3919.0,586.0
6500.0,3919.0,586.0
6500.0,3919.0,586.0
6500.0,3919.0,586.0
6500.0,3919.0,586.0
6500.0,3919.0,586.0
6500.0,3919.0,586.0
6500.0,3919.0,586.0
6500.0,3919.0,586.0
6500.0,3919.0,586.0
6500.0,3919.0,586.0
6500.0,3919.0,586.0
6500.0,3919.0,586.0
6500.0,3919.0,586.0
6500.0,3919.0,586.0
6500.0,3919.0,586.0
6500.0,3919.0,586.0
6500.0,3919.0,586.0
6500.0,3919.0,586.0
6500.0,3919.0,586.0
6500.0,3919.0,586.0
6500.0,3919.0,586.0
6500.0,3919.0,586.0
6500.0,3919.0,586.0
6500.0,3919.0,586.0
6500.0,3919.0,586.0
6500.0,3919.0,586.0
6500.0,3919.0,586.0
6500.0,3919.0,586.0
6500.0,3919.0,586.0
6500.0,3919.0,586.0
6500.0,3919.0,586.0
6500.0,3919.0,586.0
6500.0,3919.0,586.0
6500.0,3919.0,586.0
6500.0,3919.0,586.0
6500.0,3919.0,586.0
6500.0,3919.0,586.0
6500.0,3919.0,586.0
6500.0,3919.0,586.0
6500.0,3919.0,586.0
6500.0,3919.0,586.0
6500.0,3919.0,586.0
6500.0,3919.0,586.0
6500.0,3919.0,586.0
6500.0,3919.0,586.0
6500.0,3919.0,586.0
6500.0,3919.0,586.0
6500.0,3919.0,586.0
6500.0,3919.0,586.0
6502.0,3919.0,586.0
6502.0,3918.0,586.0
6518.0,3918.0,584.0
6518.0,3917.0,584.0
6537.0,3917.0,577.0
6537.0,3914.0,577.0
6553.0,3914.0,573.0
6553.0,3910.0,573.0
6569.0,3910.0,568.0
6585.0,3910.0,566.0
6585.0,3905.0,566.0
6599.0,3905.0,565.0
6599.0,3899.0,565.0
6618.0,3899.0,563.0
6618.0,3891.0,563.0
6618.0,3882.0,563.0
6630.0,3882.0,555.0
6648.0,3882.0,546.0
6648.0,3871.0,546.0
6648.0,3860.0,546.0
6660.0,3860.0,541.0
6660.0,3849.0,541.0
6673.0,3849.0,539.0
6673.0,3833.0,539.0
6685.0,3833.0,539.0
6685.0,3818.0,539.0
6697.0,3818.0,536.0
6697.0,3806.0,536.0
6707.0,3806.0,532.0
6707.0,3789.0,532.0
6713.0,3789.0,524.0
6713.0,3772.0,524.0
6721.0,3772.0,522.0
6721.0,3756.0,522.0
6726.0,3756.0,520.0
6726.0,3743.0,520.0
6731.0,3743.0,519.0
6731.0,3725.0,519.0
6734.0,3725.0,515.0
6734.0,3706.0,515.0
6737.0,3706.0,517.0
6737.0,3689.0,517.0
6737.0,3689.0,515.0
6737.0,3689.0,514.0
6737.0,3673.0,514.0
6737.0,3655.0,514.0
6736.0,3655.0,515.0
6736.0,3639.0,515.0
6734.0,3639.0,515.0
6734.0,3622.0,515.0
6729.0,3622.0,515.0
6729.0,3607.0,515.0
6725.0,3607.0,516.0
6725.0,3593.0,516.0
6718.0,3593.0,516.0
6718.0,3577.0,516.0
6711.0,3577.0,514.0
6711.0,3559.0,514.0
6702.0,3559.0,516.0
6702.0,3545.0,516.0
6692.0,3545.0,517.0
6692.0,3533.0,517.0
6680.0,3533.0,519.0
6669.0,3533.0,521.0
6669.0,3520.0,521.0
6669.0,3506.0,521.0
6655.0,3506.0,526.0
6655.0,3495.0,526.0
6642.0,3495.0,529.0
6642.0,3486.0,529.0
6625.0,3486.0,531.0
6625.0,3478.0,531.0
6612.0,3478.0,531.0
6612.0,3469.0,531.0
6593.0,3469.0,533.0
6593.0,3463.0,533.0
6580.0,3463.0,536.0
6580.0,3459.0,536.0
6562.0,3459.0,540.0
6562.0,3455.0,540.0
6545.0,3455.0,547.0
6545.0,3452.0,547.0
6531.0,3452.0,551.0
6531.0,3451.0,551.0
6511.0,3451.0,553.0
6511.0,3451.0,553.0
6499.0,3451.0,554.0
6499.0,3452.0,554.0
6476.0,3452.0,558.0
6462.0,3452.0,562.0
6462.0,3455.0,562.0
6462.0,3458.0,562.0
6444.0,3458.0,567.0
6444.0,3462.0,567.0
6429.0,3462.0,573.0
6429.0,3467.0,573.0
6414.0,3467.0,575.0
6414.0,3476.0,575.0
6397.0,3476.0,576.0
6384.0,3476.0,578.0
6384.0,3483.0,578.0
6384.0,3493.0,578.0
6369.0,3493.0,588.0
6369.0,3505.0,588.0
6369.0,3517.0,588.0
6355.0,3517.0,594.0
6341.0,3517.0,598.0
6341.0,3531.0,598.0
6329.0,3531.0,598.0
6329.0,3544.0,598.0
6316.0,3544.0,599.0
6316.0,3561.0,599.0
6306.0,3561.0,601.0
6306.0,3576.0,601.0
6297.0,3576.0,603.0
6297.0,3591.0,603.0
6292.0,3591.0,606.0
6292.0,3606.0,606.0
6284.0,3606.0,610.0
6284.0,3624.0,610.0
6284.0,3640.0,610.0
6280.0,3640.0,616.0
6280.0,3658.0,616.0
6275.0,3658.0,615.0
6275.0,3673.0,615.0
6273.0,3673.0,617.0
6272.0,3673.0,615.0
6272.0,3691.0,615.0
6272.0,3691.0,616.0
6272.0,3708.0,616.0
6273.0,3708.0,618.0
6273.0,3728.0,618.0
6275.0,3728.0,616.0
6279.0,3728.0,616.0
6279.0,3744.0,616.0
6279.0,3757.0,616.0
6284.0,3757.0,616.0
6289.0,3757.0,616.0
6289.0,3773.0,616.0
6289.0,3791.0,616.0
6297.0,3791.0,617.0
6305.0,3791.0,615.0
6305.0,3808.0,615.0
6305.0,3821.0,615.0
6315.0,3821.0,614.0
6315.0,3832.0,614.0
6325.0,3832.0,612.0
6325.0,3848.0,612.0
6337.0,3848.0,611.0
6349.0,3848.0,606.0
6349.0,3860.0,606.0
6349.0,3871.0,606.0
6364.0,3871.0,604.0
6364.0,3880.0,604.0
6377.0,3880.0,602.0
6394.0,3880.0,601.0
6394.0,3891.0,601.0
6394.0,3898.0,601.0
6406.0,3898.0,601.0
6425.0,3898.0,597.0
6425.0,3904.0,597.0
6438.0,3904.0,595.0
6438.0,3908.0,595.0
6438.0,3913.0,595.0
6457.0,3913.0,589.0
6457.0,3917.0,589.0
6473.0,3917.0,587.0
6473.0,3918.0,587.0
6488.0,3918.0,585.0
6488.0,3919.0,585.0
6504.0,3919.0,584.0
6504.0,3926.0,584.0
6499.0,3926.0,585.0
6499.0,3927.0,585.0
6508.0,3927.0,584.0
6508.0,3926.0,584.0
6526.0,3926.0,583.0
6526.0,3925.0,583.0
6541.0,3925.0,578.0
6541.0,3922.0,578.0
6559.0,3922.0,571.0
6559.0,3917.0,571.0
6573.0,3917.0,567.0
6573.0,3912.0,567.0
6591.0,3912.0,566.0
6591.0,3905.0,566.0
6605.0,3905.0,564.0
6605.0,3898.0,564.0
6623.0,3898.0,561.0
6623.0,3888.0,561.0
6623.0,3877.0,561.0
6637.0,3877.0,553.0
6653.0,3877.0,547.0
6653.0,3867.0,547.0
6664.0,3867.0,542.0
6664.0,3854.0,542.0
6679.0,3854.0,540.0
6679.0,3841.0,540.0
6691.0,3841.0,539.0
6691.0,3826.0,539.0
6701.0,3826.0,537.0
6701.0,3812.0,537.0
6712.0,3812.0,533.0
6712.0,3799.0,533.0
6717.0,3799.0,527.0
6717.0,3781.0,527.0
6727.0,3781.0,520.0
6727.0,3764.0,520.0
6732.0,3764.0,517.0
6732.0,3749.0,517.0
6738.0,3749.0,516.0
6738.0,3731.0,516.0
6741.0,3731.0,515.0
6741.0,3718.0,515.0
6744.0,3718.0,515.0
6744.0,3697.0,515.0
6745.0,3697.0,515.0
6745.0,3681.0,515.0
6745.0,3681.0,513.0
6745.0,3664.0,513.0
6745.0,3664.0,514.0
6745.0,3649.0,514.0
6744.0,3649.0,514.0
6744.0,3634.0,514.0
6740.0,3634.0,514.0
6740.0,3617.0,514.0
6736.0,3617.0,514.0
6736.0,3601.0,514.0
6731.0,3601.0,514.0
6731.0,3584.0,514.0
6724.0,3584.0,515.0
6724.0,3567.0,515.0
6716.0,3567.0,514.0
6716.0,3554.0,514.0
6708.0,3554.0,516.0
6708.0,3540.0,516.0
6696.0,3540.0,515.0
6696.0,3525.0,515.0
6685.0,3525.0,518.0
6685.0,3510.0,518.0
6670.0,3510.0,519.0
6670.0,3498.0,519.0
6657.0,3498.0,524.0
6657.0,3487.0,524.0
6641.0,3487.0,529.0
6641.0,3477.0,529.0
6627.0,3477.0,530.0
6611.0,3477.0,531.0
6611.0,3468.0,531.0
6595.0,3468.0,532.0
6595.0,3461.0,532.0
6578.0,3461.0,534.0
6578.0,3455.0,534.0
6578.0,3450.0,534.0
6561.0,3450.0,540.0
6546.0,3450.0,544.0
6546.0,3446.0,544.0
6546.0,3444.0,544.0
6529.0,3444.0,551.0
6514.0,3444.0,553.0
6514.0,3443.0,553.0
6514.0,3443.0,553.0
6493.0,3443.0,554.0
6493.0,3443.0,554.0
6480.0,3443.0,556.0
6480.0,3446.0,556.0
6458.0,3446.0,562.0
6458.0,3449.0,562.0
6445.0,3449.0,567.0
6445.0,3454.0,567.0
6429.0,3454.0,573.0
6429.0,3460.0,573.0
6412.0,3460.0,575.0
6412.0,3466.0,575.0
6398.0,3466.0,576.0
6398.0,3475.0,576.0
6381.0,3475.0,578.0
6381.0,3485.0,578.0
6366.0,3485.0,588.0
6366.0,3496.0,588.0
6352.0,3496.0,593.0
6352.0,3506.0,593.0
6340.0,3506.0,597.0
6340.0,3520.0,597.0
6326.0,3520.0,598.0
6326.0,3534.0,598.0
6314.0,3534.0,600.0
6314.0,3549.0,600.0
6305.0,3549.0,601.0
6305.0,3564.0,601.0
6294.0,3564.0,603.0
6294.0,3577.0,603.0
6289.0,3577.0,606.0
6289.0,3598.0,606.0
6279.0,3598.0,611.0
6279.0,3612.0,611.0
6275.0,3612.0,615.0
6275.0,3629.0,615.0
6269.0,3629.0,616.0
6268.0,3629.0,614.0
6268.0,3643.0,614.0
6268.0,3660.0,614.0
6265.0,3660.0,615.0
6265.0,3675.0,615.0
6264.0,3675.0,616.0
6264.0,3697.0,616.0
6264.0,3697.0,618.0
6264.0,3714.0,618.0
6265.0,3714.0,617.0
6265.0,3729.0,617.0
6268.0,3729.0,617.0
6268.0,3743.0,617.0
6271.0,3743.0,617.0
6271.0,3759.0,617.0
6276.0,3759.0,617.0
6276.0,3779.0,617.0
6282.0,3779.0,618.0
6282.0,3793.0,618.0
6289.0,3793.0,617.0
6289.0,3810.0,617.0
6298.0,3810.0,617.0
6298.0,3824.0,617.0
6307.0,3824.0,615.0
6307.0,3836.0,615.0
6318.0,3836.0,615.0
6318.0,3850.0,615.0
6329.0,3850.0,613.0
6343.0,3850.0,608.0
6343.0,3865.0,608.0
6343.0,3876.0,608.0
6354.0,3876.0,606.0
6354.0,3885.0,606.0
6371.0,3885.0,604.0
6385.0,3885.0,602.0
6385.0,3894.0,602.0
6385.0,3904.0,602.0
6403.0,3904.0,601.0
6403.0,3910.0,601.0
6415.0,3910.0,600.0
6435.0,3910.0,597.0
6435.0,3916.0,597.0
6435.0,3920.0,597.0
6447.0,3920.0,592.0
6447.0,3923.0,592.0
6468.0,3923.0,588.0
6468.0,3925.0,588.0
6482.0,3925.0,586.0
6482.0,3926.0,586.0
6498.0,3926.0,585.0
6498.0,3927.0,585.0
6504.0,3927.0,585.0
6505.0,3927.0,585.0
6505.0,3925.0,585.0
6505.0,3910.0,585.0
6501.0,3910.0,585.0
6501.0,3911.0,585.0
6493.0,3911.0,585.0
6493.0,3910.0,585.0
6474.0,3910.0,586.0
6474.0,3908.0,586.0
6461.0,3908.0,587.0
6444.0,3908.0,591.0
6444.0,3904.0,591.0
6444.0,3898.0,591.0
6427.0,3898.0,595.0
6427.0,3892.0,595.0
6411.0,3892.0,598.0
6411.0,3885.0,598.0
6397.0,3885.0,599.0
6397.0,3877.0,599.0
6382.0,3877.0,600.0
6382.0,3866.0,600.0
6369.0,3866.0,601.0
6369.0,3856.0,601.0
6354.0,3856.0,603.0
6354.0,3842.0,603.0
6342.0,3842.0,606.0
6342.0,3829.0,606.0
6329.0,3829.0,610.0
6320.0,3829.0,615.0
6320.0,3815.0,615.0
6309.0,3815.0,612.0
6309.0,3799.0,612.0
6302.0,3799.0,617.0
6302.0,3786.0,617.0
6295.0,3786.0,615.0
6295.0,3770.0,615.0
6295.0,3751.0,615.0
6290.0,3751.0,615.0
6290.0,3736.0,615.0
6286.0,3736.0,615.0
6286.0,3722.0,615.0
6282.0,3722.0,615.0
6282.0,3707.0,615.0
6281.0,3707.0,615.0
6281.0,3685.0,615.0
6279.0,3685.0,615.0
6279.0,3664.0,615.0
6280.0,3664.0,614.0
6280.0,3652.0,614.0
6281.0,3652.0,614.0
6281.0,3638.0,614.0
6284.0,3638.0,612.0
6284.0,3618.0,612.0
6289.0,3618.0,611.0
6289.0,3601.0,611.0
6295.0,3601.0,606.0
6301.0,3601.0,604.0
6301.0,3588.0,604.0
6301.0,3574.0,604.0
6309.0,3574.0,603.0
6309.0,3557.0,603.0
6318.0,3557.0,601.0
6318.0,3543.0,601.0
6328.0,3543.0,601.0
6328.0,3533.0,601.0
6339.0,3533.0,600.0
6351.0,3533.0,596.0
6351.0,3520.0,596.0
6366.0,3520.0,593.0
6366.0,3507.0,593.0
6366.0,3497.0,593.0
6378.0,3497.0,588.0
6378.0,3489.0,588.0
6394.0,3489.0,586.0
6408.0,3489.0,585.0
6408.0,3480.0,585.0
6408.0,3473.0,585.0
6425.0,3473.0,584.0
6425.0,3468.0,584.0
6441.0,3468.0,580.0
6459.0,3468.0,573.0
6459.0,3464.0,573.0
6472.0,3464.0,569.0
6472.0,3461.0,569.0
6472.0,3459.0,569.0
6492.0,3459.0,567.0
6507.0,3459.0,565.0
6507.0,3458.0,565.0
6507.0,3459.0,565.0
6528.0,3459.0,563.0
6528.0,3461.0,563.0
6539.0,3461.0,558.0
6539.0,3465.0,558.0
6560.0,3465.0,551.0
6560.0,3469.0,551.0
6572.0,3469.0,541.0
6572.0,3474.0,541.0
6592.0,3474.0,536.0
6592.0,3481.0,536.0
6602.0,3481.0,535.0
6602.0,3489.0,535.0
6621.0,3489.0,535.0
6631.0,3489.0,533.0
6631.0,3498.0,533.0
6631.0,3508.0,533.0
6650.0,3508.0,530.0
6650.0,3521.0,530.0
6659.0,3521.0,527.0
6659.0,3533.0,527.0
6674.0,3533.0,524.0
6674.0,3547.0,524.0
6684.0,3547.0,519.0
6684.0,3560.0,519.0
6695.0,3560.0,517.0
6695.0,3577.0,517.0
6703.0,3577.0,516.0
6703.0,3592.0,516.0
6711.0,3592.0,518.0
6711.0,3606.0,518.0
6717.0,3606.0,517.0
6717.0,3623.0,517.0
6721.0,3623.0,517.0
6725.0,3623.0,515.0
6725.0,3641.0,515.0
6725.0,3656.0,515.0
6728.0,3656.0,516.0
6728.0,3671.0,516.0
6729.0,3671.0,517.0
6729.0,3689.0,517.0
6729.0,3689.0,517.0
6729.0,3689.0,515.0
6729.0,3708.0,515.0
6729.0,3725.0,515.0
6726.0,3725.0,516.0
6726.0,3740.0,516.0
6723.0,3740.0,518.0
6723.0,3756.0,518.0
6719.0,3756.0,519.0
6719.0,3772.0,519.0
6712.0,3772.0,521.0
6712.0,3787.0,521.0
6706.0,3787.0,525.0
6697.0,3787.0,529.0
6697.0,3802.0,529.0
6697.0,3820.0,529.0
6687.0,3820.0,531.0
6687.0,3833.0,531.0
6675.0,3833.0,531.0
6675.0,3844.0,531.0
6664.0,3844.0,533.0
6664.0,3858.0,533.0
6649.0,3858.0,536.0
6649.0,3869.0,536.0
6636.0,3869.0,542.0
6636.0,3879.0,542.0
6618.0,3879.0,549.0
6605.0,3879.0,553.0
6605.0,3887.0,553.0
6605.0,3893.0,553.0
6588.0,3893.0,553.0
6573.0,3893.0,555.0
6573.0,3900.0,555.0
6573.0,3905.0,555.0
6554.0,3905.0,560.0
6554.0,3908.0,560.0
6541.0,3908.0,565.0
6541.0,3910.0,565.0
6521.0,3910.0,571.0
6521.0,3911.0,571.0
6510.0,3911.0,574.0
6510.0,3911.0,574.0
6498.0,3911.0,574.0
6498.0,3905.0,574.0
6489.0,3905.0,576.0
6489.0,3889.0,576.0
6446.0,3889.0,585.0
6414.0,3889.0,596.0
6414.0,3872.0,596.0
6373.0,3872.0,600.0
6373.0,3855.0,600.0
6373.0,3842.0,600.0
6349.0,3842.0,603.0
6349.0,3839.0,603.0
6345.0,3839.0,606.0
6345.0,3844.0,606.0
6350.0,3844.0,606.0
6350.0,3853.0,606.0
6363.0,3853.0,602.0
6363.0,3872.0,602.0
6392.0,3872.0,601.0
6392.0,3878.0,601.0
6393.0,3878.0,600.0
6393.0,3867.0,600.0
6384.0,3867.0,601.0
6384.0,3853.0,601.0
6367.0,3853.0,601.0
6367.0,3839.0,601.0
6355.0,3839.0,602.0
6355.0,3824.0,602.0
6339.0,3824.0,605.0
6339.0,3809.0,605.0
6325.0,3809.0,608.0
6325.0,3795.0,608.0
6312.0,3795.0,612.0
6312.0,3792.0,612.0
6309.0,3792.0,611.0
6302.0,3792.0,616.0
6302.0,3774.0,616.0
6302.0,3773.0,616.0
6302.0,3773.0,613.0
6302.0,3787.0,613.0
6317.0,3787.0,612.0
6317.0,3802.0,612.0
6330.0,3802.0,608.0
6330.0,3816.0,608.0
6346.0,3816.0,605.0
6346.0,3830.0,605.0
6359.0,3830.0,602.0
6359.0,3844.0,602.0
6374.0,3844.0,601.0
6374.0,3859.0,601.0
6388.0,3859.0,601.0
6388.0,3874.0,601.0
6403.0,3874.0,600.0
6403.0,3888.0,600.0
6417.0,3888.0,598.0
6417.0,3891.0,598.0
6421.0,3891.0,598.0
6421.0,3896.0,598.0
6435.0,3896.0,593.0
6435.0,3893.0,593.0
6431.0,3893.0,595.0
6431.0,3878.0,595.0
6414.0,3878.0,597.0
6414.0,3864.0,597.0
6403.0,3864.0,597.0
6403.0,3849.0,597.0
6386.0,3849.0,599.0
6386.0,3834.0,599.0
6373.0,3834.0,599.0
6373.0,3820.0,599.0
6357.0,3820.0,601.0
6357.0,3805.0,601.0
6345.0,3805.0,603.0
6345.0,3791.0,603.0
6329.0,3791.0,607.0
6329.0,3776.0,607.0
6316.0,3776.0,611.0
6316.0,3762.0,611.0
6300.0,3762.0,614.0
6300.0,3753.0,614.0
6293.0,3753.0,614.0
6293.0,3742.0,614.0
6292.0,3742.0,614.0
6292.0,3739.0,614.0
6291.0,3739.0,614.0
6291.0,3751.0,614.0
6305.0,3751.0,614.0
6305.0,3766.0,614.0
6318.0,3766.0,610.0
6318.0,3780.0,610.0
6333.0,3780.0,606.0
6333.0,3795.0,606.0
6348.0,3795.0,603.0
6348.0,3809.0,603.0
6362.0,3809.0,602.0
6362.0,3824.0,602.0
6376.0,3824.0,601.0
6376.0,3839.0,601.0
6390.0,3839.0,600.0
6390.0,3853.0,600.0
6405.0,3853.0,600.0
6405.0,3867.0,600.0
6419.0,3867.0,597.0
6434.0,3867.0,594.0
6434.0,3882.0,594.0
6434.0,3897.0,594.0
6448.0,3897.0,591.0
6448.0,3901.0,591.0
6453.0,3901.0,591.0
6465.0,3901.0,586.0
6465.0,3904.0,586.0
6465.0,3900.0,586.0
6461.0,3900.0,588.0
6461.0,3885.0,588.0
6444.0,3885.0,590.0
6432.0,3885.0,592.0
6432.0,3870.0,592.0
6432.0,3855.0,592.0
6414.0,3855.0,596.0
6403.0,3855.0,597.0
6403.0,3841.0,597.0
6403.0,3827.0,597.0
6386.0,3827.0,599.0
6386.0,3812.0,599.0
6375.0,3812.0,599.0
6375.0,3797.0,599.0
6357.0,3797.0,600.0
6345.0,3797.0,602.0
6345.0,3783.0,602.0
6329.0,3783.0,604.0
6329.0,3768.0,604.0
6329.0,3754.0,604.0
6316.0,3754.0,608.0
6316.0,3739.0,608.0
6301.0,3739.0,613.0
6301.0,3725.0,613.0
6289.0,3725.0,616.0
6289.0,3722.0,616.0
6285.0,3722.0,614.0
6285.0,3709.0,614.0
6285.0,3709.0,614.0
6293.0,3709.0,615.0
6293.0,3717.0,615.0
6293.0,3732.0,615.0
6309.0,3732.0,612.0
6309.0,3747.0,612.0
6321.0,3747.0,608.0
6321.0,3761.0,608.0
6337.0,3761.0,604.0
6337.0,3775.0,604.0
6349.0,3775.0,602.0
6349.0,3790.0,602.0
6366.0,3790.0,601.0
6366.0,3804.0,601.0
6379.0,3804.0,601.0
6379.0,3819.0,601.0
6394.0,3819.0,600.0
6394.0,3834.0,600.0
6407.0,3834.0,597.0
6407.0,3848.0,597.0
6423.0,3848.0,593.0
6423.0,3863.0,593.0
6437.0,3863.0,590.0
6453.0,3863.0,589.0
6453.0,3877.0,589.0
6453.0,3892.0,589.0
6466.0,3892.0,587.0
6479.0,3892.0,585.0
6479.0,3905.0,585.0
6479.0,3906.0,585.0
6483.0,3906.0,585.0
6483.0,3906.0,585.0
6494.0,3906.0,585.0
6494.0,3895.0,585.0
6477.0,3895.0,585.0
6477.0,3881.0,585.0
6465.0,3881.0,586.0
6465.0,3867.0,586.0
6449.0,3867.0,588.0
6449.0,3852.0,588.0
6435.0,3852.0,591.0
6421.0,3852.0,593.0
6421.0,3837.0,593.0
6407.0,3837.0,596.0
6407.0,3822.0,596.0
6393.0,3822.0,598.0
6393.0,3808.0,598.0
6377.0,3808.0,599.0
6377.0,3794.0,599.0
6363.0,3794.0,600.0
6363.0,3779.0,600.0
6363.0,3765.0,600.0
6349.0,3765.0,601.0
6336.0,3765.0,603.0
6336.0,3750.0,603.0
6336.0,3735.0,603.0
6320.0,3735.0,605.0
6305.0,3735.0,608.0
6305.0,3721.0,608.0
6291.0,3721.0,612.0
6291.0,3707.0,612.0
6283.0,3707.0,612.0
6283.0,3697.0,612.0
6283.0,3688.0,612.0
6284.0,3688.0,613.0
6284.0,3687.0,613.0
6285.0,3687.0,613.0
6285.0,3701.0,613.0
6300.0,3701.0,611.0
6300.0,3716.0,611.0
6313.0,3716.0,608.0
6329.0,3716.0,605.0
6329.0,3730.0,605.0
6329.0,3744.0,605.0
6343.0,3744.0,603.0
6343.0,3759.0,603.0
6357.0,3759.0,602.0
6357.0,3774.0,602.0
6371.0,3774.0,601.0
6385.0,3774.0,601.0
6385.0,3788.0,601.0
6400.0,3788.0,599.0
6400.0,3803.0,599.0
6415.0,3803.0,596.0
6415.0,3817.0,596.0
6429.0,3817.0,592.0
6429.0,3832.0,592.0
6443.0,3832.0,589.0
6443.0,3847.0,589.0
6458.0,3847.0,587.0
6458.0,3861.0,587.0
6473.0,3861.0,585.0
6473.0,3876.0,585.0
6488.0,3876.0,585.0
6488.0,3890.0,585.0
6488.0,3904.0,585.0
6501.0,3904.0,584.0
6505.0,3904.0,584.0
6505.0,3907.0,584.0
6515.0,3907.0,583.0
6515.0,3907.0,583.0
6515.0,3899.0,583.0
6505.0,3899.0,584.0
6505.0,3884.0,584.0
6490.0,3884.0,584.0
6490.0,3870.0,584.0
6477.0,3870.0,584.0
6477.0,3855.0,584.0
6460.0,3855.0,586.0
6460.0,3840.0,586.0
6448.0,3840.0,588.0
6448.0,3826.0,588.0
6432.0,3826.0,591.0
6432.0,3811.0,591.0
6419.0,3811.0,594.0
6419.0,3797.0,594.0
6403.0,3797.0,595.0
6403.0,3782.0,595.0
6389.0,3782.0,598.0
6389.0,3767.0,598.0
6373.0,3767.0,599.0
6373.0,3753.0,599.0
6361.0,3753.0,599.0
6361.0,3738.0,599.0
6345.0,3738.0,601.0
6345.0,3724.0,601.0
6333.0,3724.0,603.0
6333.0,3709.0,603.0
6316.0,3709.0,606.0
6316.0,3695.0,606.0
6302.0,3695.0,611.0
6302.0,3680.0,611.0
6289.0,3680.0,612.0
6289.0,3674.0,612.0
6283.0,3674.0,612.0
6283.0,3663.0,612.0
6285.0,3663.0,613.0
6285.0,3669.0,613.0
6289.0,3669.0,612.0
6289.0,3684.0,612.0
6306.0,3684.0,608.0
6306.0,3699.0,608.0
6319.0,3699.0,606.0
6319.0,3712.0,606.0
6335.0,3712.0,603.0
6335.0,3726.0,603.0
6347.0,3726.0,602.0
6347.0,3741.0,602.0
6363.0,3741.0,601.0
6363.0,3756.0,601.0
6376.0,3756.0,601.0
6392.0,3756.0,599.0
6392.0,3771.0,599.0
6392.0,3785.0,599.0
6405.0,3785.0,596.0
6405.0,3800.0,596.0
6420.0,3800.0,592.0
6420.0,3814.0,592.0
6434.0,3814.0,589.0
6434.0,3829.0,589.0
6449.0,3829.0,586.0
6449.0,3843.0,586.0
6464.0,3843.0,586.0
6464.0,3858.0,586.0
6479.0,3858.0,585.0
6479.0,3873.0,585.0
6493.0,3873.0,585.0
6493.0,3887.0,585.0
6507.0,3887.0,584.0
6507.0,3901.0,584.0
6521.0,3901.0,582.0
6521.0,3906.0,582.0
6526.0,3906.0,581.0
6536.0,3906.0,578.0
6536.0,3905.0,578.0
6536.0,3897.0,578.0
6527.0,3897.0,579.0
6527.0,3883.0,579.0
6510.0,3883.0,581.0
6510.0,3868.0,581.0
6498.0,3868.0,582.0
6498.0,3853.0,582.0
6482.0,3853.0,583.0
6482.0,3839.0,583.0
6470.0,3839.0,583.0
6470.0,3824.0,583.0
6453.0,3824.0,585.0
6453.0,3810.0,585.0
6440.0,3810.0,587.0
6440.0,3795.0,587.0
6423.0,3795.0,591.0
6423.0,3780.0,591.0
6411.0,3780.0,594.0
6411.0,3766.0,594.0
6395.0,3766.0,595.0
6395.0,3751.0,595.0
6382.0,3751.0,598.0
6382.0,3737.0,598.0
6366.0,3737.0,599.0
6366.0,3723.0,599.0
6353.0,3723.0,600.0
6338.0,3723.0,601.0
6338.0,3708.0,601.0
6338.0,3693.0,601.0
6324.0,3693.0,603.0
6324.0,3679.0,603.0
6309.0,3679.0,606.0
6309.0,3664.0,606.0
6295.0,3664.0,611.0
6295.0,3653.0,611.0
6284.0,3653.0,612.0
6284.0,3647.0,612.0
6287.0,3647.0,611.0
6287.0,3646.0,611.0
6289.0,3646.0,610.0
6305.0,3646.0,608.0
6305.0,3659.0,608.0
6305.0,3674.0,608.0
6318.0,3674.0,604.0
6332.0,3674.0,603.0
6332.0,3688.0,603.0
6332.0,3703.0,603.0
6346.0,3703.0,601.0
6346.0,3718.0,601.0
6361.0,3718.0,601.0
6376.0,3718.0,600.0
6376.0,3732.0,600.0
6389.0,3732.0,599.0
6389.0,3746.0,599.0
6389.0,3761.0,599.0
6404.0,3761.0,596.0
6418.0,3761.0,592.0
6418.0,3775.0,592.0
6434.0,3775.0,590.0
6434.0,3790.0,590.0
6434.0,3805.0,590.0
6448.0,3805.0,586.0
6448.0,3819.0,586.0
6463.0,3819.0,585.0
6463.0,3834.0,585.0
6477.0,3834.0,585.0
6477.0,3848.0,585.0
6492.0,3848.0,584.0
6492.0,3863.0,584.0
6506.0,3863.0,583.0
6506.0,3878.0,583.0
6521.0,3878.0,582.0
6521.0,3892.0,582.0
6535.0,3892.0,578.0
6535.0,3903.0,578.0
6545.0,3903.0,575.0
6551.0,3903.0,571.0
6551.0,3902.0,571.0
6551.0,3899.0,571.0
6554.0,3899.0,572.0
6534.0,3899.0,573.0
6534.0,3885.0,573.0
6524.0,3885.0,576.0
6524.0,3870.0,576.0
6506.0,3870.0,579.0
6506.0,3856.0,579.0
6495.0,3856.0,581.0
6495.0,3842.0,581.0
6478.0,3842.0,581.0
6478.0,3827.0,581.0
6466.0,3827.0,582.0
6466.0,3812.0,582.0
6449.0,3812.0,584.0
6449.0,3798.0,584.0
6449.0,3783.0,584.0
6436.0,3783.0,588.0
6420.0,3783.0,591.0
6420.0,3768.0,591.0
6420.0,3754.0,591.0
6407.0,3754.0,592.0
6407.0,3740.0,592.0
6392.0,3740.0,596.0
6392.0,3725.0,596.0
6377.0,3725.0,598.0
6377.0,3710.0,598.0
6363.0,3710.0,599.0
6363.0,3696.0,599.0
6349.0,3696.0,600.0
6349.0,3682.0,600.0
6335.0,3682.0,600.0
6335.0,3667.0,600.0
6320.0,3667.0,602.0
6320.0,3652.0,602.0
6305.0,3652.0,604.0
6305.0,3638.0,604.0
6291.0,3638.0,609.0
6291.0,3634.0,609.0
6289.0,3634.0,608.0
6289.0,3625.0,608.0
6292.0,3625.0,608.0
6292.0,3635.0,608.0
6301.0,3635.0,606.0
6301.0,3649.0,606.0
6318.0,3649.0,604.0
6318.0,3664.0,604.0
6329.0,3664.0,602.0
6329.0,3679.0,602.0
6346.0,3679.0,601.0
6346.0,3693.0,601.0
6358.0,3693.0,601.0
6375.0,3693.0,600.0
6375.0,3707.0,600.0
6387.0,3707.0,597.0
6387.0,3722.0,597.0
6387.0,3736.0,597.0
6403.0,3736.0,594.0
6403.0,3751.0,594.0
6416.0,3751.0,590.0
6416.0,3765.0,590.0
6432.0,3765.0,587.0
6432.0,3780.0,587.0
6446.0,3780.0,586.0
6446.0,3795.0,586.0
6461.0,3795.0,585.0
6461.0,3809.0,585.0
6475.0,3809.0,585.0
6475.0,3824.0,585.0
6490.0,3824.0,584.0
6490.0,3839.0,584.0
6505.0,3839.0,583.0
6505.0,3853.0,583.0
6520.0,3853.0,580.0
6520.0,3868.0,580.0
6533.0,3868.0,575.0
6533.0,3882.0,575.0
6548.0,3882.0,571.0
6548.0,3896.0,571.0
6561.0,3896.0,568.0
6561.0,3898.0,568.0
6565.0,3898.0,570.0
6565.0,3896.0,570.0
6573.0,3896.0,568.0
6573.0,3885.0,568.0
6560.0,3885.0,568.0
6560.0,3871.0,568.0
6545.0,3871.0,569.0
6545.0,3856.0,569.0
6532.0,3856.0,571.0
6532.0,3842.0,571.0
6517.0,3842.0,575.0
6517.0,3827.0,575.0
6504.0,3827.0,578.0
6504.0,3813.0,578.0
6487.0,3813.0,580.0
6487.0,3798.0,580.0
6474.0,3798.0,580.0
6474.0,3784.0,580.0
6458.0,3784.0,581.0
6458.0,3769.0,581.0
6445.0,3769.0,583.0
6445.0,3755.0,583.0
6429.0,3755.0,585.0
6429.0,3740.0,585.0
6416.0,3740.0,589.0
6400.0,3740.0,592.0
6400.0,3725.0,592.0
6400.0,3711.0,592.0
6387.0,3711.0,595.0
6387.0,3697.0,595.0
6371.0,3697.0,597.0
6371.0,3682.0,597.0
6358.0,3682.0,599.0
6343.0,3682.0,600.0
6343.0,3668.0,600.0
6329.0,3668.0,600.0
6329.0,3653.0,600.0
6329.0,3638.0,600.0
6314.0,3638.0,602.0
6314.0,3624.0,602.0
6300.0,3624.0,604.0
6300.0,3617.0,604.0
6293.0,3617.0,607.0
6293.0,3607.0,607.0
6298.0,3607.0,605.0
6298.0,3615.0,605.0
6302.0,3615.0,603.0
6320.0,3615.0,602.0
6320.0,3629.0,602.0
6320.0,3644.0,602.0
6332.0,3644.0,601.0
6348.0,3644.0,601.0
6348.0,3657.0,601.0
6348.0,3672.0,601.0
6361.0,3672.0,600.0
6361.0,3687.0,600.0
6376.0,3687.0,599.0
6389.0,3687.0,596.0
6389.0,3701.0,596.0
6389.0,3716.0,596.0
6405.0,3716.0,592.0
6405.0,3730.0,592.0
6419.0,3730.0,589.0
6419.0,3745.0,589.0
6434.0,3745.0,588.0
6434.0,3759.0,588.0
6448.0,3759.0,586.0
6448.0,3774.0,586.0
6462.0,3774.0,585.0
6477.0,3774.0,584.0
6477.0,3788.0,584.0
6477.0,3803.0,584.0
6492.0,3803.0,584.0
6507.0,3803.0,582.0
6507.0,3818.0,582.0
6507.0,3832.0,582.0
6521.0,3832.0,578.0
6521.0,3847.0,578.0
6535.0,3847.0,573.0
6550.0,3847.0,569.0
6550.0,3861.0,569.0
6550.0,3876.0,569.0
6565.0,3876.0,567.0
6565.0,3890.0,567.0
6579.0,3890.0,566.0
6579.0,3893.0,566.0
6583.0,3893.0,567.0
6589.0,3893.0,566.0
6589.0,3890.0,566.0
6589.0,3879.0,566.0
6577.0,3879.0,565.0
6577.0,3865.0,565.0
6563.0,3865.0,567.0
6563.0,3851.0,567.0
6549.0,3851.0,569.0
6533.0,3851.0,572.0
6533.0,3836.0,572.0
6520.0,3836.0,575.0
6520.0,3821.0,575.0
6520.0,3806.0,575.0
6504.0,3806.0,577.0
6504.0,3792.0,577.0
6491.0,3792.0,579.0
6491.0,3778.0,579.0
6476.0,3778.0,580.0
6462.0,3778.0,580.0
6462.0,3763.0,580.0
6462.0,3749.0,580.0
6446.0,3749.0,581.0
6433.0,3749.0,583.0
6433.0,3734.0,583.0
6433.0,3720.0,583.0
6417.0,3720.0,587.0
6417.0,3705.0,587.0
6404.0,3705.0,591.0
6388.0,3705.0,594.0
6388.0,3691.0,594.0
6388.0,3676.0,594.0
6374.0,3676.0,597.0
6360.0,3676.0,598.0
6360.0,3662.0,598.0
6346.0,3662.0,599.0
6346.0,3647.0,599.0
6331.0,3647.0,599.0
6331.0,3633.0,599.0
6317.0,3633.0,601.0
6302.0,3633.0,603.0
6302.0,3618.0,603.0
6302.0,3603.0,603.0
6300.0,3603.0,604.0
6300.0,3600.0,604.0
6304.0,3600.0,605.0
6304.0,3591.0,605.0
6313.0,3591.0,601.0
6313.0,3602.0,601.0
6330.0,3602.0,600.0
6330.0,3616.0,600.0
6330.0,3631.0,600.0
6341.0,3631.0,600.0
6358.0,3631.0,599.0
6358.0,3645.0,599.0
6358.0,3660.0,599.0
6370.0,3660.0,598.0
6370.0,3674.0,598.0
6386.0,3674.0,595.0
6386.0,3689.0,595.0
6399.0,3689.0,592.0
6415.0,3689.0,589.0
6415.0,3702.0,589.0
6415.0,3718.0,589.0
6429.0,3718.0,587.0
6429.0,3732.0,587.0
6444.0,3732.0,586.0
6457.0,3732.0,585.0
6457.0,3746.0,585.0
6473.0,3746.0,585.0
6473.0,3761.0,585.0
6473.0,3776.0,585.0
6487.0,3776.0,584.0
6487.0,3790.0,584.0
6502.0,3790.0,582.0
6517.0,3790.0,578.0
6517.0,3805.0,578.0
6531.0,3805.0,573.0
6531.0,3819.0,573.0
6531.0,3834.0,573.0
6545.0,3834.0,570.0
6545.0,3848.0,570.0
6560.0,3848.0,567.0
6575.0,3848.0,566.0
6575.0,3863.0,566.0
6589.0,3863.0,565.0
6589.0,3878.0,565.0
6589.0,3887.0,565.0
6598.0,3887.0,565.0
6603.0,3887.0,563.0
6603.0,3883.0,563.0
6601.0,3883.0,564.0
6601.0,3879.0,564.0
6601.0,3864.0,564.0
6582.0,3864.0,564.0
6572.0,3864.0,565.0
6572.0,3849.0,565.0
6553.0,3849.0,566.0
6553.0,3834.0,566.0
6553.0,3820.0,566.0
6542.0,3820.0,569.0
6542.0,3806.0,569.0
6525.0,3806.0,572.0
6513.0,3806.0,575.0
6513.0,3791.0,575.0
6513.0,3776.0,575.0
6496.0,3776.0,577.0
6484.0,3776.0,579.0
6484.0,3762.0,579.0
6467.0,3762.0,580.0
6467.0,3747.0,580.0
6454.0,3747.0,581.0
6454.0,3733.0,581.0
6439.0,3733.0,582.0
6439.0,3718.0,582.0
6425.0,3718.0,585.0
6425.0,3704.0,585.0
6425.0,3689.0,585.0
6409.0,3689.0,588.0
6395.0,3689.0,591.0
6395.0,3674.0,591.0
6395.0,3660.0,591.0
6381.0,3660.0,594.0
6367.0,3660.0,597.0
6367.0,3646.0,597.0
6367.0,3632.0,597.0
6353.0,3632.0,598.0
6353.0,3617.0,598.0
6338.0,3617.0,599.0
6338.0,3602.0,599.0
6323.0,3602.0,600.0
6323.0,3588.0,600.0
6309.0,3588.0,602.0
6309.0,3584.0,602.0
6307.0,3584.0,603.0
6307.0,3577.0,603.0
6312.0,3577.0,603.0
6312.0,3588.0,603.0
6321.0,3588.0,601.0
6321.0,3602.0,601.0
6339.0,3602.0,600.0
6339.0,3617.0,600.0
6350.0,3617.0,600.0
6350.0,3632.0,600.0
6367.0,3632.0,598.0
6367.0,3645.0,598.0
6379.0,3645.0,596.0
6379.0,3660.0,596.0
6395.0,3660.0,592.0
6395.0,3674.0,592.0
6408.0,3674.0,590.0
6424.0,3674.0,587.0
6424.0,3689.0,587.0
6437.0,3689.0,587.0
6437.0,3703.0,587.0
6437.0,3718.0,587.0
6453.0,3718.0,585.0
6453.0,3732.0,585.0
6466.0,3732.0,585.0
6466.0,3747.0,585.0
6482.0,3747.0,584.0
6482.0,3761.0,584.0
6496.0,3761.0,582.0
6496.0,3776.0,582.0
6511.0,3776.0,578.0
6511.0,3791.0,578.0
6525.0,3791.0,573.0
6525.0,3805.0,573.0
6540.0,3805.0,570.0
6540.0,3820.0,570.0
6554.0,3820.0,568.0
6554.0,3835.0,568.0
6569.0,3835.0,566.0
6569.0,3849.0,566.0
6584.0,3849.0,565.0
6584.0,3864.0,565.0
6598.0,3864.0,564.0
6598.0,3877.0,564.0
6611.0,3877.0,562.0
6611.0,3877.0,562.0
6615.0,3877.0,562.0
6615.0,3874.0,562.0
6619.0,3874.0,559.0
6619.0,3861.0,559.0
6604.0,3861.0,561.0
6604.0,3847.0,561.0
6591.0,3847.0,563.0
6591.0,3833.0,563.0
6575.0,3833.0,563.0
6575.0,3818.0,563.0
6561.0,3818.0,564.0
6561.0,3803.0,564.0
6547.0,3803.0,567.0
6547.0,3788.0,567.0
6533.0,3788.0,568.0
6533.0,3774.0,568.0
6518.0,3774.0,572.0
6518.0,3760.0,572.0
6503.0,3760.0,575.0
6489.0,3760.0,578.0
6489.0,3745.0,578.0
6489.0,3731.0,578.0
6474.0,3731.0,580.0
6460.0,3731.0,581.0
6460.0,3716.0,581.0
6460.0,3701.0,581.0
6445.0,3701.0,582.0
6431.0,3701.0,582.0
6431.0,3687.0,582.0
6431.0,3672.0,582.0
6416.0,3672.0,585.0
6416.0,3658.0,585.0
6402.0,3658.0,589.0
6402.0,3643.0,589.0
6387.0,3643.0,592.0
6387.0,3629.0,592.0
6373.0,3629.0,594.0
6373.0,3614.0,594.0
6358.0,3614.0,597.0
6344.0,3614.0,599.0
6344.0,3600.0,599.0
6344.0,3585.0,599.0
6329.0,3585.0,600.0
6329.0,3572.0,600.0
6317.0,3572.0,600.0
6317.0,3569.0,600.0
6316.0,3569.0,601.0
6316.0,3563.0,601.0
6321.0,3563.0,601.0
6331.0,3563.0,600.0
6331.0,3574.0,600.0
6331.0,3589.0,600.0
6349.0,3589.0,599.0
6360.0,3589.0,597.0
6360.0,3604.0,597.0
6360.0,3619.0,597.0
6377.0,3619.0,596.0
6377.0,3633.0,596.0
6389.0,3633.0,592.0
6389.0,3647.0,592.0
6405.0,3647.0,589.0
6418.0,3647.0,587.0
6418.0,3662.0,587.0
6418.0,3676.0,587.0
6435.0,3676.0,586.0
6447.0,3676.0,585.0
6447.0,3691.0,585.0
6463.0,3691.0,584.0
6463.0,3706.0,584.0
6463.0,3720.0,584.0
6477.0,3720.0,583.0
6477.0,3734.0,583.0
6493.0,3734.0,580.0
6493.0,3749.0,580.0
6506.0,3749.0,577.0
6506.0,3764.0,577.0
6521.0,3764.0,573.0
6535.0,3764.0,570.0
6535.0,3778.0,570.0
6535.0,3792.0,570.0
6550.0,3792.0,567.0
6550.0,3807.0,567.0
6565.0,3807.0,566.0
6565.0,3822.0,566.0
6580.0,3822.0,565.0
6580.0,3836.0,565.0
6593.0,3836.0,564.0
6593.0,3851.0,564.0
6608.0,3851.0,560.0
6608.0,3865.0,560.0
6622.0,3865.0,556.0
6622.0,3870.0,556.0
6622.0,3865.0,556.0
6628.0,3865.0,554.0
6633.0,3865.0,553.0
6623.0,3865.0,553.0
6623.0,3857.0,553.0
6623.0,3842.0,553.0
6607.0,3842.0,554.0
6607.0,3827.0,554.0
6594.0,3827.0,556.0
6594.0,3813.0,556.0
6578.0,3813.0,558.0
6578.0,3798.0,558.0
6578.0,3783.0,558.0
6565.0,3783.0,559.0
6549.0,3783.0,560.0
6536.0,3783.0,562.0
6536.0,3769.0,562.0
6536.0,3755.0,562.0
6520.0,3755.0,566.0
6520.0,3740.0,566.0
6507.0,3740.0,570.0
6507.0,3725.0,570.0
6492.0,3725.0,574.0
6492.0,3711.0,574.0
6478.0,3711.0,577.0
6478.0,3696.0,577.0
6462.0,3696.0,579.0
6462.0,3682.0,579.0
6449.0,3682.0,580.0
6449.0,3668.0,580.0
6433.0,3668.0,580.0
6433.0,3653.0,580.0
6420.0,3653.0,582.0
6420.0,3638.0,582.0
6405.0,3638.0,586.0
6405.0,3624.0,586.0
6390.0,3624.0,589.0
6390.0,3610.0,589.0
6376.0,3610.0,593.0
6376.0,3595.0,593.0
6361.0,3595.0,596.0
6347.0,3595.0,598.0
6347.0,3580.0,598.0
6347.0,3566.0,598.0
6333.0,3566.0,599.0
6333.0,3555.0,599.0
6323.0,3555.0,599.0
6329.0,3555.0,599.0
6329.0,3549.0,599.0
6329.0,3554.0,599.0
6333.0,3554.0,599.0
6333.0,3569.0,599.0
6350.0,3569.0,598.0
6363.0,3569.0,597.0
6363.0,3583.0,597.0
6377.0,3583.0,594.0
6377.0,3597.0,594.0
6391.0,3597.0,591.0
6391.0,3611.0,591.0
6391.0,3626.0,591.0
6406.0,3626.0,588.0
6421.0,3626.0,586.0
6421.0,3641.0,586.0
6421.0,3655.0,586.0
6435.0,3655.0,585.0
6435.0,3670.0,585.0
6450.0,3670.0,585.0
6450.0,3684.0,585.0
6464.0,3684.0,584.0
6464.0,3699.0,584.0
6479.0,3699.0,583.0
6479.0,3713.0,583.0
6493.0,3713.0,580.0
6509.0,3713.0,575.0
6509.0,3728.0,575.0
6509.0,3743.0,575.0
6522.0,3743.0,571.0
6537.0,3743.0,568.0
6537.0,3757.0,568.0
6537.0,3772.0,568.0
6552.0,3772.0,566.0
6567.0,3772.0,566.0
6567.0,3786.0,566.0
6567.0,3801.0,566.0
6581.0,3801.0,565.0
6595.0,3801.0,564.0
6595.0,3816.0,564.0
6595.0,3830.0,564.0
6609.0,3830.0,561.0
6609.0,3844.0,561.0
6625.0,3844.0,555.0
6638.0,3844.0,549.0
6638.0,3858.0,549.0
6642.0,3858.0,550.0
6642.0,3860.0,550.0
6642.0,3855.0,550.0
6645.0,3855.0,542.0
6645.0,3843.0,542.0
6632.0,3843.0,544.0
6618.0,3843.0,548.0
6618.0,3829.0,548.0
6618.0,3815.0,548.0
6604.0,3815.0,549.0
6604.0,3800.0,549.0
6589.0,3800.0,552.0
6575.0,3800.0,553.0
6575.0,3786.0,553.0
6575.0,3771.0,553.0
6560.0,3771.0,554.0
6546.0,3771.0,555.0
6546.0,3756.0,555.0
6546.0,3742.0,555.0
6531.0,3742.0,558.0
6517.0,3742.0,562.0
6517.0,3728.0,562.0
6501.0,3728.0,565.0
6501.0,3713.0,565.0
6488.0,3713.0,569.0
6488.0,3698.0,569.0
6473.0,3698.0,573.0
6473.0,3683.0,573.0
6459.0,3683.0,575.0
6459.0,3669.0,575.0
6444.0,3669.0,575.0
6444.0,3655.0,575.0
6429.0,3655.0,576.0
6429.0,3640.0,576.0
6429.0,3626.0,576.0
6414.0,3626.0,578.0
6401.0,3626.0,581.0
6401.0,3611.0,581.0
6401.0,3596.0,581.0
6386.0,3596.0,589.0
6386.0,3582.0,589.0
6372.0,3582.0,593.0
6372.0,3567.0,593.0
6357.0,3567.0,595.0
6357.0,3553.0,595.0
6343.0,3553.0,597.0
6343.0,3543.0,597.0
6333.0,3543.0,597.0
6333.0,3537.0,597.0
6339.0,3537.0,598.0
6339.0,3541.0,598.0
6343.0,3541.0,597.0
6359.0,3541.0,595.0
6359.0,3556.0,595.0
6359.0,3570.0,595.0
6373.0,3570.0,594.0
6373.0,3584.0,594.0
6388.0,3584.0,591.0
6388.0,3598.0,591.0
6401.0,3598.0,588.0
6401.0,3614.0,588.0
6416.0,3614.0,586.0
6416.0,3628.0,586.0
6431.0,3628.0,585.0
6431.0,3643.0,585.0
6445.0,3643.0,585.0
6445.0,3657.0,585.0
6460.0,3657.0,584.0
6460.0,3671.0,584.0
6474.0,3671.0,583.0
6474.0,3686.0,583.0
6489.0,3686.0,580.0
6489.0,3700.0,580.0
6503.0,3700.0,575.0
6503.0,3715.0,575.0
6518.0,3715.0,571.0
6518.0,3730.0,571.0
6532.0,3730.0,568.0
6532.0,3744.0,568.0
6548.0,3744.0,566.0
6548.0,3758.0,566.0
6561.0,3758.0,566.0
6561.0,3773.0,566.0
6577.0,3773.0,565.0
6577.0,3788.0,565.0
6591.0,3788.0,564.0
6591.0,3803.0,564.0
6605.0,3803.0,561.0
6605.0,3817.0,561.0
6620.0,3817.0,555.0
6620.0,3831.0,555.0
6634.0,3831.0,549.0
6649.0,3831.0,543.0
6649.0,3846.0,543.0
6653.0,3846.0,543.0
6653.0,3850.0,543.0
6653.0,3845.0,543.0
6658.0,3845.0,537.0
6658.0,3835.0,537.0
6648.0,3835.0,538.0
6648.0,3821.0,538.0
6632.0,3821.0,541.0
6632.0,3806.0,541.0
6619.0,3806.0,545.0
6619.0,3792.0,545.0
6603.0,3792.0,549.0
6603.0,3777.0,549.0
6590.0,3777.0,551.0
6590.0,3763.0,551.0
6574.0,3763.0,553.0
6574.0,3748.0,553.0
6561.0,3748.0,554.0
6561.0,3734.0,554.0
6545.0,3734.0,554.0
6545.0,3719.0,554.0
6532.0,3719.0,556.0
6532.0,3705.0,556.0
6517.0,3705.0,560.0
6517.0,3690.0,560.0
6503.0,3690.0,565.0
6503.0,3675.0,565.0
6488.0,3675.0,569.0
6473.0,3675.0,573.0
6473.0,3661.0,573.0
6473.0,3647.0,573.0
6458.0,3647.0,574.0
6458.0,3633.0,574.0
6444.0,3633.0,575.0
6429.0,3633.0,576.0
6429.0,3618.0,576.0
6429.0,3603.0,576.0
6415.0,3603.0,577.0
6415.0,3589.0,577.0
6401.0,3589.0,580.0
6401.0,3574.0,580.0
6386.0,3574.0,589.0
6386.0,3560.0,589.0
6372.0,3560.0,593.0
6372.0,3545.0,593.0
6357.0,3545.0,594.0
6357.0,3532.0,594.0
6345.0,3532.0,596.0
6345.0,3529.0,596.0
6348.0,3529.0,596.0
6348.0,3527.0,596.0
6353.0,3527.0,595.0
6353.0,3540.0,595.0
6366.0,3540.0,594.0
6382.0,3540.0,591.0
6382.0,3555.0,591.0
6395.0,3555.0,588.0
6395.0,3569.0,588.0
6395.0,3584.0,588.0
6410.0,3584.0,586.0
6410.0,3599.0,586.0
6423.0,3599.0,585.0
6423.0,3613.0,585.0
6439.0,3613.0,585.0
6439.0,3628.0,585.0
6453.0,3628.0,584.0
6453.0,3642.0,584.0
6469.0,3642.0,583.0
6469.0,3656.0,583.0
6481.0,3656.0,580.0
6497.0,3656.0,575.0
6497.0,3671.0,575.0
6497.0,3686.0,575.0
6511.0,3686.0,571.0
6527.0,3686.0,569.0
6527.0,3700.0,569.0
6540.0,3700.0,567.0
6540.0,3714.0,567.0
6540.0,3729.0,567.0
6555.0,3729.0,566.0
6569.0,3729.0,565.0
6569.0,3744.0,565.0
6569.0,3758.0,565.0
6585.0,3758.0,564.0
6598.0,3758.0,561.0
6598.0,3773.0,561.0
6613.0,3773.0,556.0
6613.0,3787.0,556.0
6627.0,3787.0,550.0
6627.0,3802.0,550.0
6642.0,3802.0,545.0
6642.0,3816.0,545.0
6657.0,3816.0,542.0
6665.0,3816.0,542.0
6665.0,3831.0,542.0
6665.0,3839.0,542.0
6665.0,3833.0,542.0
6668.0,3833.0,538.0
6668.0,3827.0,538.0
6663.0,3827.0,537.0
6663.0,3813.0,537.0
6645.0,3813.0,537.0
6645.0,3798.0,537.0
6634.0,3798.0,539.0
6634.0,3782.0,539.0
6617.0,3782.0,543.0
6605.0,3782.0,547.0
6605.0,3768.0,547.0
6605.0,3754.0,547.0
6588.0,3754.0,550.0
6588.0,3740.0,550.0
6576.0,3740.0,553.0
6559.0,3740.0,553.0
6559.0,3725.0,553.0
6559.0,3710.0,553.0
6546.0,3710.0,554.0
6530.0,3710.0,556.0
6530.0,3696.0,556.0
6530.0,3681.0,556.0
6517.0,3681.0,560.0
6517.0,3667.0,560.0
6501.0,3667.0,562.0
6501.0,3652.0,562.0
6488.0,3652.0,567.0
6473.0,3652.0,571.0
6473.0,3638.0,571.0
6473.0,3623.0,571.0
6459.0,3623.0,574.0
6459.0,3609.0,574.0
6443.0,3609.0,575.0
6443.0,3594.0,575.0
6429.0,3594.0,575.0
6414.0,3594.0,577.0
6414.0,3580.0,577.0
6414.0,3565.0,577.0
6401.0,3565.0,578.0
6385.0,3565.0,585.0
6385.0,3551.0,585.0
6385.0,3536.0,585.0
6372.0,3536.0,591.0
6372.0,3522.0,591.0
6357.0,3522.0,595.0
6357.0,3522.0,593.0
6357.0,3519.0,593.0
6357.0,3515.0,593.0
6364.0,3515.0,593.0
6364.0,3526.0,593.0
6373.0,3526.0,590.0
6373.0,3540.0,590.0
6391.0,3540.0,588.0
6391.0,3555.0,588.0
6402.0,3555.0,587.0
6402.0,3570.0,587.0
6419.0,3570.0,586.0
6431.0,3570.0,585.0
6431.0,3584.0,585.0
6431.0,3599.0,585.0
6448.0,3599.0,584.0
6461.0,3599.0,583.0
6461.0,3613.0,583.0
6461.0,3628.0,583.0
6477.0,3628.0,580.0
6490.0,3628.0,575.0
6490.0,3643.0,575.0
6490.0,3657.0,575.0
6506.0,3657.0,572.0
6506.0,3671.0,572.0
6520.0,3671.0,569.0
6535.0,3671.0,567.0
6535.0,3686.0,567.0
6535.0,3700.0,567.0
6549.0,3700.0,566.0
6564.0,3700.0,565.0
6564.0,3715.0,565.0
6564.0,3729.0,565.0
6578.0,3729.0,563.0
6593.0,3729.0,559.0
6593.0,3744.0,559.0
6607.0,3744.0,555.0
6607.0,3759.0,555.0
6622.0,3759.0,549.0
6622.0,3773.0,549.0
6622.0,3787.0,549.0
6636.0,3787.0,542.0
6651.0,3787.0,537.0
6651.0,3802.0,537.0
6665.0,3802.0,535.0
6665.0,3817.0,535.0
6676.0,3817.0,535.0
6676.0,3827.0,535.0
6678.0,3827.0,535.0
6678.0,3821.0,535.0
6678.0,3817.0,535.0
6676.0,3817.0,535.0
6676.0,3802.0,535.0
6658.0,3802.0,535.0
6647.0,3802.0,536.0
6647.0,3787.0,536.0
6647.0,3773.0,536.0
6629.0,3773.0,537.0
6629.0,3758.0,537.0
6617.0,3758.0,541.0
6617.0,3745.0,541.0
6601.0,3745.0,545.0
6601.0,3730.0,545.0
6588.0,3730.0,549.0
6588.0,3715.0,549.0
6572.0,3715.0,552.0
6572.0,3700.0,552.0
6558.0,3700.0,553.0
6558.0,3686.0,553.0
6544.0,3686.0,553.0
6544.0,3671.0,553.0
6529.0,3671.0,555.0
6529.0,3657.0,555.0
6514.0,3657.0,558.0
6514.0,3642.0,558.0
6500.0,3642.0,562.0
6500.0,3627.0,562.0
6485.0,3627.0,567.0
6485.0,3613.0,567.0
6471.0,3613.0,571.0
6471.0,3599.0,571.0
6457.0,3599.0,574.0
6457.0,3584.0,574.0
6441.0,3584.0,575.0
6441.0,3570.0,575.0
6427.0,3570.0,575.0
6427.0,3555.0,575.0
6413.0,3555.0,576.0
6413.0,3541.0,576.0
6398.0,3541.0,578.0
6398.0,3526.0,578.0
6384.0,3526.0,580.0
6384.0,3512.0,580.0
6370.0,3512.0,588.0
6370.0,3509.0,588.0
6370.0,3509.0,589.0
6370.0,3505.0,589.0
6377.0,3505.0,589.0
6377.0,3516.0,589.0
6386.0,3516.0,586.0
6386.0,3530.0,586.0
6404.0,3530.0,585.0
6404.0,3545.0,585.0
6415.0,3545.0,585.0
6415.0,3560.0,585.0
6432.0,3560.0,584.0
6444.0,3560.0,584.0
6444.0,3574.0,584.0
6461.0,3574.0,582.0
6461.0,3589.0,582.0
6461.0,3603.0,582.0
6473.0,3603.0,578.0
6473.0,3618.0,578.0
6490.0,3618.0,573.0
6503.0,3618.0,569.0
6503.0,3632.0,569.0
6503.0,3647.0,569.0
6519.0,3647.0,567.0
6532.0,3647.0,566.0
6532.0,3661.0,566.0
6532.0,3676.0,566.0
6548.0,3676.0,566.0
6548.0,3690.0,566.0
6561.0,3690.0,565.0
6561.0,3705.0,565.0
6577.0,3705.0,563.0
6577.0,3720.0,563.0
6591.0,3720.0,558.0
6591.0,3734.0,558.0
6605.0,3734.0,553.0
6605.0,3748.0,553.0
6620.0,3748.0,546.0
6620.0,3763.0,546.0
6635.0,3763.0,540.0
6635.0,3777.0,540.0
6649.0,3777.0,537.0
6649.0,3792.0,537.0
6663.0,3792.0,535.0
6663.0,3807.0,535.0
6678.0,3807.0,535.0
6678.0,3814.0,535.0
6686.0,3814.0,534.0
6686.0,3806.0,534.0
6688.0,3806.0,533.0
6683.0,3806.0,533.0
6683.0,3801.0,533.0
6683.0,3787.0,533.0
6665.0,3787.0,534.0
6665.0,3772.0,534.0
6653.0,3772.0,534.0
6653.0,3757.0,534.0
6637.0,3757.0,536.0
6637.0,3742.0,536.0
6625.0,3742.0,539.0
6625.0,3728.0,539.0
6608.0,3728.0,542.0
6608.0,3714.0,542.0
6595.0,3714.0,545.0
6595.0,3699.0,545.0
6579.0,3699.0,549.0
6579.0,3684.0,549.0
6566.0,3684.0,552.0
6566.0,3670.0,552.0
6550.0,3670.0,553.0
6550.0,3655.0,553.0
6536.0,3655.0,554.0
6521.0,3655.0,555.0
6521.0,3641.0,555.0
6521.0,3627.0,555.0
6507.0,3627.0,558.0
6492.0,3627.0,562.0
6492.0,3612.0,562.0
6492.0,3597.0,562.0
6478.0,3597.0,566.0
6478.0,3583.0,566.0
6463.0,3583.0,569.0
6449.0,3583.0,573.0
6449.0,3568.0,573.0
6434.0,3568.0,575.0
6434.0,3554.0,575.0
6420.0,3554.0,575.0
6420.0,3539.0,575.0
6405.0,3539.0,576.0
6405.0,3525.0,576.0
6405.0,3510.0,576.0
6391.0,3510.0,578.0
6391.0,3499.0,578.0
6381.0,3499.0,580.0
6381.0,3496.0,580.0
6388.0,3496.0,583.0
6388.0,3499.0,583.0
6393.0,3499.0,584.0
6409.0,3499.0,584.0
6409.0,3514.0,584.0
6409.0,3528.0,584.0
6422.0,3528.0,583.0
6422.0,3543.0,583.0
6437.0,3543.0,583.0
6451.0,3543.0,582.0
6451.0,3557.0,582.0
6465.0,3557.0,580.0
6465.0,3572.0,580.0
6465.0,3587.0,580.0
6481.0,3587.0,575.0
6481.0,3601.0,575.0
6495.0,3601.0,570.0
6495.0,3615.0,570.0
6510.0,3615.0,568.0
6524.0,3615.0,566.0
6524.0,3630.0,566.0
6539.0,3630.0,566.0
6539.0,3645.0,566.0
6553.0,3645.0,565.0
6553.0,3659.0,565.0
6569.0,3659.0,563.0
6569.0,3674.0,563.0
6582.0,3674.0,560.0
6582.0,3688.0,560.0
6597.0,3688.0,555.0
6597.0,3702.0,555.0
6597.0,3717.0,555.0
6611.0,3717.0,549.0
6626.0,3717.0,542.0
6626.0,3732.0,542.0
6641.0,3732.0,537.0
6641.0,3746.0,537.0
6641.0,3761.0,537.0
6655.0,3761.0,535.0
6655.0,3775.0,535.0
6669.0,3775.0,535.0
6669.0,3790.0,535.0
6685.0,3790.0,534.0
6685.0,3801.0,534.0
6694.0,3801.0,532.0
6694.0,3794.0,532.0
6696.0,3794.0,531.0
6696.0,3790.0,531.0
6694.0,3790.0,531.0
6694.0,3775.0,531.0
6677.0,3775.0,532.0
6677.0,3761.0,532.0
6665.0,3761.0,532.0
6649.0,3761.0,533.0
6649.0,3746.0,533.0
6637.0,3746.0,534.0
6637.0,3732.0,534.0
6621.0,3732.0,536.0
6621.0,3718.0,536.0
6607.0,3718.0,540.0
6607.0,3703.0,540.0
6607.0,3688.0,540.0
6592.0,3688.0,545.0
6577.0,3688.0,549.0
6577.0,3673.0,549.0
6577.0,3659.0,549.0
6563.0,3659.0,552.0
6563.0,3645.0,552.0
6548.0,3645.0,553.0
6548.0,3631.0,553.0
6533.0,3631.0,553.0
6533.0,3616.0,553.0
6520.0,3616.0,555.0
6520.0,3601.0,555.0
6505.0,3601.0,558.0
6505.0,3587.0,558.0
6490.0,3587.0,561.0
6490.0,3572.0,561.0
6476.0,3572.0,565.0
6476.0,3558.0,565.0
6461.0,3558.0,569.0
6461.0,3543.0,569.0
6446.0,3543.0,573.0
6446.0,3529.0,573.0
6432.0,3529.0,575.0
6432.0,3514.0,575.0
6417.0,3514.0,575.0
6417.0,3499.0,575.0
6403.0,3499.0,575.0
6403.0,3491.0,575.0
6395.0,3491.0,576.0
6395.0,3487.0,576.0
6403.0,3487.0,576.0
6403.0,3492.0,576.0
6408.0,3492.0,576.0
6408.0,3507.0,576.0
6425.0,3507.0,576.0
6425.0,3522.0,576.0
6437.0,3522.0,576.0
6437.0,3536.0,576.0
6453.0,3536.0,575.0
6453.0,3550.0,575.0
6467.0,3550.0,574.0
6482.0,3550.0,571.0
6482.0,3565.0,571.0
6497.0,3565.0,569.0
6497.0,3580.0,569.0
6497.0,3594.0,569.0
6511.0,3594.0,567.0
6511.0,3609.0,567.0
6525.0,3609.0,566.0
6525.0,3623.0,566.0
6540.0,3623.0,566.0
6540.0,3638.0,566.0
6555.0,3638.0,565.0
6555.0,3652.0,565.0
6569.0,3652.0,563.0
6584.0,3652.0,558.0
6584.0,3667.0,558.0
6584.0,3681.0,558.0
6598.0,3681.0,552.0
6598.0,3696.0,552.0
6613.0,3696.0,546.0
6613.0,3710.0,546.0
6627.0,3710.0,539.0
6642.0,3710.0,536.0
6642.0,3725.0,536.0
6642.0,3739.0,536.0
6656.0,3739.0,535.0
6671.0,3739.0,535.0
6671.0,3754.0,535.0
6671.0,3768.0,535.0
6685.0,3768.0,534.0
6685.0,3783.0,534.0
6700.0,3783.0,531.0
6703.0,3783.0,529.0
6703.0,3785.0,529.0
6705.0,3785.0,528.0
6705.0,3778.0,528.0
6694.0,3778.0,530.0
6694.0,3767.0,530.0
6694.0,3753.0,530.0
6678.0,3753.0,531.0
6678.0,3739.0,531.0
6665.0,3739.0,532.0
6665.0,3724.0,532.0
6649.0,3724.0,532.0
6637.0,3724.0,534.0
6637.0,3709.0,534.0
6621.0,3709.0,536.0
6621.0,3695.0,536.0
6607.0,3695.0,539.0
6607.0,3680.0,539.0
6607.0,3666.0,539.0
6592.0,3666.0,543.0
6578.0,3666.0,547.0
6578.0,3651.0,547.0
6563.0,3651.0,551.0
6563.0,3637.0,551.0
6563.0,3622.0,551.0
6549.0,3622.0,553.0
6549.0,3607.0,553.0
6533.0,3607.0,553.0
6533.0,3593.0,553.0
6520.0,3593.0,554.0
6520.0,3579.0,554.0
6504.0,3579.0,556.0
6491.0,3579.0,558.0
6491.0,3564.0,558.0
6476.0,3564.0,563.0
6476.0,3550.0,563.0
6476.0,3535.0,563.0
6461.0,3535.0,567.0
6461.0,3520.0,567.0
6446.0,3520.0,572.0
6446.0,3506.0,572.0
6432.0,3506.0,574.0
6432.0,3492.0,574.0
6417.0,3492.0,575.0
6417.0,3483.0,575.0
6410.0,3483.0,575.0
6410.0,3479.0,575.0
6419.0,3479.0,575.0
6419.0,3485.0,575.0
6424.0,3485.0,576.0
6424.0,3500.0,576.0
6441.0,3500.0,575.0
6441.0,3515.0,575.0
6454.0,3515.0,574.0
6469.0,3515.0,573.0
6469.0,3529.0,573.0
6483.0,3529.0,570.0
6483.0,3543.0,570.0
6498.0,3543.0,568.0
6498.0,3558.0,568.0
6513.0,3558.0,566.0
6513.0,3573.0,566.0
6527.0,3573.0,565.0
6527.0,3587.0,565.0
6541.0,3587.0,565.0
6541.0,3602.0,565.0
6556.0,3602.0,564.0
6556.0,3616.0,564.0
6571.0,3616.0,561.0
6571.0,3631.0,561.0
6585.0,3631.0,555.0
6585.0,3645.0,555.0
6600.0,3645.0,549.0
6600.0,3660.0,549.0
6614.0,3660.0,542.0
6614.0,3674.0,542.0
6614.0,3689.0,542.0
6629.0,3689.0,537.0
6629.0,3703.0,537.0
6643.0,3703.0,536.0
6643.0,3718.0,536.0
6658.0,3718.0,536.0
6658.0,3732.0,536.0
6673.0,3732.0,534.0
6673.0,3747.0,534.0
6688.0,3747.0,532.0
6688.0,3762.0,532.0
6701.0,3762.0,529.0
6701.0,3770.0,529.0
6710.0,3770.0,526.0
6710.0,3762.0,526.0
6711.0,3762.0,524.0
6708.0,3762.0,525.0
6708.0,3758.0,525.0
6708.0,3743.0,525.0
6690.0,3743.0,528.0
6690.0,3728.0,528.0
6678.0,3728.0,530.0
6678.0,3713.0,530.0
6661.0,3713.0,531.0
6649.0,3713.0,532.0
6649.0,3699.0,532.0
6649.0,3685.0,532.0
6633.0,3685.0,533.0
6633.0,3671.0,533.0
6621.0,3671.0,536.0
6621.0,3656.0,536.0
6604.0,3656.0,541.0
6591.0,3656.0,542.0
6591.0,3641.0,542.0
6575.0,3641.0,547.0
6575.0,3627.0,547.0
6575.0,3612.0,547.0
6562.0,3612.0,551.0
6562.0,3598.0,551.0
6546.0,3598.0,553.0
6532.0,3598.0,553.0
6532.0,3583.0,553.0
6532.0,3569.0,553.0
6517.0,3569.0,554.0
6503.0,3569.0,555.0
6503.0,3554.0,555.0
6489.0,3554.0,558.0
6489.0,3540.0,558.0
6474.0,3540.0,563.0
6474.0,3525.0,563.0
6459.0,3525.0,568.0
6459.0,3511.0,568.0
6459.0,3496.0,568.0
6445.0,3496.0,573.0
6431.0,3496.0,575.0
6431.0,3481.0,575.0
6427.0,3481.0,575.0
6427.0,3477.0,575.0
6437.0,3477.0,576.0
6437.0,3473.0,576.0
6437.0,3482.0,576.0
6442.0,3482.0,577.0
6442.0,3497.0,577.0
6462.0,3497.0,576.0
6462.0,3512.0,576.0
6473.0,3512.0,572.0
6473.0,3526.0,572.0
6490.0,3526.0,569.0
6490.0,3540.0,569.0
6502.0,3540.0,567.0
6518.0,3540.0,566.0
6518.0,3555.0,566.0
6532.0,3555.0,565.0
6532.0,3569.0,565.0
6548.0,3569.0,565.0
6548.0,3584.0,565.0
6561.0,3584.0,563.0
6561.0,3599.0,563.0
6576.0,3599.0,558.0
6576.0,3613.0,558.0
6589.0,3613.0,552.0
6589.0,3628.0,552.0
6605.0,3628.0,546.0
6605.0,3642.0,546.0
6619.0,3642.0,539.0
6619.0,3656.0,539.0
6619.0,3671.0,539.0
6634.0,3671.0,536.0
6649.0,3671.0,535.0
6649.0,3686.0,535.0
6663.0,3686.0,534.0
6663.0,3700.0,534.0
6663.0,3715.0,534.0
6678.0,3715.0,532.0
6693.0,3715.0,529.0
6693.0,3729.0,529.0
6707.0,3729.0,524.0
6707.0,3744.0,524.0
6716.0,3744.0,523.0
6716.0,3754.0,523.0
6717.0,3754.0,523.0
6717.0,3746.0,523.0
6714.0,3746.0,523.0
6714.0,3742.0,523.0
6698.0,3742.0,526.0
6698.0,3727.0,526.0
6685.0,3727.0,528.0
6685.0,3712.0,528.0
6669.0,3712.0,530.0
6669.0,3698.0,530.0
6656.0,3698.0,531.0
6656.0,3684.0,531.0
6641.0,3684.0,531.0
6627.0,3684.0,533.0
6627.0,3670.0,533.0
6612.0,3670.0,536.0
6612.0,3655.0,536.0
6612.0,3640.0,536.0
6612.0,3625.0,536.0
6597.0,3625.0,541.0
6597.0,3611.0,541.0
6582.0,3611.0,542.0
6568.0,3611.0,547.0
6568.0,3597.0,547.0
6568.0,3582.0,547.0
6554.0,3582.0,551.0
6554.0,3568.0,551.0
6539.0,3568.0,553.0
6539.0,3553.0,553.0
6525.0,3553.0,553.0
6525.0,3539.0,553.0
6509.0,3539.0,553.0
6509.0,3524.0,553.0
6496.0,3524.0,555.0
6496.0,3509.0,555.0
6481.0,3509.0,558.0
6467.0,3509.0,563.0
6467.0,3495.0,563.0
6452.0,3495.0,568.0
6452.0,3480.0,568.0
6443.0,3480.0,569.0
6443.0,3471.0,569.0
6453.0,3471.0,571.0
6453.0,3469.0,571.0
6457.0,3469.0,571.0
6457.0,3472.0,571.0
6457.0,3487.0,571.0
6473.0,3487.0,569.0
6487.0,3487.0,568.0
6487.0,3502.0,568.0
6501.0,3502.0,566.0
6501.0,3516.0,566.0
6501.0,3530.0,566.0
6516.0,3530.0,565.0
6530.0,3530.0,565.0
6530.0,3545.0,565.0
6530.0,3560.0,565.0
6545.0,3560.0,564.0
6545.0,3574.0,564.0
6559.0,3574.0,561.0
6559.0,3589.0,561.0
6574.0,3589.0,554.0
6574.0,3603.0,554.0
6588.0,3603.0,548.0
6588.0,3618.0,548.0
6604.0,3618.0,540.0
6604.0,3632.0,540.0
6617.0,3632.0,537.0
6617.0,3647.0,537.0
6633.0,3647.0,535.0
6633.0,3661.0,535.0
6646.0,3661.0,534.0
6646.0,3676.0,534.0
6662.0,3676.0,534.0
6662.0,3690.0,534.0
6676.0,3690.0,532.0
6676.0,3705.0,532.0
6691.0,3705.0,529.0
6691.0,3719.0,529.0
6705.0,3719.0,524.0
6719.0,3719.0,520.0
6719.0,3733.0,520.0
6721.0,3733.0,521.0
6721.0,3734.0,521.0
6721.0,3726.0,521.0
6722.0,3726.0,519.0
6722.0,3715.0,519.0
6711.0,3715.0,520.0
6711.0,3701.0,520.0
6695.0,3701.0,524.0
6695.0,3687.0,524.0
6682.0,3687.0,527.0
6666.0,3687.0,530.0
6666.0,3673.0,530.0
6653.0,3673.0,531.0
6653.0,3658.0,531.0
6653.0,3643.0,531.0
6638.0,3643.0,531.0
6638.0,3629.0,531.0
6624.0,3629.0,533.0
6608.0,3629.0,535.0
6608.0,3615.0,535.0
6608.0,3600.0,535.0
6595.0,3600.0,538.0
6580.0,3600.0,543.0
6580.0,3585.0,543.0
6565.0,3585.0,547.0
6565.0,3570.0,547.0
6565.0,3556.0,547.0
6550.0,3556.0,551.0
6550.0,3541.0,551.0
6536.0,3541.0,553.0
6536.0,3527.0,553.0
6521.0,3527.0,553.0
6521.0,3513.0,553.0
6507.0,3513.0,554.0
6507.0,3498.0,554.0
6493.0,3498.0,555.0
6493.0,3483.0,555.0
6478.0,3483.0,558.0
6478.0,3469.0,558.0
6464.0,3469.0,563.0
6464.0,3467.0,563.0
6465.0,3467.0,563.0
6465.0,3465.0,563.0
6475.0,3465.0,568.0
6475.0,3475.0,568.0
6482.0,3475.0,566.0
6501.0,3475.0,565.0
6501.0,3489.0,565.0
6501.0,3504.0,565.0
6511.0,3504.0,565.0
6529.0,3504.0,564.0
6529.0,3519.0,564.0
6540.0,3519.0,564.0
6540.0,3534.0,564.0
6558.0,3534.0,561.0
6558.0,3548.0,561.0
6570.0,3548.0,555.0
6570.0,3563.0,555.0
6570.0,3577.0,555.0
6586.0,3577.0,549.0
6586.0,3592.0,549.0
6599.0,3592.0,542.0
6615.0,3592.0,536.0
6615.0,3606.0,536.0
6629.0,3606.0,535.0
6629.0,3621.0,535.0
6644.0,3621.0,535.0
6644.0,3635.0,535.0
6658.0,3635.0,534.0
6658.0,3650.0,534.0
6673.0,3650.0,532.0
6673.0,3664.0,532.0
6673.0,3679.0,532.0
6688.0,3679.0,529.0
6688.0,3693.0,529.0
6702.0,3693.0,524.0
6702.0,3708.0,524.0
6717.0,3708.0,520.0
6717.0,3717.0,520.0
6725.0,3717.0,520.0
6724.0,3717.0,516.0
6724.0,3707.0,516.0
6722.0,3707.0,517.0
6722.0,3704.0,517.0
6722.0,3689.0,517.0
6705.0,3689.0,520.0
6705.0,3674.0,520.0
6693.0,3674.0,524.0
6693.0,3659.0,524.0
6677.0,3659.0,527.0
6663.0,3659.0,530.0
6663.0,3645.0,530.0
6663.0,3631.0,530.0
6648.0,3631.0,531.0
6648.0,3617.0,531.0
6634.0,3617.0,531.0
6634.0,3601.0,531.0
6619.0,3601.0,532.0
6619.0,3587.0,532.0
6605.0,3587.0,534.0
6590.0,3587.0,538.0
6590.0,3573.0,538.0
6576.0,3573.0,543.0
6576.0,3558.0,543.0
6561.0,3558.0,545.0
6561.0,3544.0,545.0
6561.0,3529.0,545.0
6547.0,3529.0,549.0
6547.0,3515.0,549.0
6532.0,3515.0,552.0
6532.0,3500.0,552.0
6517.0,3500.0,553.0
6517.0,3485.0,553.0
6503.0,3485.0,553.0
6503.0,3471.0,553.0
6503.0,3463.0,553.0
6489.0,3463.0,555.0
6489.0,3463.0,555.0
6482.0,3463.0,558.0
6482.0,3467.0,558.0
6493.0,3467.0,557.0
6493.0,3482.0,557.0
6497.0,3482.0,558.0
6497.0,3497.0,558.0
6516.0,3497.0,558.0
6528.0,3497.0,557.0
6528.0,3511.0,557.0
6543.0,3511.0,558.0
6543.0,3526.0,558.0
6557.0,3526.0,556.0
6557.0,3540.0,556.0
6572.0,3540.0,550.0
6572.0,3555.0,550.0
6587.0,3555.0,542.0
6587.0,3569.0,542.0
6601.0,3569.0,538.0
6601.0,3584.0,538.0
6616.0,3584.0,535.0
6616.0,3599.0,535.0
6629.0,3599.0,535.0
6629.0,3613.0,535.0
6645.0,3613.0,534.0
6645.0,3628.0,534.0
6659.0,3628.0,533.0
6659.0,3642.0,533.0
6674.0,3642.0,530.0
6674.0,3657.0,530.0
6688.0,3657.0,526.0
6688.0,3671.0,526.0
6703.0,3671.0,521.0
6703.0,3686.0,521.0
6717.0,3686.0,518.0
6717.0,3696.0,518.0
6727.0,3696.0,518.0
6727.0,3688.0,518.0
6725.0,3688.0,518.0
6725.0,3684.0,518.0
6725.0,3684.0,518.0
6725.0,3669.0,518.0
6709.0,3669.0,518.0
6696.0,3669.0,521.0
6696.0,3655.0,521.0
6696.0,3640.0,521.0
6681.0,3640.0,526.0
6681.0,3626.0,526.0
6667.0,3626.0,527.0
6652.0,3626.0,530.0
6652.0,3612.0,530.0
6652.0,3597.0,530.0
6637.0,3597.0,531.0
6637.0,3582.0,531.0
6622.0,3582.0,531.0
6622.0,3568.0,531.0
6608.0,3568.0,533.0
6608.0,3553.0,533.0
6594.0,3553.0,536.0
6594.0,3539.0,536.0
6579.0,3539.0,540.0
6579.0,3524.0,540.0
6565.0,3524.0,545.0
6565.0,3509.0,545.0
6549.0,3509.0,548.0
6549.0,3495.0,548.0
6536.0,3495.0,551.0
6521.0,3495.0,553.0
6521.0,3481.0,553.0
6521.0,3466.0,553.0
6507.0,3466.0,553.0
6507.0,3462.0,553.0
6505.0,3462.0,553.0
6505.0,3463.0,553.0
6518.0,3463.0,553.0
6518.0,3469.0,553.0
6522.0,3469.0,554.0
6542.0,3469.0,552.0
6542.0,3484.0,552.0
6551.0,3484.0,547.0
6551.0,3499.0,547.0
6569.0,3499.0,545.0
6569.0,3514.0,545.0
6581.0,3514.0,541.0
6581.0,3528.0,541.0
6581.0,3543.0,541.0
6598.0,3543.0,537.0
6598.0,3557.0,537.0
6611.0,3557.0,535.0
6626.0,3557.0,535.0
6626.0,3571.0,535.0
6626.0,3586.0,535.0
6640.0,3586.0,534.0
6640.0,3601.0,534.0
6655.0,3601.0,532.0
6655.0,3615.0,532.0
6669.0,3615.0,529.0
6669.0,3630.0,529.0
6685.0,3630.0,526.0
6685.0,3644.0,526.0
6699.0,3644.0,522.0
6699.0,3659.0,522.0
6713.0,3659.0,518.0
6713.0,3672.0,518.0
6726.0,3672.0,515.0
6726.0,3669.0,515.0
6725.0,3669.0,517.0
6725.0,3660.0,517.0
6725.0,3660.0,517.0
6725.0,3649.0,517.0
6714.0,3649.0,516.0
6714.0,3636.0,516.0
6697.0,3636.0,520.0
6697.0,3621.0,520.0
6685.0,3621.0,522.0
6669.0,3621.0,525.0
6669.0,3607.0,525.0
6669.0,3592.0,525.0
6656.0,3592.0,529.0
6656.0,3577.0,529.0
6640.0,3577.0,531.0
6640.0,3563.0,531.0
6626.0,3563.0,531.0
6626.0,3548.0,531.0
6611.0,3548.0,532.0
6597.0,3548.0,534.0
6597.0,3534.0,534.0
6597.0,3519.0,534.0
6582.0,3519.0,538.0
6582.0,3504.0,538.0
6568.0,3504.0,542.0
6568.0,3490.0,542.0
6553.0,3490.0,548.0
6553.0,3475.0,548.0
6538.0,3475.0,551.0
6538.0,3464.0,551.0
6528.0,3464.0,552.0
6528.0,3465.0,552.0
6536.0,3465.0,550.0
6536.0,3466.0,550.0
6545.0,3466.0,547.0
6545.0,3478.0,547.0
6553.0,3478.0,544.0
6553.0,3492.0,544.0
6572.0,3492.0,542.0
6572.0,3507.0,542.0
6583.0,3507.0,539.0
6583.0,3522.0,539.0
6601.0,3522.0,536.0
6601.0,3536.0,536.0
6612.0,3536.0,535.0
6612.0,3551.0,535.0
6629.0,3551.0,535.0
6629.0,3565.0,535.0
6641.0,3565.0,534.0
6641.0,3580.0,534.0
6658.0,3580.0,532.0
6671.0,3580.0,528.0
6671.0,3594.0,528.0
6671.0,3609.0,528.0
6687.0,3609.0,524.0
6687.0,3623.0,524.0
6700.0,3623.0,519.0
6700.0,3638.0,519.0
6716.0,3638.0,516.0
6716.0,3647.0,516.0
6723.0,3647.0,517.0
6723.0,3637.0,517.0
6721.0,3637.0,517.0
6721.0,3633.0,517.0
6719.0,3633.0,517.0
6719.0,3618.0,517.0
6704.0,3618.0,516.0
6704.0,3603.0,516.0
6690.0,3603.0,519.0
6690.0,3589.0,519.0
6676.0,3589.0,523.0
6676.0,3575.0,523.0
6661.0,3575.0,527.0
6661.0,3561.0,527.0
6647.0,3561.0,529.0
6647.0,3546.0,529.0
6632.0,3546.0,531.0
6632.0,3531.0,531.0
6618.0,3531.0,531.0
6618.0,3517.0,531.0
6603.0,3517.0,532.0
6603.0,3503.0,532.0
6589.0,3503.0,534.0
6589.0,3488.0,534.0
6574.0,3488.0,538.0
6574.0,3473.0,538.0
6559.0,3473.0,543.0
6559.0,3467.0,543.0
6554.0,3467.0,542.0
6554.0,3472.0,542.0
6569.0,3472.0,539.0
6569.0,3475.0,539.0
6575.0,3475.0,541.0
6575.0,3489.0,541.0
6589.0,3489.0,537.0
6589.0,3504.0,537.0
6604.0,3504.0,535.0
6604.0,3518.0,535.0
6617.0,3518.0,535.0
6617.0,3533.0,535.0
6633.0,3533.0,534.0
6633.0,3546.0,534.0
6646.0,3546.0,533.0
6646.0,3562.0,533.0
6663.0,3562.0,529.0
6663.0,3577.0,529.0
6675.0,3577.0,524.0
6675.0,3591.0,524.0
6691.0,3591.0,519.0
6691.0,3605.0,519.0
6704.0,3605.0,516.0
6704.0,3617.0,516.0
6717.0,3617.0,515.0
6717.0,3612.0,515.0
6713.0,3612.0,517.0
6713.0,3599.0,517.0
6709.0,3599.0,518.0
6701.0,3599.0,516.0
6701.0,3591.0,516.0
6701.0,3577.0,516.0
6684.0,3577.0,519.0
6684.0,3562.0,519.0
6672.0,3562.0,523.0
6672.0,3547.0,523.0
6656.0,3547.0,527.0
6656.0,3533.0,527.0
6643.0,3533.0,529.0
6643.0,3518.0,529.0
6627.0,3518.0,531.0
6627.0,3504.0,531.0
6613.0,3504.0,531.0
6613.0,3489.0,531.0
6598.0,3489.0,532.0
6598.0,3479.0,532.0
6590.0,3479.0,534.0
6590.0,3484.0,534.0
6600.0,3484.0,533.0
6600.0,3491.0,533.0
6615.0,3491.0,532.0
6615.0,3499.0,532.0
6619.0,3499.0,532.0
6619.0,3514.0,532.0
6640.0,3514.0,531.0
6640.0,3528.0,531.0
6649.0,3528.0,529.0
6649.0,3543.0,529.0
6667.0,3543.0,526.0
6667.0,3558.0,526.0
6678.0,3558.0,521.0
6678.0,3572.0,521.0
6696.0,3572.0,518.0
6696.0,3579.0,518.0
6700.0,3579.0,519.0
6700.0,3567.0,519.0
6700.0,3544.0,519.0
6692.0,3544.0,519.0
6673.0,3544.0,522.0
6673.0,3536.0,522.0
6667.0,3536.0,524.0
6667.0,3520.0,524.0
6651.0,3520.0,527.0
6651.0,3515.0,527.0
6648.0,3515.0,525.0
6648.0,3515.0,525.0
6649.0,3515.0,525.0
6649.0,3515.0,525.0
6648.0,3515.0,525.0
6648.0,3515.0,525.0
6648.0,3515.0,525.0
6648.0,3515.0,525.0
6648.0,3515.0,525.0
6648.0,3515.0,525.0
6649.0,3515.0,525.0
6649.0,3515.0,525.0
6648.0,3515.0,525.0
6648.0,3515.0,525.0
6648.0,3515.0,525.0
6648.0,3515.0,525.0
6648.0,3515.0,525.0
6648.0,3515.0,525.0
6648.0,3515.0,525.0
6648.0,3515.0,525.0
6648.0,3515.0,525.0
6648.0,3515.0,525.0
6648.0,3515.0,525.0
6648.0,3515.0,525.0
6648.0,3515.0,525.0
6648.0,3515.0,525.0
6648.0,3515.0,525.0
6648.0,3515.0,525.0
6648.0,3515.0,525.0
6648.0,3515.0,525.0
6648.0,3515.0,525.0
6648.0,3515.0,525.0
6648.0,3515.0,525.0
6648.0,3515.0,525.0
6648.0,3515.0,525.0
6648.0,3515.0,525.0
6648.0,3515.0,525.0
6648.0,3515.0,525.0
6648.0,3515.0,525.0
6648.0,3515.0,525.0
6648.0,3515.0,525.0
6648.0,3515.0,525.0
6648.0,3515.0,525.0
6648.0,3515.0,525.0
6648.0,3515.0,525.0
6648.0,3515.0,525.0
6648.0,3515.0,525.0
6648.0,3515.0,525.0
6648.0,3515.0,525.0
6648.0,3515.0,525.0
6648.0,3515.0,525.0
6648.0,3515.0,525.0
6648.0,3515.0,525.0
6648.0,3515.0,525.0
6648.0,3515.0,525.0
6648.0,3515.0,525.0
6648.0,3515.0,525.0
6648.0,3515.0,525.0
6648.0,3515.0,525.0
6648.0,3515.0,525.0
6648.0,3515.0,525.0
6648.0,3515.0,525.0
6648.0,3515.0,525.0
6648.0,3515.0,525.0
6648.0,3515.0,525.0
6648.0,3515.0,525.0
6648.0,3515.0,525.0
6648.0,3515.0,525.0
6648.0,3516.0,525.0
6648.0,3516.0,525.0
6648.0,3516.0,525.0
6648.0,3516.0,525.0
6648.0,3516.0,525.0
6648.0,3516.0,525.0
6648.0,3516.0,525.0
6648.0,3516.0,525.0
6648.0,3516.0,525.0
6648.0,3516.0,525.0
6648.0,3516.0,525.0
6648.0,3516.0,525.0
6648.0,3516.0,525.0
6648.0,3516.0,525.0
6648.0,3516.0,525.0
6648.0,3516.0,525.0
6648.0,3516.0,525.0
6648.0,3516.0,525.0
6648.0,3516.0,525.0
6648.0,3516.0,525.0
6648.0,3516.0,532.0
6648.0,3516.0,532.0
6648.0,3516.0,571.0
6648.0,3516.0,571.0
6648.0,3516.0,618.0
6648.0,3516.0,618.0
6648.0,3516.0,682.0
6648.0,3516.0,682.0
6648.0,3516.0,755.0
6648.0,3516.0,755.0
6648.0,3516.0,846.0
6648.0,3516.0,846.0
6648.0,3516.0,940.0
6648.0,3516.0,940.0
6648.0,3516.0,999.0
6648.0,3517.0,999.0
6635.0,3517.0,1000.0
6635.0,3520.0,1000.0
6594.0,3520.0,1008.0
6594.0,3524.0,1008.0
6555.0,3524.0,1015.0
6555.0,3529.0,1015.0
6513.0,3529.0,1021.0
6513.0,3533.0,1021.0
6473.0,3533.0,1036.0
6431.0,3533.0,1039.0
6431.0,3537.0,1039.0
6392.0,3537.0,1053.0
6392.0,3541.0,1053.0
6350.0,3541.0,1059.0
6350.0,3545.0,1059.0
6350.0,3549.0,1059.0
6317.0,3549.0,1062.0
6308.0,3549.0,1067.0
6308.0,3550.0,1067.0
6300.0,3550.0,1073.0
6300.0,3544.0,1073.0
6300.0,3539.0,1073.0
6287.0,3539.0,1075.0
6287.0,3537.0,1075.0
6275.0,3537.0,1084.0
6275.0,3533.0,1084.0
6236.0,3533.0,1086.0
6236.0,3532.0,1086.0
6235.0,3532.0,1088.0
6235.0,3532.0,1088.0
6233.0,3532.0,1088.0
6233.0,3532.0,1088.0
6234.0,3532.0,1088.0
6236.0,3532.0,1088.0
6236.0,3532.0,1088.0
6236.0,3532.0,1088.0
6235.0,3532.0,1088.0
6235.0,3532.0,1088.0
6234.0,3532.0,1088.0
6234.0,3532.0,1088.0
6233.0,3532.0,1088.0
6233.0,3532.0,1088.0
6234.0,3532.0,1088.0
6234.0,3532.0,1088.0
6235.0,3532.0,1088.0
6235.0,3532.0,1088.0
6235.0,3532.0,1088.0
6235.0,3532.0,1088.0
6234.0,3532.0,1088.0
6234.0,3532.0,1088.0
6234.0,3532.0,1088.0
6234.0,3532.0,1088.0
6234.0,3532.0,1088.0
6234.0,3532.0,1088.0
6235.0,3532.0,1088.0
6235.0,3532.0,1088.0
6235.0,3532.0,1088.0
6235.0,3532.0,1088.0
6234.0,3532.0,1088.0
6234.0,3532.0,1088.0
6234.0,3532.0,1088.0
6234.0,3532.0,1088.0
6234.0,3532.0,1088.0
6234.0,3532.0,1088.0
6235.0,3532.0,1088.0
6235.0,3532.0,1088.0
6235.0,3532.0,1088.0
6235.0,3532.0,1088.0
6234.0,3532.0,1088.0
6234.0,3532.0,1088.0
6234.0,3532.0,1088.0
6234.0,3532.0,1088.0
6234.0,3532.0,1088.0
6234.0,3532.0,1088.0
6235.0,3532.0,1088.0
6235.0,3532.0,1088.0
6235.0,3532.0,1088.0
6235.0,3532.0,1088.0
6234.0,3532.0,1088.0
6234.0,3532.0,1088.0
6234.0,3532.0,1088.0
6234.0,3532.0,1088.0
6234.0,3532.0,1088.0
6234.0,3532.0,1088.0
6235.0,3532.0,1088.0
6235.0,3532.0,1088.0
6235.0,3532.0,1088.0
6235.0,3532.0,1088.0
6234.0,3532.0,1088.0
6234.0,3532.0,1088.0
6234.0,3532.0,1088.0
6234.0,3532.0,1088.0
6234.0,3532.0,1088.0
6234.0,3532.0,1088.0
6235.0,3532.0,1088.0
6235.0,3532.0,1088.0
6235.0,3532.0,1088.0
6235.0,3532.0,1088.0
6234.0,3532.0,1088.0
6234.0,3532.0,1088.0
6234.0,3532.0,1088.0
6234.0,3532.0,1088.0
6234.0,3532.0,1088.0
6234.0,3532.0,1088.0
6235.0,3532.0,1088.0
6235.0,3532.0,1088.0
6235.0,3532.0,1088.0
6235.0,3532.0,1088.0
6234.0,3532.0,1088.0
6234.0,3532.0,1088.0
6234.0,3532.0,1088.0
6234.0,3532.0,1088.0
6234.0,3532.0,1088.0
6234.0,3532.0,1088.0
6235.0,3532.0,1088.0
6235.0,3531.0,1088.0
6235.0,3531.0,1088.0
6241.0,3531.0,1087.0
6241.0,3521.0,1087.0
6241.0,3505.0,1087.0
6253.0,3505.0,1087.0
6253.0,3491.0,1087.0
6263.0,3491.0,1086.0
6263.0,3475.0,1086.0
6277.0,3475.0,1086.0
6277.0,3460.0,1086.0
6289.0,3460.0,1081.0
6289.0,3448.0,1081.0
6303.0,3448.0,1076.0
6303.0,3436.0,1076.0
6320.0,3436.0,1075.0
6320.0,3424.0,1075.0
6335.0,3424.0,1074.0
6335.0,3414.0,1074.0
6351.0,3414.0,1070.0
6367.0,3414.0,1058.0
6367.0,3405.0,1058.0
6367.0,3399.0,1058.0
6383.0,3399.0,1048.0
6399.0,3399.0,1044.0
6399.0,3392.0,1044.0
6417.0,3392.0,1043.0
6417.0,3386.0,1043.0
6417.0,3381.0,1043.0
6435.0,3381.0,1041.0
6435.0,3378.0,1041.0
6449.0,3378.0,1036.0
6449.0,3375.0,1036.0
6467.0,3375.0,1030.0
6467.0,3374.0,1030.0
6482.0,3374.0,1025.0
6482.0,3373.0,1025.0
6505.0,3373.0,1021.0
6523.0,3373.0,1020.0
6523.0,3373.0,1020.0
6523.0,3375.0,1020.0
6539.0,3375.0,1017.0
6539.0,3377.0,1017.0
6559.0,3377.0,1012.0
6559.0,3380.0,1012.0
6573.0,3380.0,1008.0
6573.0,3385.0,1008.0
6592.0,3385.0,1003.0
6611.0,3385.0,1000.0
6611.0,3390.0,1000.0
6624.0,3390.0,1000.0
6624.0,3396.0,1000.0
6641.0,3396.0,999.0
6641.0,3402.0,999.0
6653.0,3402.0,997.0
6653.0,3411.0,997.0
6674.0,3411.0,995.0
6674.0,3421.0,995.0
6688.0,3421.0,989.0
6688.0,3432.0,989.0
6706.0,3432.0,986.0
6706.0,3444.0,986.0
6715.0,3444.0,984.0
6715.0,3456.0,984.0
6732.0,3456.0,984.0
6732.0,3470.0,984.0
6742.0,3470.0,984.0
6742.0,3485.0,984.0
6756.0,3485.0,983.0
6756.0,3499.0,983.0
6764.0,3499.0,982.0
6764.0,3513.0,982.0
6764.0,3527.0,982.0
6774.0,3527.0,981.0
6782.0,3527.0,980.0
6782.0,3545.0,980.0
6782.0,3565.0,980.0
6792.0,3565.0,978.0
6798.0,3565.0,977.0
6798.0,3583.0,977.0
6798.0,3601.0,977.0
6805.0,3601.0,977.0
6805.0,3615.0,977.0
6808.0,3615.0,977.0
6808.0,3634.0,977.0
6811.0,3634.0,977.0
6811.0,3647.0,977.0
6813.0,3647.0,977.0
6813.0,3668.0,977.0
6816.0,3668.0,977.0
6816.0,3686.0,977.0
6816.0,3686.0,977.0
6816.0,3703.0,977.0
6816.0,3703.0,977.0
6816.0,3721.0,977.0
6813.0,3721.0,977.0
6812.0,3721.0,978.0
6812.0,3738.0,978.0
6812.0,3755.0,978.0
6809.0,3755.0,979.0
6809.0,3768.0,979.0
6805.0,3768.0,980.0
6798.0,3768.0,980.0
6798.0,3788.0,980.0
6798.0,3803.0,980.0
6792.0,3803.0,980.0
6792.0,3821.0,980.0
6785.0,3821.0,981.0
6785.0,3836.0,981.0
6777.0,3836.0,981.0
6777.0,3851.0,981.0
6769.0,3851.0,984.0
6769.0,3867.0,984.0
6755.0,3867.0,988.0
6755.0,3883.0,988.0
6745.0,3883.0,992.0
6745.0,3898.0,992.0
6731.0,3898.0,995.0
6718.0,3898.0,997.0
6718.0,3912.0,997.0
6704.0,3912.0,998.0
6704.0,3923.0,998.0
6689.0,3923.0,1001.0
6689.0,3934.0,1001.0
6673.0,3934.0,1007.0
6673.0,3946.0,1007.0
6656.0,3946.0,1013.0
6656.0,3956.0,1013.0
6656.0,3963.0,1013.0
6642.0,3963.0,1015.0
6642.0,3972.0,1015.0
6624.0,3972.0,1017.0
6609.0,3972.0,1020.0
6609.0,3977.0,1020.0
6609.0,3983.0,1020.0
6592.0,3983.0,1026.0
6592.0,3987.0,1026.0
6576.0,3987.0,1032.0
6559.0,3987.0,1037.0
6559.0,3991.0,1037.0
6542.0,3991.0,1039.0
6542.0,3993.0,1039.0
6525.0,3993.0,1040.0
6525.0,3995.0,1040.0
6504.0,3995.0,1044.0
6504.0,3996.0,1044.0
6488.0,3996.0,1051.0
6488.0,3996.0,1051.0
6468.0,3996.0,1057.0
6468.0,3994.0,1057.0
6451.0,3994.0,1059.0
6451.0,3992.0,1059.0
6451.0,3988.0,1059.0
6433.0,3988.0,1060.0
6433.0,3984.0,1060.0
6419.0,3984.0,1062.0
6419.0,3978.0,1062.0
6397.0,3978.0,1068.0
6397.0,3972.0,1068.0
6385.0,3972.0,1074.0
6385.0,3964.0,1074.0
6365.0,3964.0,1081.0
6365.0,3956.0,1081.0
6351.0,3956.0,1083.0
6351.0,3946.0,1083.0
6333.0,3946.0,1085.0
6333.0,3936.0,1085.0
6320.0,3936.0,1086.0
6305.0,3936.0,1089.0
6305.0,3924.0,1089.0
6305.0,3912.0,1089.0
6291.0,3912.0,1091.0
6279.0,3912.0,1098.0
6279.0,3899.0,1098.0
6265.0,3899.0,1100.0
6265.0,3885.0,1100.0
6265.0,3870.0,1100.0
6254.0,3870.0,1106.0
6244.0,3870.0,1107.0
6244.0,3856.0,1107.0
6237.0,3856.0,1107.0
6237.0,3841.0,1107.0
6226.0,3841.0,1110.0
6226.0,3822.0,1110.0
6220.0,3822.0,1108.0
6220.0,3808.0,1108.0
6213.0,3808.0,1109.0
6213.0,3792.0,1109.0
6209.0,3792.0,1109.0
6209.0,3775.0,1109.0
6209.0,3755.0,1109.0
6204.0,3755.0,1110.0
6204.0,3742.0,1110.0
6201.0,3742.0,1109.0
6201.0,3722.0,1109.0
6198.0,3722.0,1109.0
6197.0,3722.0,1109.0
6197.0,3705.0,1109.0
6196.0,3705.0,1109.0
6196.0,3688.0,1109.0
6196.0,3670.0,1109.0
6196.0,3670.0,1108.0
6197.0,3670.0,1109.0
6197.0,3653.0,1109.0
6197.0,3636.0,1109.0
6199.0,3636.0,1108.0
6199.0,3619.0,1108.0
6202.0,3619.0,1107.0
6202.0,3604.0,1107.0
6206.0,3604.0,1104.0
6211.0,3604.0,1102.0
6211.0,3585.0,1102.0
6211.0,3565.0,1102.0
6218.0,3565.0,1099.0
6218.0,3552.0,1099.0
6224.0,3552.0,1097.0
6233.0,3552.0,1096.0
6233.0,3534.0,1096.0
6233.0,3532.0,1096.0
6234.0,3532.0,1097.0
6234.0,3532.0,1097.0
6234.0,3532.0,1097.0
6233.0,3532.0,1097.0
6233.0,3532.0,1097.0
6233.0,3532.0,1097.0
6233.0,3532.0,1097.0
6233.0,3532.0,1097.0
6233.0,3532.0,1097.0
6233.0,3532.0,1097.0
6233.0,3532.0,1097.0
6233.0,3532.0,1097.0
6233.0,3532.0,1097.0
6233.0,3532.0,1097.0
6233.0,3532.0,1097.0
6233.0,3532.0,1097.0
6233.0,3532.0,1097.0
6233.0,3532.0,1097.0
6233.0,3532.0,1097.0
6233.0,3532.0,1097.0
6233.0,3532.0,1097.0
6233.0,3532.0,1097.0
6233.0,3532.0,1097.0
6233.0,3532.0,1097.0
6233.0,3532.0,1097.0
6233.0,3532.0,1097.0
6233.0,3532.0,1097.0
6233.0,3532.0,1097.0
6233.0,3532.0,1097.0
6233.0,3532.0,1097.0
6233.0,3532.0,1097.0
6233.0,3532.0,1097.0
6233.0,3532.0,1097.0
6233.0,3532.0,1097.0
6233.0,3532.0,1097.0
6233.0,3532.0,1097.0
6233.0,3532.0,1097.0
6233.0,3532.0,1097.0
6233.0,3532.0,1097.0
6233.0,3532.0,1097.0
6233.0,3532.0,1097.0
6233.0,3532.0,1097.0
6233.0,3532.0,1097.0
6233.0,3532.0,1097.0
6233.0,3532.0,1097.0
6233.0,3532.0,1097.0
6233.0,3532.0,1097.0
6233.0,3532.0,1097.0
6233.0,3532.0,1097.0
6233.0,3532.0,1097.0
6233.0,3532.0,1097.0
6233.0,3532.0,1097.0
6233.0,3532.0,1097.0
6233.0,3532.0,1097.0
6233.0,3532.0,1097.0
6233.0,3532.0,1097.0
6233.0,3532.0,1097.0
6233.0,3532.0,1097.0
6233.0,3532.0,1097.0
6233.0,3532.0,1097.0
6233.0,3532.0,1097.0
6233.0,3532.0,1097.0
6233.0,3532.0,1097.0
6233.0,3532.0,1097.0
6233.0,3532.0,1097.0
6233.0,3532.0,1097.0
6233.0,3532.0,1097.0
6233.0,3532.0,1097.0
6233.0,3532.0,1097.0
6233.0,3532.0,1097.0
6233.0,3532.0,1097.0
6233.0,3532.0,1097.0
6233.0,3532.0,1097.0
6233.0,3532.0,1097.0
6233.0,3532.0,1097.0
6233.0,3532.0,1097.0
6233.0,3532.0,1097.0
6233.0,3532.0,1097.0
6233.0,3532.0,1097.0
6233.0,3532.0,1097.0
6233.0,3532.0,1097.0
6233.0,3532.0,1097.0
6233.0,3532.0,1097.0
6233.0,3532.0,1097.0
6233.0,3532.0,1097.0
6233.0,3532.0,1097.0
6233.0,3532.0,1097.0
6233.0,3532.0,1097.0
6235.0,3532.0,1097.0
6235.0,3548.0,1097.0
6246.0,3548.0,1095.0
6246.0,3572.0,1095.0
6266.0,3572.0,1095.0
6269.0,3572.0,1095.0
6269.0,3578.0,1095.0
6287.0,3578.0,1093.0
6287.0,3586.0,1093.0
6287.0,3590.0,1093.0
6290.0,3590.0,1092.0
6290.0,3613.0,1092.0
6305.0,3613.0,1089.0
6334.0,3613.0,1082.0
6334.0,3656.0,1082.0
6334.0,3708.0,1082.0
6368.0,3708.0,1076.0
6368.0,3759.0,1076.0
6402.0,3759.0,1074.0
6402.0,3811.0,1074.0
6435.0,3811.0,1068.0
6435.0,3861.0,1068.0
6469.0,3861.0,1053.0
6469.0,3897.0,1053.0
6489.0,3897.0,1046.0
6489.0,3913.0,1046.0
6501.0,3913.0,1045.0
6501.0,3919.0,1045.0
6499.0,3919.0,1047.0
6499.0,3920.0,1047.0
6500.0,3920.0,1047.0
6500.0,3920.0,1047.0
6499.0,3920.0,1047.0
6499.0,3920.0,1047.0
6499.0,3920.0,1047.0
6499.0,3920.0,1047.0
6499.0,3920.0,1047.0
6499.0,3920.0,1047.0
6499.0,3920.0,1047.0
6499.0,3920.0,1047.0
6499.0,3920.0,1047.0
6499.0,3920.0,1047.0
6499.0,3920.0,1047.0
6499.0,3920.0,1047.0
6499.0,3920.0,1047.0
6499.0,3920.0,1047.0
6499.0,3920.0,1047.0
6499.0,3920.0,1047.0
6499.0,3920.0,1047.0
6499.0,3920.0,1047.0
6499.0,3920.0,1047.0
6499.0,3920.0,1047.0
6499.0,3920.0,1047.0
6499.0,3920.0,1047.0
6499.0,3920.0,1047.0
6499.0,3920.0,1047.0
6499.0,3920.0,1047.0
6499.0,3920.0,1047.0
6499.0,3920.0,1047.0
6499.0,3920.0,1047.0
6499.0,3920.0,1047.0
6499.0,3920.0,1047.0
6499.0,3920.0,1047.0
6499.0,3920.0,1047.0
6499.0,3920.0,1047.0
6499.0,3920.0,1047.0
6499.0,3920.0,1047.0
6499.0,3920.0,1047.0
6499.0,3920.0,1047.0
6499.0,3920.0,1047.0
6499.0,3920.0,1047.0
6499.0,3920.0,1047.0
6499.0,3920.0,1047.0
6499.0,3920.0,1047.0
6499.0,3920.0,1047.0
6499.0,3920.0,1047.0
6499.0,3920.0,1047.0
6499.0,3920.0,1047.0
6499.0,3920.0,1047.0
6499.0,3920.0,1047.0
6499.0,3920.0,1047.0
6499.0,3920.0,1047.0
6499.0,3920.0,1047.0
6499.0,3920.0,1047.0
6499.0,3920.0,1047.0
6499.0,3920.0,1047.0
6499.0,3920.0,1047.0
6499.0,3920.0,1047.0
6499.0,3920.0,1047.0
6499.0,3920.0,1047.0
6499.0,3920.0,1047.0
6499.0,3920.0,1047.0
6499.0,3920.0,1047.0
6499.0,3920.0,1047.0
6499.0,3920.0,1047.0
6499.0,3920.0,1047.0
6499.0,3920.0,1047.0
6499.0,3920.0,1047.0
6499.0,3920.0,1047.0
6499.0,3920.0,1047.0
6499.0,3920.0,1047.0
6499.0,3920.0,1047.0
6499.0,3920.0,1047.0
6499.0,3920.0,1047.0
6499.0,3920.0,1047.0
6499.0,3920.0,1047.0
6499.0,3920.0,1047.0
6499.0,3920.0,1047.0
6499.0,3920.0,1047.0
6499.0,3920.0,1047.0
6499.0,3920.0,1047.0
6499.0,3920.0,1047.0
6499.0,3920.0,1047.0
6499.0,3920.0,1047.0
6499.0,3920.0,1047.0
6499.0,3920.0,1047.0
6499.0,3920.0,1047.0
6502.0,3920.0,1044.0
6502.0,3920.0,1044.0
6522.0,3920.0,1043.0
6522.0,3919.0,1043.0
6538.0,3919.0,1041.0
6538.0,3917.0,1041.0
6538.0,3915.0,1041.0
6553.0,3915.0,1037.0
6573.0,3915.0,1029.0
6573.0,3910.0,1029.0
6588.0,3910.0,1023.0
6588.0,3906.0,1023.0
6603.0,3906.0,1021.0
6603.0,3899.0,1021.0
6619.0,3899.0,1021.0
6619.0,3891.0,1021.0
6635.0,3891.0,1018.0
6635.0,3880.0,1018.0
6652.0,3880.0,1013.0
6652.0,3871.0,1013.0
6663.0,3871.0,1006.0
6663.0,3857.0,1006.0
6679.0,3857.0,1003.0
6679.0,3843.0,1003.0
6679.0,3831.0,1003.0
6687.0,3831.0,1002.0
6702.0,3831.0,1001.0
6702.0,3815.0,1001.0
6702.0,3799.0,1001.0
6709.0,3799.0,1000.0
6709.0,3784.0,1000.0
6718.0,3784.0,999.0
6718.0,3765.0,999.0
6724.0,3765.0,997.0
6724.0,3751.0,997.0
6730.0,3751.0,996.0
6730.0,3733.0,996.0
6733.0,3733.0,994.0
6733.0,3717.0,994.0
6737.0,3717.0,993.0
6737.0,3702.0,993.0
6738.0,3702.0,990.0
6738.0,3686.0,990.0
6738.0,3686.0,987.0
6738.0,3663.0,987.0
6738.0,3663.0,988.0
6738.0,3648.0,988.0
6736.0,3648.0,988.0
6733.0,3648.0,988.0
6733.0,3633.0,988.0
6733.0,3617.0,988.0
6729.0,3617.0,988.0
6724.0,3617.0,987.0
6724.0,3603.0,987.0
6724.0,3582.0,987.0
6724.0,3567.0,987.0
6716.0,3567.0,989.0
6708.0,3567.0,989.0
6708.0,3554.0,989.0
6699.0,3554.0,992.0
6699.0,3541.0,992.0
6699.0,3527.0,992.0
6688.0,3527.0,993.0
6678.0,3527.0,997.0
6678.0,3514.0,997.0
6666.0,3514.0,1000.0
6650.0,3514.0,1002.0
6650.0,3502.0,1002.0
6650.0,3494.0,1002.0
6639.0,3494.0,1003.0
6639.0,3482.0,1003.0
6622.0,3482.0,1003.0
6622.0,3473.0,1003.0
6607.0,3473.0,1005.0
6607.0,3467.0,1005.0
6591.0,3467.0,1009.0
6591.0,3462.0,1009.0
6576.0,3462.0,1012.0
6576.0,3456.0,1012.0
6558.0,3456.0,1017.0
6558.0,3452.0,1017.0
6541.0,3452.0,1018.0
6541.0,3451.0,1018.0
6527.0,3451.0,1019.0
6527.0,3450.0,1019.0
6506.0,3450.0,1020.0
6506.0,3450.0,1020.0
6492.0,3450.0,1027.0
6492.0,3452.0,1027.0
6470.0,3452.0,1032.0
6470.0,3454.0,1032.0
6457.0,3454.0,1037.0
6457.0,3458.0,1037.0
6440.0,3458.0,1038.0
6440.0,3464.0,1038.0
6424.0,3464.0,1040.0
6424.0,3471.0,1040.0
6405.0,3471.0,1043.0
6405.0,3478.0,1043.0
6394.0,3478.0,1046.0
6394.0,3487.0,1046.0
6375.0,3487.0,1055.0
6363.0,3487.0,1059.0
6363.0,3496.0,1059.0
6363.0,3509.0,1059.0
6346.0,3509.0,1060.0
6346.0,3522.0,1060.0
6337.0,3522.0,1060.0
6337.0,3533.0,1060.0
6322.0,3533.0,1062.0
6322.0,3549.0,1062.0
6313.0,3549.0,1068.0
6313.0,3567.0,1068.0
6301.0,3567.0,1074.0
6301.0,3580.0,1074.0
6295.0,3580.0,1076.0
6295.0,3597.0,1076.0
6288.0,3597.0,1085.0
6288.0,3614.0,1085.0
6282.0,3614.0,1086.0
6277.0,3614.0,1087.0
6277.0,3630.0,1087.0
6277.0,3646.0,1087.0
6274.0,3646.0,1088.0
6274.0,3662.0,1088.0
6272.0,3662.0,1089.0
6272.0,3680.0,1089.0
6271.0,3680.0,1090.0
6271.0,3701.0,1090.0
6272.0,3701.0,1090.0
6272.0,3716.0,1090.0
6273.0,3716.0,1091.0
6276.0,3716.0,1092.0
6276.0,3733.0,1092.0
6276.0,3747.0,1092.0
6279.0,3747.0,1092.0
6279.0,3767.0,1092.0
6285.0,3767.0,1091.0
6285.0,3783.0,1091.0
6291.0,3783.0,1093.0
6291.0,3797.0,1093.0
6300.0,3797.0,1092.0
6300.0,3810.0,1092.0
6307.0,3810.0,1092.0
6307.0,3828.0,1092.0
6319.0,3828.0,1092.0
6319.0,3842.0,1092.0
6329.0,3842.0,1092.0
6329.0,3853.0,1092.0
6342.0,3853.0,1092.0
6357.0,3853.0,1089.0
6357.0,3866.0,1089.0
6357.0,3878.0,1089.0
6371.0,3878.0,1084.0
6371.0,3889.0,1084.0
6387.0,3889.0,1080.0
6403.0,3889.0,1076.0
6403.0,3896.0,1076.0
6403.0,3902.0,1076.0
6417.0,3902.0,1075.0
6417.0,3909.0,1075.0
6437.0,3909.0,1074.0
6448.0,3909.0,1070.0
6448.0,3914.0,1070.0
6469.0,3914.0,1064.0
6469.0,3916.0,1064.0
6484.0,3916.0,1048.0
6484.0,3918.0,1048.0
6503.0,3918.0,1045.0
6503.0,3920.0,1045.0
6497.0,3920.0,1046.0
6497.0,3925.0,1046.0
6497.0,3928.0,1046.0
6504.0,3928.0,1044.0
6521.0,3928.0,1043.0
6521.0,3928.0,1043.0
6540.0,3928.0,1041.0
6540.0,3926.0,1041.0
6540.0,3924.0,1041.0
6555.0,3924.0,1037.0
6572.0,3924.0,1031.0
6572.0,3918.0,1031.0
6586.0,3918.0,1024.0
6586.0,3913.0,1024.0
6604.0,3913.0,1021.0
6604.0,3908.0,1021.0
6604.0,3901.0,1021.0
6616.0,3901.0,1021.0
6616.0,3891.0,1021.0
6636.0,3891.0,1018.0
6636.0,3881.0,1018.0
6647.0,3881.0,1015.0
6662.0,3881.0,1010.0
6662.0,3870.0,1010.0
6672.0,3870.0,1007.0
6672.0,3860.0,1007.0
6686.0,3860.0,1003.0
6686.0,3848.0,1003.0
6686.0,3832.0,1003.0
6697.0,3832.0,1001.0
6697.0,3819.0,1001.0
6707.0,3819.0,1001.0
6716.0,3819.0,1000.0
6716.0,3803.0,1000.0
6716.0,3790.0,1000.0
6722.0,3790.0,999.0
6730.0,3790.0,997.0
6730.0,3776.0,997.0
6730.0,3761.0,997.0
6734.0,3761.0,996.0
6734.0,3743.0,996.0
6741.0,3743.0,992.0
6741.0,3725.0,992.0
6743.0,3725.0,987.0
6743.0,3710.0,987.0
6745.0,3710.0,986.0
6746.0,3710.0,984.0
6746.0,3692.0,984.0
6746.0,3676.0,984.0
6746.0,3676.0,986.0
6746.0,3660.0,986.0
6746.0,3660.0,986.0
6746.0,3645.0,986.0
6744.0,3645.0,986.0
6744.0,3630.0,986.0
6740.0,3630.0,986.0
6735.0,3630.0,986.0
6735.0,3610.0,986.0
6735.0,3593.0,986.0
6729.0,3593.0,984.0
6729.0,3579.0,984.0
6724.0,3579.0,986.0
6724.0,3564.0,986.0
6715.0,3564.0,987.0
6715.0,3549.0,987.0
6705.0,3549.0,988.0
6705.0,3531.0,988.0
6693.0,3531.0,990.0
6693.0,3518.0,990.0
6682.0,3518.0,992.0
6682.0,3506.0,992.0
6669.0,3506.0,996.0
6669.0,3495.0,996.0
6653.0,3495.0,1001.0
6653.0,3484.0,1001.0
6639.0,3484.0,1003.0
6639.0,3474.0,1003.0
6625.0,3474.0,1003.0
6625.0,3465.0,1003.0
6608.0,3465.0,1005.0
6608.0,3460.0,1005.0
6595.0,3460.0,1008.0
6595.0,3453.0,1008.0
6575.0,3453.0,1012.0
6575.0,3449.0,1012.0
6561.0,3449.0,1016.0
6561.0,3445.0,1016.0
6543.0,3445.0,1019.0
6543.0,3443.0,1019.0
6529.0,3443.0,1020.0
6510.0,3443.0,1021.0
6510.0,3442.0,1021.0
6510.0,3442.0,1021.0
6491.0,3442.0,1025.0
6491.0,3443.0,1025.0
6476.0,3443.0,1031.0
6476.0,3446.0,1031.0
6457.0,3446.0,1036.0
6457.0,3449.0,1036.0
6445.0,3449.0,1039.0
6445.0,3454.0,1039.0
6423.0,3454.0,1040.0
6411.0,3454.0,1042.0
6411.0,3459.0,1042.0
6411.0,3467.0,1042.0
6394.0,3467.0,1047.0
6377.0,3467.0,1054.0
6377.0,3477.0,1054.0
6377.0,3486.0,1054.0
6366.0,3486.0,1057.0
6366.0,3495.0,1057.0
6349.0,3495.0,1059.0
6349.0,3507.0,1059.0
6340.0,3507.0,1060.0
6340.0,3519.0,1060.0
6323.0,3519.0,1061.0
6323.0,3532.0,1061.0
6317.0,3532.0,1063.0
6303.0,3532.0,1072.0
6303.0,3549.0,1072.0
6303.0,3564.0,1072.0
6296.0,3564.0,1076.0
6296.0,3577.0,1076.0
6287.0,3577.0,1084.0
6287.0,3596.0,1084.0
6280.0,3596.0,1087.0
6280.0,3611.0,1087.0
6274.0,3611.0,1089.0
6274.0,3628.0,1089.0
6270.0,3628.0,1090.0
6270.0,3644.0,1090.0
6270.0,3658.0,1090.0
6267.0,3658.0,1091.0
6264.0,3658.0,1092.0
6264.0,3678.0,1092.0
6263.0,3678.0,1093.0
6263.0,3698.0,1093.0
6263.0,3698.0,1094.0
6264.0,3698.0,1096.0
6264.0,3714.0,1096.0
6264.0,3730.0,1096.0
6267.0,3730.0,1096.0
6267.0,3745.0,1096.0
6271.0,3745.0,1096.0
6275.0,3745.0,1096.0
6275.0,3761.0,1096.0
6275.0,3780.0,1096.0
6281.0,3780.0,1095.0
6281.0,3795.0,1095.0
6289.0,3795.0,1096.0
6297.0,3795.0,1095.0
6297.0,3810.0,1095.0
6297.0,3823.0,1095.0
6305.0,3823.0,1095.0
6305.0,3837.0,1095.0
6317.0,3837.0,1095.0
6317.0,3853.0,1095.0
6329.0,3853.0,1095.0
6329.0,3865.0,1095.0
6341.0,3865.0,1093.0
6354.0,3865.0,1091.0
6354.0,3875.0,1091.0
6354.0,3885.0,1091.0
6368.0,3885.0,1086.0
6368.0,3895.0,1086.0
6384.0,3895.0,1081.0
6384.0,3902.0,1081.0
6397.0,3902.0,1078.0
6416.0,3902.0,1075.0
6416.0,3911.0,1075.0
6416.0,3916.0,1075.0
6430.0,3916.0,1075.0
6430.0,3920.0,1075.0
6446.0,3920.0,1072.0
6464.0,3920.0,1063.0
6464.0,3924.0,1063.0
6464.0,3926.0,1063.0
6477.0,3926.0,1053.0
6477.0,3927.0,1053.0
6497.0,3927.0,1047.0
6497.0,3928.0,1047.0
6501.0,3928.0,1049.0
6501.0,3927.0,1049.0
6504.0,3927.0,1047.0
6504.0,3911.0,1047.0
6499.0,3911.0,1047.0
6499.0,3912.0,1047.0
6493.0,3912.0,1046.0
6493.0,3911.0,1046.0
6472.0,3911.0,1050.0
6461.0,3911.0,1055.0
6461.0,3908.0,1055.0
6461.0,3905.0,1055.0
6441.0,3905.0,1059.0
6441.0,3899.0,1059.0
6427.0,3899.0,1060.0
6427.0,3893.0,1060.0
6409.0,3893.0,1060.0
6409.0,3885.0,1060.0
6397.0,3885.0,1062.0
6397.0,3877.0,1062.0
6381.0,3877.0,1066.0
6381.0,3867.0,1066.0
6369.0,3867.0,1072.0
6369.0,3855.0,1072.0
6352.0,3855.0,1077.0
6352.0,3842.0,1077.0
6341.0,3842.0,1082.0
6341.0,3828.0,1082.0
6328.0,3828.0,1085.0
6328.0,3814.0,1085.0
6318.0,3814.0,1086.0
6318.0,3799.0,1086.0
6309.0,3799.0,1087.0
6309.0,3782.0,1087.0
6300.0,3782.0,1087.0
6300.0,3770.0,1087.0
6294.0,3770.0,1087.0
6294.0,3752.0,1087.0
6289.0,3752.0,1087.0
6285.0,3752.0,1088.0
6285.0,3735.0,1088.0
6285.0,3723.0,1088.0
6281.0,3723.0,1088.0
6281.0,3703.0,1088.0
6280.0,3703.0,1088.0
6280.0,3688.0,1088.0
6278.0,3688.0,1088.0
6278.0,3669.0,1088.0
6279.0,3669.0,1088.0
6279.0,3655.0,1088.0
6280.0,3655.0,1088.0
6280.0,3639.0,1088.0
6283.0,3639.0,1089.0
6283.0,3623.0,1089.0
6286.0,3623.0,1090.0
6286.0,3606.0,1090.0
6292.0,3606.0,1091.0
6292.0,3589.0,1091.0
6299.0,3589.0,1088.0
6299.0,3576.0,1088.0
6306.0,3576.0,1082.0
6306.0,3561.0,1082.0
6316.0,3561.0,1079.0
6316.0,3546.0,1079.0
6325.0,3546.0,1078.0
6325.0,3532.0,1078.0
6336.0,3532.0,1074.0
6348.0,3532.0,1074.0
6348.0,3523.0,1074.0
6348.0,3509.0,1074.0
6361.0,3509.0,1072.0
6376.0,3509.0,1067.0
6376.0,3498.0,1067.0
6376.0,3488.0,1067.0
6389.0,3488.0,1052.0
6389.0,3481.0,1052.0
6407.0,3481.0,1046.0
6407.0,3473.0,1046.0
6421.0,3473.0,1044.0
6421.0,3467.0,1044.0
6439.0,3467.0,1043.0
6439.0,3463.0,1043.0
6453.0,3463.0,1040.0
6453.0,3460.0,1040.0
6473.0,3460.0,1036.0
6473.0,3459.0,1036.0
6484.0,3459.0,1029.0
6484.0,3457.0,1029.0
6508.0,3457.0,1023.0
6508.0,3458.0,1023.0
6520.0,3458.0,1021.0
6520.0,3460.0,1021.0
6541.0,3460.0,1020.0
6541.0,3463.0,1020.0
6552.0,3463.0,1018.0
6552.0,3467.0,1018.0
6572.0,3467.0,1012.0
6572.0,3472.0,1012.0
6587.0,3472.0,1008.0
6587.0,3480.0,1008.0
6603.0,3480.0,1004.0
6603.0,3488.0,1004.0
6617.0,3488.0,1002.0
6617.0,3497.0,1002.0
6632.0,3497.0,1000.0
6648.0,3497.0,1000.0
6648.0,3506.0,1000.0
6648.0,3519.0,1000.0
6660.0,3519.0,999.0
6660.0,3532.0,999.0
6673.0,3532.0,998.0
6673.0,3545.0,998.0
6683.0,3545.0,998.0
6683.0,3559.0,998.0
6695.0,3559.0,996.0
6695.0,3574.0,996.0
6702.0,3574.0,994.0
6711.0,3574.0,992.0
6711.0,3590.0,992.0
6711.0,3607.0,992.0
6717.0,3607.0,992.0
6723.0,3607.0,989.0
6723.0,3623.0,989.0
6723.0,3638.0,989.0
6725.0,3638.0,990.0
6725.0,3655.0,990.0
6729.0,3655.0,990.0
6729.0,3669.0,990.0
6730.0,3669.0,990.0
6730.0,3687.0,990.0
6730.0,3687.0,991.0
6730.0,3705.0,991.0
6730.0,3705.0,992.0
6729.0,3705.0,992.0
6729.0,3720.0,992.0
6729.0,3735.0,992.0
6725.0,3735.0,993.0
6725.0,3752.0,993.0
6721.0,3752.0,996.0
6721.0,3767.0,996.0
6716.0,3767.0,999.0
6716.0,3784.0,999.0
6709.0,3784.0,1002.0
6709.0,3798.0,1002.0
6701.0,3798.0,1003.0
6701.0,3811.0,1003.0
6692.0,3811.0,1004.0
6692.0,3827.0,1004.0
6681.0,3827.0,1005.0
6681.0,3842.0,1005.0
6669.0,3842.0,1008.0
6669.0,3853.0,1008.0
6656.0,3853.0,1011.0
6656.0,3863.0,1011.0
6644.0,3863.0,1016.0
6644.0,3875.0,1016.0
6629.0,3875.0,1018.0
6629.0,3884.0,1018.0
6613.0,3884.0,1020.0
6613.0,3890.0,1020.0
6600.0,3890.0,1021.0
6600.0,3898.0,1021.0
6582.0,3898.0,1026.0
6582.0,3903.0,1026.0
6567.0,3903.0,1030.0
6567.0,3907.0,1030.0
6549.0,3907.0,1036.0
6549.0,3909.0,1036.0
6535.0,3909.0,1038.0
6535.0,3911.0,1038.0
6517.0,3911.0,1040.0
6517.0,3912.0,1040.0
6503.0,3912.0,1041.0
6503.0,3911.0,1041.0
6502.0,3911.0,1041.0
6502.0,3904.0,1041.0
6529.0,3904.0,1040.0
6529.0,3890.0,1040.0
6575.0,3890.0,1027.0
6575.0,3879.0,1027.0
6613.0,3879.0,1021.0
6613.0,3875.0,1021.0
6621.0,3875.0,1020.0
6621.0,3866.0,1020.0
6630.0,3866.0,1018.0
6630.0,3852.0,1018.0
6645.0,3852.0,1012.0
6645.0,3837.0,1012.0
6658.0,3837.0,1007.0
6658.0,3823.0,1007.0
6676.0,3823.0,1003.0
6676.0,3808.0,1003.0
6689.0,3808.0,1000.0
6689.0,3802.0,1000.0
6696.0,3802.0,1001.0
6696.0,3788.0,1001.0
6700.0,3788.0,999.0
6700.0,3778.0,999.0
6700.0,3787.0,999.0
6708.0,3787.0,998.0
6696.0,3787.0,999.0
6696.0,3802.0,999.0
6684.0,3802.0,1000.0
6684.0,3816.0,1000.0
6684.0,3831.0,1000.0
6667.0,3831.0,1002.0
6653.0,3831.0,1008.0
6653.0,3846.0,1008.0
6637.0,3846.0,1013.0
6637.0,3860.0,1013.0
6625.0,3860.0,1016.0
6625.0,3874.0,1016.0
6610.0,3874.0,1018.0
6610.0,3888.0,1018.0
6597.0,3888.0,1019.0
6592.0,3888.0,1020.0
6592.0,3889.0,1020.0
6592.0,3896.0,1020.0
6576.0,3896.0,1024.0
6576.0,3891.0,1024.0
6585.0,3891.0,1023.0
6600.0,3891.0,1021.0
6600.0,3876.0,1021.0
6600.0,3861.0,1021.0
6613.0,3861.0,1020.0
6613.0,3846.0,1020.0
6628.0,3846.0,1018.0
6628.0,3832.0,1018.0
6641.0,3832.0,1015.0
6641.0,3817.0,1015.0
6657.0,3817.0,1008.0
6657.0,3803.0,1008.0
6671.0,3803.0,1002.0
6671.0,3788.0,1002.0
6687.0,3788.0,1000.0
6687.0,3774.0,1000.0
6699.0,3774.0,999.0
6699.0,3759.0,999.0
6714.0,3759.0,997.0
6716.0,3759.0,997.0
6716.0,3756.0,997.0
6716.0,3741.0,997.0
6720.0,3741.0,997.0
6715.0,3741.0,1000.0
6715.0,3746.0,1000.0
6715.0,3761.0,1000.0
6699.0,3761.0,1002.0
6699.0,3776.0,1002.0
6685.0,3776.0,1004.0
6685.0,3790.0,1004.0
6670.0,3790.0,1005.0
6670.0,3804.0,1005.0
6657.0,3804.0,1010.0
6641.0,3804.0,1014.0
6641.0,3819.0,1014.0
6641.0,3833.0,1014.0
6628.0,3833.0,1018.0
6628.0,3848.0,1018.0
6612.0,3848.0,1019.0
6612.0,3863.0,1019.0
6598.0,3863.0,1020.0
6584.0,3863.0,1024.0
6584.0,3877.0,1024.0
6569.0,3877.0,1030.0
6569.0,3891.0,1030.0
6569.0,3901.0,1030.0
6560.0,3901.0,1032.0
6560.0,3903.0,1032.0
6552.0,3903.0,1038.0
6552.0,3903.0,1038.0
6545.0,3903.0,1035.0
6545.0,3889.0,1035.0
6565.0,3889.0,1031.0
6565.0,3875.0,1031.0
6575.0,3875.0,1025.0
6575.0,3861.0,1025.0
6592.0,3861.0,1021.0
6592.0,3847.0,1021.0
6603.0,3847.0,1020.0
6603.0,3832.0,1020.0
6621.0,3832.0,1019.0
6621.0,3817.0,1019.0
6633.0,3817.0,1014.0
6633.0,3802.0,1014.0
6649.0,3802.0,1008.0
6649.0,3788.0,1008.0
6662.0,3788.0,1003.0
6678.0,3788.0,1001.0
6678.0,3773.0,1001.0
6678.0,3759.0,1001.0
6692.0,3759.0,1000.0
6692.0,3744.0,1000.0
6707.0,3744.0,998.0
6721.0,3744.0,995.0
6721.0,3730.0,995.0
6721.0,3726.0,995.0
6723.0,3726.0,995.0
6725.0,3726.0,995.0
6725.0,3712.0,995.0
6725.0,3720.0,995.0
6718.0,3720.0,998.0
6718.0,3735.0,998.0
6702.0,3735.0,1001.0
6689.0,3735.0,1003.0
6689.0,3750.0,1003.0
6689.0,3764.0,1003.0
6673.0,3764.0,1004.0
6660.0,3764.0,1006.0
6660.0,3778.0,1006.0
6645.0,3778.0,1011.0
6645.0,3792.0,1011.0
6632.0,3792.0,1016.0
6632.0,3807.0,1016.0
6632.0,3822.0,1016.0
6616.0,3822.0,1018.0
6601.0,3822.0,1020.0
6601.0,3837.0,1020.0
6601.0,3851.0,1020.0
6586.0,3851.0,1021.0
6586.0,3865.0,1021.0
6573.0,3865.0,1025.0
6558.0,3865.0,1032.0
6558.0,3880.0,1032.0
6558.0,3895.0,1032.0
6544.0,3895.0,1037.0
6532.0,3895.0,1039.0
6532.0,3906.0,1039.0
6527.0,3906.0,1039.0
6527.0,3907.0,1039.0
6527.0,3907.0,1039.0
6519.0,3907.0,1039.0
6519.0,3894.0,1039.0
6537.0,3894.0,1039.0
6548.0,3894.0,1035.0
6548.0,3880.0,1035.0
6565.0,3880.0,1031.0
6565.0,3866.0,1031.0
6565.0,3851.0,1031.0
6577.0,3851.0,1025.0
6577.0,3836.0,1025.0
6593.0,3836.0,1021.0
6593.0,3821.0,1021.0
6606.0,3821.0,1020.0
6606.0,3807.0,1020.0
6622.0,3807.0,1017.0
6622.0,3793.0,1017.0
6636.0,3793.0,1013.0
6636.0,3778.0,1013.0
6651.0,3778.0,1008.0
6651.0,3763.0,1008.0
6665.0,3763.0,1002.0
6680.0,3763.0,1000.0
6680.0,3749.0,1000.0
6680.0,3734.0,1000.0
6694.0,3734.0,999.0
6709.0,3734.0,997.0
6709.0,3720.0,997.0
6723.0,3720.0,995.0
6723.0,3705.0,995.0
6723.0,3701.0,995.0
6727.0,3701.0,993.0
6727.0,3688.0,993.0
6727.0,3688.0,993.0
6727.0,3695.0,993.0
6721.0,3695.0,994.0
6721.0,3710.0,994.0
6705.0,3710.0,999.0
6705.0,3724.0,999.0
6692.0,3724.0,1001.0
6692.0,3738.0,1001.0
6676.0,3738.0,1002.0
6676.0,3753.0,1002.0
6663.0,3753.0,1005.0
6663.0,3767.0,1005.0
6647.0,3767.0,1009.0
6647.0,3782.0,1009.0
6634.0,3782.0,1014.0
6634.0,3796.0,1014.0
6618.0,3796.0,1017.0
6618.0,3811.0,1017.0
6605.0,3811.0,1019.0
6605.0,3825.0,1019.0
6589.0,3825.0,1020.0
6576.0,3825.0,1023.0
6576.0,3840.0,1023.0
6576.0,3854.0,1023.0
6561.0,3854.0,1029.0
6561.0,3869.0,1029.0
6546.0,3869.0,1036.0
6546.0,3884.0,1036.0
6531.0,3884.0,1039.0
6531.0,3898.0,1039.0
6517.0,3898.0,1039.0
6517.0,3908.0,1039.0
6508.0,3908.0,1040.0
6508.0,3907.0,1040.0
6501.0,3907.0,1043.0
6501.0,3906.0,1043.0
6497.0,3906.0,1042.0
6497.0,3892.0,1042.0
6516.0,3892.0,1041.0
6516.0,3877.0,1041.0
6526.0,3877.0,1040.0
6544.0,3877.0,1038.0
6544.0,3863.0,1038.0
6544.0,3849.0,1038.0
6556.0,3849.0,1031.0
6556.0,3835.0,1031.0
6573.0,3835.0,1025.0
6573.0,3820.0,1025.0
6585.0,3820.0,1021.0
6585.0,3805.0,1021.0
6601.0,3805.0,1020.0
6614.0,3805.0,1018.0
6614.0,3791.0,1018.0
6630.0,3791.0,1014.0
6630.0,3776.0,1014.0
6630.0,3761.0,1014.0
6644.0,3761.0,1007.0
6659.0,3761.0,1002.0
6659.0,3747.0,1002.0
6659.0,3732.0,1002.0
6673.0,3732.0,1000.0
6673.0,3717.0,1000.0
6688.0,3717.0,999.0
6688.0,3703.0,999.0
6702.0,3703.0,998.0
6702.0,3689.0,998.0
6717.0,3689.0,995.0
6717.0,3677.0,995.0
6728.0,3677.0,991.0
6728.0,3671.0,991.0
6726.0,3671.0,992.0
6725.0,3671.0,992.0
6725.0,3668.0,992.0
6711.0,3668.0,994.0
6711.0,3681.0,994.0
6697.0,3681.0,999.0
6682.0,3681.0,1001.0
6682.0,3695.0,1001.0
6668.0,3695.0,1002.0
6668.0,3710.0,1002.0
6654.0,3710.0,1005.0
6654.0,3724.0,1005.0
6654.0,3739.0,1005.0
6654.0,3754.0,1005.0
6639.0,3754.0,1011.0
6639.0,3768.0,1011.0
6625.0,3768.0,1014.0
6625.0,3782.0,1014.0
6609.0,3782.0,1017.0
6609.0,3797.0,1017.0
6595.0,3797.0,1019.0
6595.0,3812.0,1019.0
6581.0,3812.0,1020.0
6581.0,3827.0,1020.0
6566.0,3827.0,1024.0
6566.0,3841.0,1024.0
6551.0,3841.0,1032.0
6551.0,3855.0,1032.0
6537.0,3855.0,1037.0
6522.0,3855.0,1038.0
6522.0,3870.0,1038.0
6522.0,3885.0,1038.0
6508.0,3885.0,1040.0
6508.0,3899.0,1040.0
6493.0,3899.0,1043.0
6493.0,3908.0,1043.0
6485.0,3908.0,1046.0
6478.0,3908.0,1049.0
6478.0,3907.0,1049.0
6478.0,3903.0,1049.0
6479.0,3903.0,1048.0
6479.0,3888.0,1048.0
6498.0,3888.0,1044.0
6498.0,3873.0,1044.0
6508.0,3873.0,1042.0
6508.0,3859.0,1042.0
6526.0,3859.0,1041.0
6526.0,3844.0,1041.0
6537.0,3844.0,1038.0
6537.0,3830.0,1038.0
6554.0,3830.0,1031.0
6554.0,3815.0,1031.0
6567.0,3815.0,1025.0
6567.0,3801.0,1025.0
6583.0,3801.0,1021.0
6583.0,3786.0,1021.0
6596.0,3786.0,1020.0
6596.0,3771.0,1020.0
6612.0,3771.0,1018.0
6612.0,3757.0,1018.0
6625.0,3757.0,1014.0
6625.0,3742.0,1014.0
6641.0,3742.0,1008.0
6641.0,3728.0,1008.0
6655.0,3728.0,1003.0
6655.0,3713.0,1003.0
6670.0,3713.0,1001.0
6670.0,3698.0,1001.0
6684.0,3698.0,999.0
6684.0,3684.0,999.0
6698.0,3684.0,997.0
6698.0,3670.0,997.0
6713.0,3670.0,994.0
6725.0,3670.0,991.0
6725.0,3657.0,991.0
6725.0,3652.0,991.0
6724.0,3652.0,992.0
6724.0,3647.0,992.0
6722.0,3647.0,992.0
6722.0,3660.0,992.0
6709.0,3660.0,994.0
6694.0,3660.0,999.0
6694.0,3674.0,999.0
6681.0,3674.0,1001.0
6681.0,3689.0,1001.0
6681.0,3704.0,1001.0
6665.0,3704.0,1003.0
6665.0,3719.0,1003.0
6652.0,3719.0,1006.0
6636.0,3719.0,1009.0
6636.0,3733.0,1009.0
6622.0,3733.0,1014.0
6622.0,3747.0,1014.0
6607.0,3747.0,1017.0
6607.0,3761.0,1017.0
6593.0,3761.0,1019.0
6593.0,3776.0,1019.0
6578.0,3776.0,1021.0
6578.0,3791.0,1021.0
6564.0,3791.0,1025.0
6564.0,3806.0,1025.0
6549.0,3806.0,1032.0
6549.0,3820.0,1032.0
6535.0,3820.0,1037.0
6535.0,3835.0,1037.0
6535.0,3849.0,1037.0
6520.0,3849.0,1039.0
6520.0,3864.0,1039.0
6506.0,3864.0,1041.0
6506.0,3878.0,1041.0
6491.0,3878.0,1043.0
6491.0,3893.0,1043.0
6477.0,3893.0,1049.0
6477.0,3905.0,1049.0
6465.0,3905.0,1053.0
6465.0,3904.0,1053.0
6461.0,3904.0,1058.0
6461.0,3901.0,1058.0
6457.0,3901.0,1055.0
6457.0,3887.0,1055.0
6475.0,3887.0,1050.0
6475.0,3873.0,1050.0
6485.0,3873.0,1046.0
6485.0,3859.0,1046.0
6503.0,3859.0,1043.0
6503.0,3844.0,1043.0
6515.0,3844.0,1042.0
6515.0,3829.0,1042.0
6531.0,3829.0,1040.0
6531.0,3815.0,1040.0
6544.0,3815.0,1034.0
6544.0,3800.0,1034.0
6560.0,3800.0,1026.0
6560.0,3786.0,1026.0
6574.0,3786.0,1022.0
6574.0,3771.0,1022.0
6589.0,3771.0,1020.0
6589.0,3757.0,1020.0
6603.0,3757.0,1019.0
6603.0,3742.0,1019.0
6617.0,3742.0,1016.0
6617.0,3728.0,1016.0
6632.0,3728.0,1009.0
6632.0,3713.0,1009.0
6647.0,3713.0,1004.0
6661.0,3713.0,1001.0
6661.0,3698.0,1001.0
6661.0,3684.0,1001.0
6676.0,3684.0,999.0
6676.0,3670.0,999.0
6691.0,3670.0,998.0
6691.0,3655.0,998.0
6705.0,3655.0,996.0
6705.0,3641.0,996.0
6720.0,3641.0,992.0
6720.0,3637.0,992.0
6722.0,3637.0,992.0
6722.0,3627.0,992.0
6720.0,3627.0,992.0
6720.0,3637.0,992.0
6711.0,3637.0,993.0
6711.0,3652.0,993.0
6694.0,3652.0,997.0
6694.0,3666.0,997.0
6682.0,3666.0,1000.0
6682.0,3681.0,1000.0
6665.0,3681.0,1002.0
6665.0,3695.0,1002.0
6653.0,3695.0,1004.0
6653.0,3709.0,1004.0
6637.0,3709.0,1008.0
6637.0,3724.0,1008.0
6623.0,3724.0,1012.0
6623.0,3738.0,1012.0
6608.0,3738.0,1016.0
6608.0,3753.0,1016.0
6594.0,3753.0,1018.0
6594.0,3768.0,1018.0
6579.0,3768.0,1020.0
6579.0,3782.0,1020.0
6565.0,3782.0,1023.0
6565.0,3796.0,1023.0
6549.0,3796.0,1030.0
6536.0,3796.0,1036.0
6536.0,3811.0,1036.0
6536.0,3826.0,1036.0
6521.0,3826.0,1038.0
6521.0,3841.0,1038.0
6507.0,3841.0,1040.0
6507.0,3855.0,1040.0
6492.0,3855.0,1042.0
6492.0,3869.0,1042.0
6478.0,3869.0,1045.0
6478.0,3884.0,1045.0
6462.0,3884.0,1051.0
6449.0,3884.0,1057.0
6449.0,3898.0,1057.0
6445.0,3898.0,1059.0
6445.0,3900.0,1059.0
6438.0,3900.0,1057.0
6438.0,3898.0,1057.0
6451.0,3898.0,1057.0
6451.0,3887.0,1057.0
6465.0,3887.0,1053.0
6465.0,3873.0,1053.0
6480.0,3873.0,1047.0
6480.0,3858.0,1047.0
6495.0,3858.0,1044.0
6495.0,3843.0,1044.0
6508.0,3843.0,1042.0
6508.0,3828.0,1042.0
6524.0,3828.0,1040.0
6524.0,3814.0,1040.0
6524.0,3799.0,1040.0
6537.0,3799.0,1036.0
6537.0,3785.0,1036.0
6553.0,3785.0,1029.0
6566.0,3785.0,1023.0
6566.0,3770.0,1023.0
6566.0,3756.0,1023.0
6582.0,3756.0,1021.0
6582.0,3741.0,1021.0
6595.0,3741.0,1019.0
6610.0,3741.0,1017.0
6610.0,3727.0,1017.0
6610.0,3712.0,1017.0
6625.0,3712.0,1012.0
6625.0,3698.0,1012.0
6640.0,3698.0,1006.0
6653.0,3698.0,1001.0
6653.0,3683.0,1001.0
6653.0,3669.0,1001.0
6669.0,3669.0,1000.0
6669.0,3654.0,1000.0
6683.0,3654.0,999.0
6683.0,3640.0,999.0
6698.0,3640.0,997.0
6712.0,3640.0,993.0
6712.0,3625.0,993.0
6712.0,3619.0,993.0
6718.0,3619.0,992.0
6713.0,3619.0,992.0
6713.0,3609.0,992.0
6713.0,3617.0,992.0
6709.0,3617.0,993.0
6709.0,3632.0,993.0
6691.0,3632.0,996.0
6680.0,3632.0,1000.0
6680.0,3646.0,1000.0
6663.0,3646.0,1002.0
6663.0,3660.0,1002.0
6663.0,3674.0,1002.0
6650.0,3674.0,1004.0
6650.0,3689.0,1004.0
6634.0,3689.0,1007.0
6621.0,3689.0,1012.0
6621.0,3704.0,1012.0
6621.0,3719.0,1012.0
6605.0,3719.0,1017.0
6605.0,3733.0,1017.0
6592.0,3733.0,1018.0
6576.0,3733.0,1019.0
6576.0,3747.0,1019.0
6576.0,3762.0,1019.0
6562.0,3762.0,1023.0
6562.0,3776.0,1023.0
6547.0,3776.0,1029.0
6547.0,3791.0,1029.0
6533.0,3791.0,1034.0
6533.0,3806.0,1034.0
6518.0,3806.0,1038.0
6504.0,3806.0,1040.0
6504.0,3820.0,1040.0
6489.0,3820.0,1042.0
6489.0,3835.0,1042.0
6489.0,3849.0,1042.0
6475.0,3849.0,1047.0
6460.0,3849.0,1051.0
6460.0,3864.0,1051.0
6460.0,3878.0,1051.0
6445.0,3878.0,1057.0
6445.0,3893.0,1057.0
6432.0,3893.0,1059.0
6428.0,3893.0,1059.0
6428.0,3895.0,1059.0
6421.0,3895.0,1060.0
6421.0,3892.0,1060.0
6434.0,3892.0,1059.0
6434.0,3880.0,1059.0
6434.0,3866.0,1059.0
6449.0,3866.0,1057.0
6463.0,3866.0,1052.0
6463.0,3852.0,1052.0
6478.0,3852.0,1045.0
6478.0,3837.0,1045.0
6492.0,3837.0,1043.0
6492.0,3822.0,1043.0
6507.0,3822.0,1042.0
6507.0,3808.0,1042.0
6520.0,3808.0,1040.0
6520.0,3793.0,1040.0
6536.0,3793.0,1034.0
6536.0,3779.0,1034.0
6549.0,3779.0,1027.0
6549.0,3764.0,1027.0
6565.0,3764.0,1022.0
6565.0,3750.0,1022.0
6579.0,3750.0,1021.0
6579.0,3735.0,1021.0
6579.0,3720.0,1021.0
6594.0,3720.0,1019.0
6608.0,3720.0,1016.0
6608.0,3706.0,1016.0
6623.0,3706.0,1010.0
6623.0,3692.0,1010.0
6637.0,3692.0,1004.0
6637.0,3677.0,1004.0
6637.0,3662.0,1004.0
6652.0,3662.0,1001.0
6652.0,3648.0,1001.0
6666.0,3648.0,1000.0
6666.0,3634.0,1000.0
6681.0,3634.0,998.0
6681.0,3619.0,998.0
6695.0,3619.0,997.0
6709.0,3619.0,993.0
6709.0,3605.0,993.0
6709.0,3601.0,993.0
6710.0,3601.0,994.0
6710.0,3594.0,994.0
6706.0,3594.0,994.0
6706.0,3605.0,994.0
6697.0,3605.0,995.0
6697.0,3620.0,995.0
6680.0,3620.0,1000.0
6680.0,3635.0,1000.0
6668.0,3635.0,1002.0
6651.0,3635.0,1003.0
6651.0,3650.0,1003.0
6639.0,3650.0,1007.0
6639.0,3664.0,1007.0
6639.0,3678.0,1007.0
6622.0,3678.0,1010.0
6622.0,3692.0,1010.0
6609.0,3692.0,1014.0
6593.0,3692.0,1017.0
6593.0,3707.0,1017.0
6593.0,3722.0,1017.0
6580.0,3722.0,1019.0
6580.0,3736.0,1019.0
6565.0,3736.0,1020.0
6565.0,3751.0,1020.0
6551.0,3751.0,1024.0
6535.0,3751.0,1032.0
6535.0,3765.0,1032.0
6521.0,3765.0,1037.0
6521.0,3780.0,1037.0
6506.0,3780.0,1039.0
6506.0,3794.0,1039.0
6493.0,3794.0,1040.0
6493.0,3809.0,1040.0
6478.0,3809.0,1043.0
6478.0,3824.0,1043.0
6463.0,3824.0,1049.0
6463.0,3838.0,1049.0
6463.0,3852.0,1049.0
6449.0,3852.0,1057.0
6434.0,3852.0,1059.0
6434.0,3867.0,1059.0
6434.0,3882.0,1059.0
6419.0,3882.0,1060.0
6413.0,3882.0,1060.0
6413.0,3889.0,1060.0
6413.0,3885.0,1060.0
6407.0,3885.0,1061.0
6407.0,3879.0,1061.0
6412.0,3879.0,1061.0
6412.0,3864.0,1061.0
6429.0,3864.0,1060.0
6429.0,3849.0,1060.0
6441.0,3849.0,1057.0
6441.0,3834.0,1057.0
6458.0,3834.0,1053.0
6458.0,3820.0,1053.0
6470.0,3820.0,1047.0
6470.0,3805.0,1047.0
6487.0,3805.0,1044.0
6487.0,3791.0,1044.0
6499.0,3791.0,1042.0
6499.0,3777.0,1042.0
6515.0,3777.0,1040.0
6515.0,3762.0,1040.0
6529.0,3762.0,1037.0
6529.0,3747.0,1037.0
6545.0,3747.0,1030.0
6545.0,3733.0,1030.0
6557.0,3733.0,1023.0
6557.0,3718.0,1023.0
6573.0,3718.0,1021.0
6573.0,3704.0,1021.0
6587.0,3704.0,1019.0
6587.0,3689.0,1019.0
6602.0,3689.0,1016.0
6616.0,3689.0,1011.0
6616.0,3675.0,1011.0
6616.0,3660.0,1011.0
6631.0,3660.0,1006.0
6631.0,3646.0,1006.0
6645.0,3646.0,1002.0
6645.0,3631.0,1002.0
6661.0,3631.0,1001.0
6661.0,3617.0,1001.0
6675.0,3617.0,999.0
6675.0,3602.0,999.0
6689.0,3602.0,998.0
6689.0,3588.0,998.0
6703.0,3588.0,994.0
6703.0,3588.0,994.0
6703.0,3585.0,994.0
6703.0,3579.0,994.0
6699.0,3579.0,994.0
6699.0,3591.0,994.0
6688.0,3591.0,1000.0
6688.0,3605.0,1000.0
6671.0,3605.0,1002.0
6658.0,3605.0,1003.0
6658.0,3621.0,1003.0
6642.0,3621.0,1005.0
6642.0,3636.0,1005.0
6630.0,3636.0,1008.0
6630.0,3650.0,1008.0
6630.0,3664.0,1008.0
6630.0,3679.0,1008.0
6613.0,3679.0,1013.0
6600.0,3679.0,1016.0
6600.0,3693.0,1016.0
6584.0,3693.0,1018.0
6584.0,3708.0,1018.0
6572.0,3708.0,1019.0
6572.0,3722.0,1019.0
6556.0,3722.0,1022.0
6556.0,3737.0,1022.0
6542.0,3737.0,1027.0
6542.0,3751.0,1027.0
6526.0,3751.0,1033.0
6513.0,3751.0,1037.0
6513.0,3766.0,1037.0
6513.0,3780.0,1037.0
6497.0,3780.0,1039.0
6484.0,3780.0,1041.0
6484.0,3795.0,1041.0
6469.0,3795.0,1044.0
6469.0,3810.0,1044.0
6454.0,3810.0,1053.0
6454.0,3824.0,1053.0
6454.0,3839.0,1053.0
6439.0,3839.0,1057.0
6439.0,3853.0,1057.0
6425.0,3853.0,1059.0
6425.0,3868.0,1059.0
6410.0,3868.0,1060.0
6410.0,3881.0,1060.0
6398.0,3881.0,1062.0
6398.0,3879.0,1062.0
6394.0,3879.0,1063.0
6394.0,3876.0,1063.0
6392.0,3876.0,1065.0
6392.0,3862.0,1065.0
6408.0,3862.0,1063.0
6408.0,3847.0,1063.0
6421.0,3847.0,1062.0
6437.0,3847.0,1059.0
6437.0,3833.0,1059.0
6449.0,3833.0,1054.0
6449.0,3819.0,1054.0
6465.0,3819.0,1047.0
6465.0,3804.0,1047.0
6479.0,3804.0,1044.0
6479.0,3789.0,1044.0
6494.0,3789.0,1043.0
6494.0,3775.0,1043.0
6508.0,3775.0,1041.0
6508.0,3760.0,1041.0
6523.0,3760.0,1036.0
6523.0,3746.0,1036.0
6537.0,3746.0,1029.0
6552.0,3746.0,1024.0
6552.0,3731.0,1024.0
6567.0,3731.0,1021.0
6567.0,3717.0,1021.0
6567.0,3702.0,1021.0
6581.0,3702.0,1020.0
6581.0,3687.0,1020.0
6596.0,3687.0,1018.0
6596.0,3673.0,1018.0
6596.0,3659.0,1018.0
6610.0,3659.0,1015.0
6610.0,3644.0,1015.0
6625.0,3644.0,1009.0
6625.0,3630.0,1009.0
6639.0,3630.0,1003.0
6654.0,3630.0,1001.0
6654.0,3615.0,1001.0
6654.0,3601.0,1001.0
6654.0,3586.0,1001.0
6668.0,3586.0,1000.0
6683.0,3586.0,998.0
6683.0,3573.0,998.0
6696.0,3573.0,996.0
6696.0,3569.0,996.0
6694.0,3569.0,997.0
6694.0,3566.0,997.0
6690.0,3566.0,997.0
6690.0,3578.0,997.0
6677.0,3578.0,1002.0
6677.0,3593.0,1002.0
6661.0,3593.0,1003.0
6661.0,3607.0,1003.0
6649.0,3607.0,1004.0
6649.0,3622.0,1004.0
6633.0,3622.0,1007.0
6633.0,3637.0,1007.0
6620.0,3637.0,1010.0
6620.0,3651.0,1010.0
6604.0,3651.0,1015.0
6604.0,3665.0,1015.0
6590.0,3665.0,1018.0
6590.0,3680.0,1018.0
6575.0,3680.0,1020.0
6561.0,3680.0,1022.0
6561.0,3694.0,1022.0
6546.0,3694.0,1025.0
6546.0,3709.0,1025.0
6532.0,3709.0,1030.0
6532.0,3724.0,1030.0
6532.0,3738.0,1030.0
6517.0,3738.0,1036.0
6517.0,3753.0,1036.0
6502.0,3753.0,1039.0
6502.0,3767.0,1039.0
6488.0,3767.0,1040.0
6488.0,3782.0,1040.0
6474.0,3782.0,1043.0
6474.0,3796.0,1043.0
6459.0,3796.0,1047.0
6444.0,3796.0,1054.0
6444.0,3811.0,1054.0
6444.0,3826.0,1054.0
6429.0,3826.0,1058.0
6429.0,3840.0,1058.0
6415.0,3840.0,1060.0
6415.0,3855.0,1060.0
6401.0,3855.0,1061.0
6401.0,3869.0,1061.0
6387.0,3869.0,1064.0
6387.0,3872.0,1064.0
6382.0,3872.0,1068.0
6382.0,3868.0,1068.0
6377.0,3868.0,1070.0
6377.0,3857.0,1070.0
6389.0,3857.0,1067.0
6389.0,3843.0,1067.0
6404.0,3843.0,1066.0
6404.0,3828.0,1066.0
6417.0,3828.0,1065.0
6417.0,3814.0,1065.0
6432.0,3814.0,1060.0
6432.0,3799.0,1060.0
6446.0,3799.0,1054.0
6461.0,3799.0,1049.0
6461.0,3784.0,1049.0
6476.0,3784.0,1045.0
6476.0,3770.0,1045.0
6476.0,3756.0,1045.0
6491.0,3756.0,1043.0
6491.0,3741.0,1043.0
6504.0,3741.0,1041.0
6504.0,3727.0,1041.0
6520.0,3727.0,1036.0
6520.0,3712.0,1036.0
6533.0,3712.0,1031.0
6549.0,3712.0,1025.0
6549.0,3697.0,1025.0
6549.0,3683.0,1025.0
6562.0,3683.0,1022.0
6562.0,3669.0,1022.0
6578.0,3669.0,1020.0
6578.0,3654.0,1020.0
6592.0,3654.0,1017.0
6592.0,3639.0,1017.0
6607.0,3639.0,1013.0
6607.0,3625.0,1013.0
6621.0,3625.0,1008.0
6621.0,3610.0,1008.0
6636.0,3610.0,1003.0
6636.0,3596.0,1003.0
6650.0,3596.0,1001.0
6650.0,3581.0,1001.0
6665.0,3581.0,1000.0
6665.0,3566.0,1000.0
6680.0,3566.0,997.0
6680.0,3557.0,997.0
6688.0,3557.0,997.0
6688.0,3551.0,997.0
6682.0,3551.0,1001.0
6682.0,3556.0,1001.0
6678.0,3556.0,1003.0
6678.0,3571.0,1003.0
6661.0,3571.0,1004.0
6661.0,3585.0,1004.0
6649.0,3585.0,1004.0
6633.0,3585.0,1006.0
6633.0,3599.0,1006.0
6633.0,3613.0,1006.0
6620.0,3613.0,1009.0
6620.0,3628.0,1009.0
6604.0,3628.0,1013.0
6604.0,3643.0,1013.0
6590.0,3643.0,1018.0
6590.0,3657.0,1018.0
6575.0,3657.0,1020.0
6575.0,3672.0,1020.0
6561.0,3672.0,1021.0
6561.0,3686.0,1021.0
6547.0,3686.0,1023.0
6547.0,3701.0,1023.0
6532.0,3701.0,1028.0
6532.0,3715.0,1028.0
6517.0,3715.0,1035.0
6517.0,3730.0,1035.0
6517.0,3745.0,1035.0
6502.0,3745.0,1038.0
6489.0,3745.0,1039.0
6489.0,3759.0,1039.0
6473.0,3759.0,1041.0
6473.0,3773.0,1041.0
6459.0,3773.0,1047.0
6459.0,3788.0,1047.0
6444.0,3788.0,1055.0
6444.0,3803.0,1055.0
6430.0,3803.0,1058.0
6430.0,3817.0,1058.0
6415.0,3817.0,1059.0
6415.0,3831.0,1059.0
6415.0,3846.0,1059.0
6401.0,3846.0,1060.0
6386.0,3846.0,1063.0
6386.0,3861.0,1063.0
6373.0,3861.0,1071.0
6373.0,3862.0,1071.0
6369.0,3862.0,1072.0
6369.0,3858.0,1072.0
6365.0,3858.0,1074.0
6365.0,3846.0,1074.0
6377.0,3846.0,1072.0
6377.0,3832.0,1072.0
6391.0,3832.0,1071.0
6391.0,3818.0,1071.0
6405.0,3818.0,1070.0
6405.0,3803.0,1070.0
6420.0,3803.0,1069.0
6420.0,3788.0,1069.0
6434.0,3788.0,1064.0
6434.0,3774.0,1064.0
6449.0,3774.0,1052.0
6449.0,3759.0,1052.0
6463.0,3759.0,1046.0
6463.0,3745.0,1046.0
6478.0,3745.0,1043.0
6478.0,3731.0,1043.0
6492.0,3731.0,1042.0
6492.0,3716.0,1042.0
6508.0,3716.0,1039.0
6521.0,3716.0,1034.0
6521.0,3701.0,1034.0
6521.0,3686.0,1034.0
6537.0,3686.0,1027.0
6537.0,3672.0,1027.0
6550.0,3672.0,1022.0
6566.0,3672.0,1021.0
6566.0,3658.0,1021.0
6566.0,3643.0,1021.0
6580.0,3643.0,1019.0
6595.0,3643.0,1016.0
6595.0,3629.0,1016.0
6609.0,3629.0,1011.0
6609.0,3614.0,1011.0
6624.0,3614.0,1005.0
6624.0,3600.0,1005.0
6638.0,3600.0,1002.0
6638.0,3585.0,1002.0
6653.0,3585.0,1001.0
6653.0,3570.0,1001.0
6653.0,3556.0,1001.0
6667.0,3556.0,999.0
6667.0,3545.0,999.0
6678.0,3545.0,998.0
6678.0,3540.0,998.0
6673.0,3540.0,1002.0
6673.0,3541.0,1002.0
6669.0,3541.0,1003.0
6669.0,3555.0,1003.0
6654.0,3555.0,1004.0
6654.0,3570.0,1004.0
6640.0,3570.0,1005.0
6640.0,3584.0,1005.0
6625.0,3584.0,1008.0
6625.0,3599.0,1008.0
6611.0,3599.0,1012.0
6611.0,3614.0,1012.0
6597.0,3614.0,1017.0
6597.0,3628.0,1017.0
6582.0,3628.0,1019.0
6582.0,3643.0,1019.0
6568.0,3643.0,1021.0
6568.0,3657.0,1021.0
6552.0,3657.0,1023.0
6552.0,3672.0,1023.0
6538.0,3672.0,1027.0
6538.0,3686.0,1027.0
6523.0,3686.0,1031.0
6509.0,3686.0,1036.0
6509.0,3701.0,1036.0
6494.0,3701.0,1039.0
6494.0,3715.0,1039.0
6480.0,3715.0,1040.0
6480.0,3730.0,1040.0
6465.0,3730.0,1042.0
6465.0,3744.0,1042.0
6465.0,3759.0,1042.0
6451.0,3759.0,1046.0
6436.0,3759.0,1054.0
6436.0,3773.0,1054.0
6436.0,3788.0,1054.0
6422.0,3788.0,1058.0
6422.0,3803.0,1058.0
6407.0,3803.0,1060.0
6407.0,3817.0,1060.0
6393.0,3817.0,1060.0
6393.0,3831.0,1060.0
6379.0,3831.0,1063.0
6365.0,3831.0,1071.0
6365.0,3846.0,1071.0
6365.0,3853.0,1071.0
6357.0,3853.0,1074.0
6357.0,3847.0,1074.0
6353.0,3847.0,1077.0
6353.0,3841.0,1077.0
6359.0,3841.0,1075.0
6377.0,3841.0,1074.0
6377.0,3826.0,1074.0
6388.0,3826.0,1072.0
6388.0,3811.0,1072.0
6388.0,3797.0,1072.0
6405.0,3797.0,1071.0
6416.0,3797.0,1070.0
6416.0,3782.0,1070.0
6416.0,3768.0,1070.0
6433.0,3768.0,1065.0
6446.0,3768.0,1052.0
6446.0,3753.0,1052.0
6462.0,3753.0,1046.0
6462.0,3739.0,1046.0
6462.0,3724.0,1046.0
6475.0,3724.0,1043.0
6491.0,3724.0,1042.0
6491.0,3709.0,1042.0
6505.0,3709.0,1040.0
6505.0,3695.0,1040.0
6520.0,3695.0,1034.0
6520.0,3681.0,1034.0
6534.0,3681.0,1027.0
6534.0,3666.0,1027.0
6534.0,3651.0,1027.0
6549.0,3651.0,1022.0
6549.0,3637.0,1022.0
6563.0,3637.0,1021.0
6563.0,3623.0,1021.0
6578.0,3623.0,1019.0
6578.0,3608.0,1019.0
6592.0,3608.0,1016.0
6607.0,3608.0,1010.0
6607.0,3593.0,1010.0
6621.0,3593.0,1006.0
6621.0,3579.0,1006.0
6636.0,3579.0,1003.0
6636.0,3564.0,1003.0
6636.0,3550.0,1003.0
6650.0,3550.0,1001.0
6650.0,3536.0,1001.0
6665.0,3536.0,999.0
6665.0,3532.0,999.0
6666.0,3532.0,999.0
6659.0,3532.0,999.0
6659.0,3527.0,999.0
6659.0,3538.0,999.0
6650.0,3538.0,1001.0
6650.0,3553.0,1001.0
6632.0,3553.0,1001.0
6621.0,3553.0,1004.0
6621.0,3568.0,1004.0
6604.0,3568.0,1008.0
6604.0,3583.0,1008.0
6592.0,3583.0,1014.0
6592.0,3597.0,1014.0
6575.0,3597.0,1016.0
6575.0,3611.0,1016.0
6575.0,3626.0,1016.0
6562.0,3626.0,1017.0
6562.0,3640.0,1017.0
6546.0,3640.0,1019.0
6546.0,3655.0,1019.0
6533.0,3655.0,1024.0
6533.0,3669.0,1024.0
6517.0,3669.0,1029.0
6517.0,3684.0,1029.0
6504.0,3684.0,1036.0
6504.0,3698.0,1036.0
6488.0,3698.0,1038.0
6474.0,3698.0,1040.0
6459.0,3698.0,1043.0
6459.0,3713.0,1043.0
6459.0,3727.0,1043.0
6459.0,3742.0,1043.0
6445.0,3742.0,1049.0
6430.0,3742.0,1057.0
6430.0,3757.0,1057.0
6416.0,3757.0,1059.0
6416.0,3771.0,1059.0
6401.0,3771.0,1060.0
6401.0,3785.0,1060.0
6387.0,3785.0,1061.0
6387.0,3800.0,1061.0
6373.0,3800.0,1065.0
6373.0,3815.0,1065.0
6358.0,3815.0,1074.0
6358.0,3829.0,1074.0
6358.0,3842.0,1074.0
6346.0,3842.0,1079.0
6343.0,3842.0,1085.0
6343.0,3838.0,1085.0
6343.0,3834.0,1085.0
6343.0,3834.0,1085.0
6360.0,3834.0,1082.0
6360.0,3819.0,1082.0
6360.0,3805.0,1082.0
6372.0,3805.0,1078.0
6372.0,3790.0,1078.0
6388.0,3790.0,1076.0
6388.0,3776.0,1076.0
6400.0,3776.0,1075.0
6400.0,3762.0,1075.0
6416.0,3762.0,1072.0
6416.0,3747.0,1072.0
6429.0,3747.0,1063.0
6429.0,3732.0,1063.0
6445.0,3732.0,1050.0
6445.0,3717.0,1050.0
6459.0,3717.0,1045.0
6459.0,3703.0,1045.0
6473.0,3703.0,1043.0
6473.0,3689.0,1043.0
6488.0,3689.0,1042.0
6488.0,3674.0,1042.0
6503.0,3674.0,1039.0
6503.0,3660.0,1039.0
6517.0,3660.0,1031.0
6517.0,3645.0,1031.0
6532.0,3645.0,1025.0
6532.0,3631.0,1025.0
6547.0,3631.0,1022.0
6547.0,3616.0,1022.0
6561.0,3616.0,1021.0
6561.0,3602.0,1021.0
6576.0,3602.0,1019.0
6576.0,3587.0,1019.0
6590.0,3587.0,1014.0
6590.0,3573.0,1014.0
6605.0,3573.0,1011.0
6619.0,3573.0,1005.0
6619.0,3558.0,1005.0
6619.0,3543.0,1005.0
6634.0,3543.0,1002.0
6634.0,3529.0,1002.0
6648.0,3529.0,1001.0
6648.0,3521.0,1001.0
6656.0,3521.0,1000.0
6656.0,3515.0,1000.0
6656.0,3522.0,1000.0
6656.0,3537.0,1000.0
6649.0,3537.0,1000.0
6644.0,3537.0,1001.0
6625.0,3537.0,1002.0
6625.0,3552.0,1002.0
6614.0,3552.0,1004.0
6614.0,3566.0,1004.0
6597.0,3566.0,1010.0
6597.0,3580.0,1010.0
6585.0,3580.0,1015.0
6585.0,3595.0,1015.0
6569.0,3595.0,1016.0
6569.0,3609.0,1016.0
6555.0,3609.0,1018.0
6555.0,3624.0,1018.0
6540.0,3624.0,1020.0
6540.0,3639.0,1020.0
6526.0,3639.0,1027.0
6526.0,3653.0,1027.0
6511.0,3653.0,1032.0
6511.0,3667.0,1032.0
6497.0,3667.0,1037.0
6497.0,3682.0,1037.0
6482.0,3682.0,1039.0
6482.0,3696.0,1039.0
6468.0,3696.0,1041.0
6468.0,3711.0,1041.0
6453.0,3711.0,1044.0
6453.0,3725.0,1044.0
6439.0,3725.0,1049.0
6439.0,3740.0,1049.0
6425.0,3740.0,1056.0
6425.0,3755.0,1056.0
6409.0,3755.0,1059.0
6409.0,3769.0,1059.0
6395.0,3769.0,1060.0
6395.0,3783.0,1060.0
6381.0,3783.0,1061.0
6381.0,3798.0,1061.0
6366.0,3798.0,1065.0
6366.0,3813.0,1065.0
6352.0,3813.0,1074.0
6352.0,3827.0,1074.0
6338.0,3827.0,1081.0
6338.0,3829.0,1081.0
6334.0,3829.0,1080.0
6334.0,3824.0,1080.0
6331.0,3824.0,1084.0
6331.0,3812.0,1084.0
6343.0,3812.0,1086.0
6343.0,3798.0,1086.0
6357.0,3798.0,1084.0
6357.0,3784.0,1084.0
6371.0,3784.0,1078.0
6371.0,3769.0,1078.0
6386.0,3769.0,1076.0
6386.0,3754.0,1076.0
6399.0,3754.0,1074.0
6399.0,3739.0,1074.0
6415.0,3739.0,1072.0
6415.0,3725.0,1072.0
6429.0,3725.0,1063.0
6429.0,3711.0,1063.0
6444.0,3711.0,1049.0
6444.0,3696.0,1049.0
6457.0,3696.0,1045.0
6473.0,3696.0,1043.0
6473.0,3682.0,1043.0
6473.0,3667.0,1043.0
6487.0,3667.0,1042.0
6487.0,3652.0,1042.0
6502.0,3652.0,1039.0
6502.0,3638.0,1039.0
6517.0,3638.0,1031.0
6517.0,3623.0,1031.0
6531.0,3623.0,1025.0
6531.0,3609.0,1025.0
6545.0,3609.0,1023.0
6545.0,3595.0,1023.0
6560.0,3595.0,1021.0
6560.0,3580.0,1021.0
6560.0,3565.0,1021.0
6575.0,3565.0,1019.0
6589.0,3565.0,1015.0
6589.0,3551.0,1015.0
6604.0,3551.0,1009.0
6604.0,3536.0,1009.0
6618.0,3536.0,1005.0
6633.0,3536.0,1002.0
6633.0,3522.0,1002.0
6644.0,3522.0,1001.0
6644.0,3511.0,1001.0
6637.0,3511.0,1001.0
6637.0,3507.0,1001.0
6633.0,3507.0,1001.0
6633.0,3508.0,1001.0
6633.0,3523.0,1001.0
6617.0,3523.0,1002.0
6617.0,3538.0,1002.0
6603.0,3538.0,1005.0
6603.0,3552.0,1005.0
6589.0,3552.0,1012.0
6589.0,3566.0,1012.0
6574.0,3566.0,1015.0
6574.0,3581.0,1015.0
6561.0,3581.0,1017.0
6561.0,3596.0,1017.0
6545.0,3596.0,1018.0
6545.0,3610.0,1018.0
6531.0,3610.0,1020.0
6531.0,3625.0,1020.0
6516.0,3625.0,1027.0
6516.0,3639.0,1027.0
6502.0,3639.0,1034.0
6487.0,3639.0,1038.0
6487.0,3654.0,1038.0
6487.0,3668.0,1038.0
6473.0,3668.0,1040.0
6473.0,3683.0,1040.0
6458.0,3683.0,1041.0
6458.0,3697.0,1041.0
6444.0,3697.0,1045.0
6429.0,3697.0,1052.0
6429.0,3712.0,1052.0
6429.0,3726.0,1052.0
6415.0,3726.0,1057.0
6415.0,3741.0,1057.0
6400.0,3741.0,1059.0
6400.0,3755.0,1059.0
6385.0,3755.0,1060.0
6385.0,3770.0,1060.0
6371.0,3770.0,1063.0
6357.0,3770.0,1070.0
6357.0,3784.0,1070.0
6343.0,3784.0,1078.0
6343.0,3799.0,1078.0
6343.0,3814.0,1078.0
6328.0,3814.0,1083.0
6328.0,3817.0,1083.0
6324.0,3817.0,1084.0
6324.0,3811.0,1084.0
6321.0,3811.0,1084.0
6332.0,3811.0,1085.0
6332.0,3800.0,1085.0
6332.0,3786.0,1085.0
6348.0,3786.0,1083.0
6348.0,3772.0,1083.0
6360.0,3772.0,1080.0
6360.0,3757.0,1080.0
6376.0,3757.0,1076.0
6376.0,3742.0,1076.0
6389.0,3742.0,1075.0
6405.0,3742.0,1073.0
6405.0,3727.0,1073.0
6417.0,3727.0,1067.0
6417.0,3713.0,1067.0
6417.0,3699.0,1067.0
6433.0,3699.0,1052.0
6447.0,3699.0,1046.0
6447.0,3684.0,1046.0
6462.0,3684.0,1043.0
6462.0,3670.0,1043.0
6462.0,3655.0,1043.0
6476.0,3655.0,1042.0
6492.0,3655.0,1040.0
6492.0,3641.0,1040.0
6505.0,3641.0,1034.0
6505.0,3626.0,1034.0
6521.0,3626.0,1027.0
6521.0,3612.0,1027.0
6521.0,3597.0,1027.0
6534.0,3597.0,1022.0
6534.0,3583.0,1022.0
6549.0,3583.0,1021.0
6549.0,3568.0,1021.0
6564.0,3568.0,1020.0
6579.0,3568.0,1016.0
6579.0,3553.0,1016.0
6579.0,3539.0,1016.0
6593.0,3539.0,1010.0
6593.0,3524.0,1010.0
6608.0,3524.0,1005.0
6608.0,3510.0,1005.0
6622.0,3510.0,1001.0
6622.0,3501.0,1001.0
6631.0,3501.0,1001.0
6631.0,3496.0,1001.0
6623.0,3496.0,1001.0
6623.0,3502.0,1001.0
6618.0,3502.0,1000.0
6618.0,3517.0,1000.0
6601.0,3517.0,1003.0
6601.0,3531.0,1003.0
6589.0,3531.0,1010.0
6589.0,3545.0,1010.0
6573.0,3545.0,1015.0
6559.0,3545.0,1017.0
6559.0,3559.0,1017.0
6559.0,3574.0,1017.0
6544.0,3574.0,1018.0
6544.0,3589.0,1018.0
6529.0,3589.0,1020.0
6529.0,3604.0,1020.0
6515.0,3604.0,1026.0
6515.0,3618.0,1026.0
6501.0,3618.0,1034.0
6501.0,3632.0,1034.0
6486.0,3632.0,1038.0
6486.0,3647.0,1038.0
6472.0,3647.0,1039.0
6472.0,3661.0,1039.0
6457.0,3661.0,1041.0
6457.0,3676.0,1041.0
6442.0,3676.0,1044.0
6428.0,3676.0,1051.0
6428.0,3691.0,1051.0
6428.0,3705.0,1051.0
6413.0,3705.0,1057.0
6399.0,3705.0,1059.0
6399.0,3720.0,1059.0
6399.0,3734.0,1059.0
6384.0,3734.0,1060.0
6370.0,3734.0,1062.0
6370.0,3749.0,1062.0
6370.0,3763.0,1062.0
6356.0,3763.0,1069.0
6356.0,3778.0,1069.0
6341.0,3778.0,1076.0
6341.0,3792.0,1076.0
6326.0,3792.0,1083.0
6316.0,3792.0,1085.0
6316.0,3804.0,1085.0
6313.0,3804.0,1084.0
6313.0,3799.0,1084.0
6313.0,3794.0,1084.0
6315.0,3794.0,1085.0
6315.0,3779.0,1085.0
6332.0,3779.0,1084.0
6332.0,3765.0,1084.0
6344.0,3765.0,1082.0
6344.0,3750.0,1082.0
6359.0,3750.0,1080.0
6359.0,3736.0,1080.0
6372.0,3736.0,1076.0
6372.0,3722.0,1076.0
6388.0,3722.0,1075.0
6388.0,3707.0,1075.0
6401.0,3707.0,1072.0
6401.0,3692.0,1072.0
6417.0,3692.0,1063.0
6417.0,3677.0,1063.0
6431.0,3677.0,1049.0
6431.0,3663.0,1049.0
6445.0,3663.0,1045.0
6445.0,3649.0,1045.0
6460.0,3649.0,1043.0
6460.0,3635.0,1043.0
6475.0,3635.0,1042.0
6475.0,3620.0,1042.0
6489.0,3620.0,1038.0
6489.0,3605.0,1038.0
6504.0,3605.0,1034.0
6504.0,3591.0,1034.0
6518.0,3591.0,1027.0
6533.0,3591.0,1022.0
6533.0,3576.0,1022.0
6533.0,3562.0,1022.0
6548.0,3562.0,1021.0
6562.0,3562.0,1019.0
6577.0,3562.0,1016.0
6577.0,3547.0,1016.0
6577.0,3532.0,1016.0
6591.0,3532.0,1010.0
6591.0,3518.0,1010.0
6591.0,3503.0,1010.0
6605.0,3503.0,1004.0
6605.0,3492.0,1004.0
6616.0,3492.0,1001.0
6616.0,3489.0,1001.0
6610.0,3489.0,1001.0
6610.0,3491.0,1001.0
6605.0,3491.0,1002.0
6605.0,3505.0,1002.0
6591.0,3505.0,1009.0
6591.0,3520.0,1009.0
6576.0,3520.0,1013.0
6562.0,3520.0,1016.0
6562.0,3534.0,1016.0
6562.0,3548.0,1016.0
6547.0,3548.0,1017.0
6547.0,3563.0,1017.0
6533.0,3563.0,1019.0
6533.0,3578.0,1019.0
6517.0,3578.0,1024.0
6517.0,3592.0,1024.0
6504.0,3592.0,1031.0
6489.0,3592.0,1035.0
6489.0,3606.0,1035.0
6475.0,3606.0,1038.0
6475.0,3621.0,1038.0
6475.0,3636.0,1038.0
6460.0,3636.0,1040.0
6445.0,3636.0,1042.0
6445.0,3650.0,1042.0
6430.0,3650.0,1047.0
6430.0,3665.0,1047.0
6430.0,3679.0,1047.0
6417.0,3679.0,1054.0
6417.0,3694.0,1054.0
6401.0,3694.0,1058.0
6401.0,3708.0,1058.0
6388.0,3708.0,1059.0
6388.0,3723.0,1059.0
6373.0,3723.0,1061.0
6373.0,3737.0,1061.0
6358.0,3737.0,1065.0
6358.0,3752.0,1065.0
6344.0,3752.0,1072.0
6330.0,3752.0,1079.0
6330.0,3766.0,1079.0
6330.0,3781.0,1079.0
6315.0,3781.0,1083.0
6307.0,3781.0,1084.0
6307.0,3789.0,1084.0
6305.0,3789.0,1085.0
6305.0,3781.0,1085.0
6305.0,3777.0,1085.0
6309.0,3777.0,1085.0
6326.0,3777.0,1084.0
6326.0,3763.0,1084.0
6338.0,3763.0,1083.0
6338.0,3747.0,1083.0
6354.0,3747.0,1080.0
6354.0,3733.0,1080.0
6367.0,3733.0,1076.0
6367.0,3718.0,1076.0
6383.0,3718.0,1075.0
6383.0,3704.0,1075.0
6396.0,3704.0,1072.0
6396.0,3690.0,1072.0
6411.0,3690.0,1067.0
6411.0,3675.0,1067.0
6425.0,3675.0,1052.0
6425.0,3660.0,1052.0
6425.0,3646.0,1052.0
6440.0,3646.0,1046.0
6440.0,3631.0,1046.0
6454.0,3631.0,1043.0
6454.0,3617.0,1043.0
6469.0,3617.0,1042.0
6484.0,3617.0,1040.0
6484.0,3603.0,1040.0
6499.0,3603.0,1034.0
6499.0,3588.0,1034.0
6513.0,3588.0,1028.0
6513.0,3573.0,1028.0
6528.0,3573.0,1024.0
6528.0,3559.0,1024.0
6528.0,3544.0,1024.0
6542.0,3544.0,1021.0
6542.0,3530.0,1021.0
6557.0,3530.0,1019.0
6557.0,3515.0,1019.0
6571.0,3515.0,1017.0
6571.0,3500.0,1017.0
6585.0,3500.0,1013.0
6585.0,3486.0,1013.0
6599.0,3486.0,1006.0
6599.0,3484.0,1006.0
6599.0,3484.0,1008.0
6599.0,3480.0,1008.0
6591.0,3480.0,1008.0
6591.0,3492.0,1008.0
6582.0,3492.0,1012.0
6582.0,3506.0,1012.0
6564.0,3506.0,1014.0
6564.0,3521.0,1014.0
6553.0,3521.0,1017.0
6553.0,3536.0,1017.0
6536.0,3536.0,1018.0
6536.0,3551.0,1018.0
6524.0,3551.0,1022.0
6524.0,3565.0,1022.0
6507.0,3565.0,1026.0
6507.0,3579.0,1026.0
6494.0,3579.0,1034.0
6494.0,3594.0,1034.0
6478.0,3594.0,1038.0
6478.0,3608.0,1038.0
6465.0,3608.0,1039.0
6465.0,3623.0,1039.0
6449.0,3623.0,1041.0
6449.0,3638.0,1041.0
6436.0,3638.0,1044.0
6436.0,3652.0,1044.0
6420.0,3652.0,1052.0
6420.0,3666.0,1052.0
6420.0,3681.0,1052.0
6407.0,3681.0,1057.0
6392.0,3681.0,1059.0
6378.0,3681.0,1060.0
6378.0,3696.0,1060.0
6378.0,3710.0,1060.0
6363.0,3710.0,1062.0
6363.0,3725.0,1062.0
6349.0,3725.0,1069.0
6334.0,3725.0,1076.0
6334.0,3739.0,1076.0
6334.0,3754.0,1076.0
6320.0,3754.0,1081.0
6320.0,3768.0,1081.0
6305.0,3768.0,1084.0
6305.0,3774.0,1084.0
6300.0,3774.0,1084.0
6300.0,3765.0,1084.0
6298.0,3765.0,1084.0
6298.0,3759.0,1084.0
6304.0,3759.0,1084.0
6304.0,3745.0,1084.0
6321.0,3745.0,1083.0
6321.0,3730.0,1083.0
6333.0,3730.0,1082.0
6333.0,3715.0,1082.0
6349.0,3715.0,1080.0
6349.0,3700.0,1080.0
6361.0,3700.0,1076.0
6361.0,3686.0,1076.0
6377.0,3686.0,1074.0
6391.0,3686.0,1072.0
6391.0,3672.0,1072.0
6406.0,3672.0,1067.0
6406.0,3657.0,1067.0
6420.0,3657.0,1052.0
6420.0,3643.0,1052.0
6435.0,3643.0,1046.0
6435.0,3628.0,1046.0
6449.0,3628.0,1043.0
6449.0,3613.0,1043.0
6464.0,3613.0,1042.0
6464.0,3599.0,1042.0
6464.0,3585.0,1042.0
6479.0,3585.0,1040.0
6479.0,3570.0,1040.0
6493.0,3570.0,1035.0
6508.0,3570.0,1029.0
6508.0,3555.0,1029.0
6522.0,3555.0,1023.0
6522.0,3541.0,1023.0
6522.0,3526.0,1023.0
6537.0,3526.0,1021.0
6552.0,3526.0,1020.0
6552.0,3512.0,1020.0
6552.0,3497.0,1020.0
6566.0,3497.0,1018.0
6581.0,3497.0,1012.0
6581.0,3483.0,1012.0
6581.0,3477.0,1012.0
6585.0,3477.0,1011.0
6576.0,3477.0,1011.0
6576.0,3473.0,1011.0
6576.0,3481.0,1011.0
6570.0,3481.0,1015.0
6552.0,3481.0,1017.0
6552.0,3496.0,1017.0
6552.0,3511.0,1017.0
6540.0,3511.0,1019.0
6540.0,3525.0,1019.0
6524.0,3525.0,1020.0
6512.0,3525.0,1024.0
6512.0,3540.0,1024.0
6495.0,3540.0,1032.0
6495.0,3554.0,1032.0
6481.0,3554.0,1035.0
6481.0,3569.0,1035.0
6481.0,3583.0,1035.0
6466.0,3583.0,1039.0
6452.0,3583.0,1040.0
6452.0,3598.0,1040.0
6452.0,3613.0,1040.0
6438.0,3613.0,1043.0
6423.0,3613.0,1046.0
6423.0,3627.0,1046.0
6423.0,3642.0,1046.0
6409.0,3642.0,1054.0
6393.0,3642.0,1058.0
6393.0,3656.0,1058.0
6380.0,3656.0,1059.0
6380.0,3671.0,1059.0
6380.0,3685.0,1059.0
6365.0,3685.0,1061.0
6365.0,3700.0,1061.0
6351.0,3700.0,1065.0
6337.0,3700.0,1073.0
6337.0,3714.0,1073.0
6321.0,3714.0,1080.0
6321.0,3728.0,1080.0
6307.0,3728.0,1084.0
6307.0,3743.0,1084.0
6295.0,3743.0,1085.0
6295.0,3757.0,1085.0
6295.0,3754.0,1085.0
6294.0,3754.0,1085.0
6294.0,3749.0,1085.0
6293.0,3749.0,1085.0
6293.0,3735.0,1085.0
6305.0,3735.0,1085.0
6305.0,3721.0,1085.0
6320.0,3721.0,1083.0
6334.0,3721.0,1082.0
6334.0,3707.0,1082.0
6349.0,3707.0,1080.0
6349.0,3693.0,1080.0
6349.0,3678.0,1080.0
6362.0,3678.0,1076.0
6362.0,3663.0,1076.0
6377.0,3663.0,1074.0
6377.0,3648.0,1074.0
6391.0,3648.0,1072.0
6391.0,3634.0,1072.0
6406.0,3634.0,1064.0
6406.0,3620.0,1064.0
6421.0,3620.0,1051.0
6421.0,3605.0,1051.0
6436.0,3605.0,1046.0
6449.0,3605.0,1044.0
6449.0,3591.0,1044.0
6449.0,3576.0,1044.0
6465.0,3576.0,1042.0
6465.0,3562.0,1042.0
6479.0,3562.0,1038.0
6479.0,3547.0,1038.0
6494.0,3547.0,1033.0
6494.0,3532.0,1033.0
6508.0,3532.0,1027.0
6508.0,3518.0,1027.0
6523.0,3518.0,1022.0
6523.0,3503.0,1022.0
6537.0,3503.0,1021.0
6537.0,3489.0,1021.0
6552.0,3489.0,1019.0
6552.0,3474.0,1019.0
6565.0,3474.0,1015.0
6565.0,3471.0,1015.0
6567.0,3471.0,1015.0
6567.0,3468.0,1015.0
6557.0,3468.0,1016.0
6557.0,3479.0,1016.0
6551.0,3479.0,1018.0
6551.0,3493.0,1018.0
6531.0,3493.0,1019.0
6531.0,3508.0,1019.0
6521.0,3508.0,1022.0
6521.0,3523.0,1022.0
6503.0,3523.0,1024.0
6503.0,3537.0,1024.0
6492.0,3537.0,1031.0
6492.0,3552.0,1031.0
6474.0,3552.0,1037.0
6474.0,3566.0,1037.0
6462.0,3566.0,1039.0
6446.0,3566.0,1040.0
6446.0,3581.0,1040.0
6446.0,3595.0,1040.0
6433.0,3595.0,1043.0
6433.0,3609.0,1043.0
6417.0,3609.0,1049.0
6417.0,3624.0,1049.0
6403.0,3624.0,1054.0
6403.0,3639.0,1054.0
6388.0,3639.0,1058.0
6388.0,3653.0,1058.0
6374.0,3653.0,1060.0
6374.0,3668.0,1060.0
6360.0,3668.0,1061.0
6360.0,3683.0,1061.0
6345.0,3683.0,1065.0
6345.0,3697.0,1065.0
6331.0,3697.0,1074.0
6331.0,3711.0,1074.0
6317.0,3711.0,1081.0
6317.0,3725.0,1081.0
6302.0,3725.0,1084.0
6302.0,3739.0,1084.0
6290.0,3739.0,1085.0
6290.0,3737.0,1085.0
6289.0,3737.0,1085.0
6289.0,3731.0,1085.0
6288.0,3731.0,1085.0
6288.0,3717.0,1085.0
6301.0,3717.0,1085.0
6301.0,3703.0,1085.0
6316.0,3703.0,1083.0
6316.0,3689.0,1083.0
6329.0,3689.0,1082.0
6329.0,3675.0,1082.0
6344.0,3675.0,1080.0
6344.0,3660.0,1080.0
6357.0,3660.0,1076.0
6357.0,3645.0,1076.0
6373.0,3645.0,1075.0
6373.0,3631.0,1075.0
6386.0,3631.0,1072.0
6386.0,3616.0,1072.0
6386.0,3602.0,1072.0
6401.0,3602.0,1066.0
6415.0,3602.0,1052.0
6415.0,3587.0,1052.0
6430.0,3587.0,1046.0
6430.0,3573.0,1046.0
6445.0,3573.0,1043.0
6445.0,3558.0,1043.0
6460.0,3558.0,1042.0
6460.0,3543.0,1042.0
6474.0,3543.0,1040.0
6474.0,3529.0,1040.0
6489.0,3529.0,1034.0
6489.0,3515.0,1034.0
6503.0,3515.0,1027.0
6503.0,3500.0,1027.0
6518.0,3500.0,1022.0
6518.0,3485.0,1022.0
6532.0,3485.0,1021.0
6532.0,3471.0,1021.0
6547.0,3471.0,1020.0
6547.0,3466.0,1020.0
6550.0,3466.0,1018.0
6550.0,3464.0,1018.0
6539.0,3464.0,1019.0
6539.0,3472.0,1019.0
6534.0,3472.0,1020.0
6534.0,3487.0,1020.0
6515.0,3487.0,1021.0
6515.0,3502.0,1021.0
6504.0,3502.0,1025.0
6504.0,3516.0,1025.0
6487.0,3516.0,1032.0
6487.0,3531.0,1032.0
6475.0,3531.0,1037.0
6475.0,3545.0,1037.0
6458.0,3545.0,1038.0
6458.0,3559.0,1038.0
6445.0,3559.0,1040.0
6429.0,3559.0,1043.0
6429.0,3574.0,1043.0
6429.0,3589.0,1043.0
6416.0,3589.0,1046.0
6416.0,3604.0,1046.0
6401.0,3604.0,1054.0
6401.0,3618.0,1054.0
6387.0,3618.0,1058.0
6387.0,3633.0,1058.0
6372.0,3633.0,1060.0
6372.0,3647.0,1060.0
6358.0,3647.0,1061.0
6358.0,3662.0,1061.0
6344.0,3662.0,1063.0
6344.0,3676.0,1063.0
6329.0,3676.0,1071.0
6329.0,3690.0,1071.0
6314.0,3690.0,1080.0
6314.0,3705.0,1080.0
6300.0,3705.0,1084.0
6300.0,3719.0,1084.0
6287.0,3719.0,1085.0
6287.0,3719.0,1085.0
6285.0,3719.0,1085.0
6285.0,3711.0,1085.0
6285.0,3711.0,1085.0
6285.0,3699.0,1085.0
6295.0,3699.0,1085.0
6295.0,3686.0,1085.0
6311.0,3686.0,1084.0
6311.0,3672.0,1084.0
6323.0,3672.0,1083.0
6323.0,3657.0,1083.0
6339.0,3657.0,1079.0
6339.0,3642.0,1079.0
6352.0,3642.0,1076.0
6352.0,3627.0,1076.0
6368.0,3627.0,1075.0
6368.0,3613.0,1075.0
6381.0,3613.0,1073.0
6396.0,3613.0,1067.0
6396.0,3599.0,1067.0
6396.0,3585.0,1067.0
6409.0,3585.0,1051.0
6425.0,3585.0,1046.0
6425.0,3570.0,1046.0
6439.0,3570.0,1044.0
6439.0,3555.0,1044.0
6439.0,3541.0,1044.0
6454.0,3541.0,1043.0
6454.0,3526.0,1043.0
6468.0,3526.0,1040.0
6468.0,3512.0,1040.0
6484.0,3512.0,1034.0
6484.0,3497.0,1034.0
6497.0,3497.0,1027.0
6497.0,3483.0,1027.0
6513.0,3483.0,1022.0
6513.0,3468.0,1022.0
6526.0,3468.0,1021.0
6526.0,3463.0,1021.0
6530.0,3463.0,1021.0
6530.0,3462.0,1021.0
6518.0,3462.0,1021.0
6518.0,3469.0,1021.0
6514.0,3469.0,1022.0
6514.0,3484.0,1022.0
6495.0,3484.0,1025.0
6485.0,3484.0,1032.0
6485.0,3499.0,1032.0
6485.0,3513.0,1032.0
6468.0,3513.0,1037.0
6455.0,3513.0,1039.0
6455.0,3528.0,1039.0
6455.0,3542.0,1039.0
6439.0,3542.0,1040.0
6439.0,3557.0,1040.0
6425.0,3557.0,1043.0
6425.0,3571.0,1043.0
6410.0,3571.0,1049.0
6410.0,3586.0,1049.0
6396.0,3586.0,1055.0
6396.0,3601.0,1055.0
6381.0,3601.0,1058.0
6381.0,3615.0,1058.0
6367.0,3615.0,1060.0
6367.0,3629.0,1060.0
6353.0,3629.0,1061.0
6353.0,3644.0,1061.0
6338.0,3644.0,1065.0
6338.0,3658.0,1065.0
6324.0,3658.0,1074.0
6324.0,3673.0,1074.0
6309.0,3673.0,1081.0
6309.0,3687.0,1081.0
6296.0,3687.0,1084.0
6296.0,3700.0,1084.0
6282.0,3700.0,1086.0
6283.0,3700.0,1086.0
6283.0,3696.0,1086.0
6283.0,3690.0,1086.0
6283.0,3690.0,1085.0
6283.0,3676.0,1085.0
6283.0,3663.0,1085.0
6296.0,3663.0,1085.0
6296.0,3648.0,1085.0
6311.0,3648.0,1084.0
6311.0,3635.0,1084.0
6324.0,3635.0,1082.0
6324.0,3619.0,1082.0
6339.0,3619.0,1078.0
6353.0,3619.0,1076.0
6353.0,3605.0,1076.0
6368.0,3605.0,1075.0
6368.0,3590.0,1075.0
6381.0,3590.0,1072.0
6381.0,3576.0,1072.0
6396.0,3576.0,1063.0
6396.0,3561.0,1063.0
6410.0,3561.0,1049.0
6410.0,3547.0,1049.0
6425.0,3547.0,1045.0
6425.0,3532.0,1045.0
6440.0,3532.0,1043.0
6440.0,3517.0,1043.0
6454.0,3517.0,1042.0
6454.0,3503.0,1042.0
6469.0,3503.0,1038.0
6469.0,3488.0,1038.0
6484.0,3488.0,1032.0
6484.0,3474.0,1032.0
6498.0,3474.0,1025.0
6498.0,3462.0,1025.0
6509.0,3462.0,1022.0
6509.0,3462.0,1022.0
6503.0,3462.0,1023.0
6503.0,3462.0,1023.0
6495.0,3462.0,1026.0
6495.0,3475.0,1026.0
6485.0,3475.0,1031.0
6485.0,3489.0,1031.0
6467.0,3489.0,1036.0
6467.0,3503.0,1036.0
6456.0,3503.0,1038.0
6456.0,3518.0,1038.0
6438.0,3518.0,1040.0
6438.0,3533.0,1040.0
6427.0,3533.0,1041.0
6427.0,3548.0,1041.0
6409.0,3548.0,1047.0
6409.0,3562.0,1047.0
6397.0,3562.0,1054.0
6397.0,3577.0,1054.0
6381.0,3577.0,1058.0
6381.0,3591.0,1058.0
6369.0,3591.0,1059.0
6369.0,3606.0,1059.0
6353.0,3606.0,1060.0
6353.0,3621.0,1060.0
6340.0,3621.0,1063.0
6340.0,3635.0,1063.0
6323.0,3635.0,1071.0
6310.0,3635.0,1079.0
6310.0,3649.0,1079.0
6310.0,3664.0,1079.0
6296.0,3664.0,1083.0
6296.0,3677.0,1083.0
6283.0,3677.0,1085.0
6283.0,3676.0,1085.0
6282.0,3676.0,1085.0
6282.0,3666.0,1085.0
6283.0,3666.0,1085.0
6283.0,3656.0,1085.0
6293.0,3656.0,1085.0
6293.0,3642.0,1085.0
6310.0,3642.0,1084.0
6310.0,3628.0,1084.0
6321.0,3628.0,1081.0
6321.0,3613.0,1081.0
6337.0,3613.0,1078.0
6337.0,3598.0,1078.0
6350.0,3598.0,1075.0
6350.0,3583.0,1075.0
6366.0,3583.0,1074.0
6379.0,3583.0,1072.0
6379.0,3569.0,1072.0
6379.0,3555.0,1072.0
6395.0,3555.0,1063.0
6395.0,3540.0,1063.0
6408.0,3540.0,1050.0
6424.0,3540.0,1045.0
6424.0,3525.0,1045.0
6424.0,3511.0,1045.0
6437.0,3511.0,1043.0
6437.0,3496.0,1043.0
6453.0,3496.0,1041.0
6453.0,3482.0,1041.0
6467.0,3482.0,1038.0
6467.0,3467.0,1038.0
6481.0,3467.0,1032.0
6481.0,3462.0,1032.0
6485.0,3462.0,1030.0
6472.0,3462.0,1033.0
6472.0,3463.0,1033.0
6472.0,3468.0,1033.0
6469.0,3468.0,1037.0
6469.0,3483.0,1037.0
6451.0,3483.0,1039.0
6451.0,3498.0,1039.0
6438.0,3498.0,1041.0
6438.0,3513.0,1041.0
6423.0,3513.0,1042.0
6423.0,3527.0,1042.0
6409.0,3527.0,1045.0
6409.0,3541.0,1045.0
6395.0,3541.0,1052.0
6395.0,3556.0,1052.0
6380.0,3556.0,1057.0
6380.0,3570.0,1057.0
6365.0,3570.0,1059.0
6365.0,3585.0,1059.0
6351.0,3585.0,1060.0
6351.0,3600.0,1060.0
6337.0,3600.0,1062.0
6322.0,3600.0,1069.0
6322.0,3614.0,1069.0
6322.0,3628.0,1069.0
6308.0,3628.0,1077.0
6293.0,3628.0,1084.0
6293.0,3643.0,1084.0
6293.0,3654.0,1084.0
6284.0,3654.0,1085.0
6286.0,3654.0,1085.0
6286.0,3646.0,1085.0
6286.0,3639.0,1085.0
6288.0,3639.0,1085.0
6301.0,3639.0,1087.0
6301.0,3625.0,1087.0
6301.0,3611.0,1087.0
6316.0,3611.0,1083.0
6329.0,3611.0,1078.0
6329.0,3597.0,1078.0
6329.0,3583.0,1078.0
6345.0,3583.0,1076.0
6345.0,3569.0,1076.0
6358.0,3569.0,1075.0
6358.0,3554.0,1075.0
6373.0,3554.0,1072.0
6373.0,3539.0,1072.0
6387.0,3539.0,1063.0
6387.0,3525.0,1063.0
6402.0,3525.0,1049.0
6402.0,3510.0,1049.0
6416.0,3510.0,1045.0
6416.0,3496.0,1045.0
6431.0,3496.0,1043.0
6431.0,3481.0,1043.0
6445.0,3481.0,1042.0
6445.0,3467.0,1042.0
6458.0,3467.0,1039.0
6455.0,3467.0,1041.0
6455.0,3467.0,1041.0
6455.0,3470.0,1041.0
6441.0,3470.0,1040.0
6441.0,3477.0,1040.0
6437.0,3477.0,1041.0
6437.0,3492.0,1041.0
6417.0,3492.0,1043.0
6417.0,3506.0,1043.0
6408.0,3506.0,1045.0
6408.0,3521.0,1045.0
6391.0,3521.0,1052.0
6391.0,3536.0,1052.0
6379.0,3536.0,1057.0
6379.0,3550.0,1057.0
6363.0,3550.0,1059.0
6363.0,3564.0,1059.0
6349.0,3564.0,1060.0
6349.0,3579.0,1060.0
6334.0,3579.0,1062.0
6334.0,3593.0,1062.0
6321.0,3593.0,1069.0
6321.0,3608.0,1069.0
6306.0,3608.0,1076.0
6306.0,3623.0,1076.0
6292.0,3623.0,1083.0
6292.0,3625.0,1083.0
6289.0,3625.0,1083.0
6289.0,3610.0,1083.0
6295.0,3610.0,1083.0
6295.0,3606.0,1083.0
6299.0,3606.0,1083.0
6299.0,3591.0,1083.0
6316.0,3591.0,1081.0
6316.0,3576.0,1081.0
6316.0,3561.0,1081.0
6328.0,3561.0,1078.0
6342.0,3561.0,1075.0
6342.0,3547.0,1075.0
6357.0,3547.0,1074.0
6357.0,3533.0,1074.0
6371.0,3533.0,1071.0
6371.0,3518.0,1071.0
6386.0,3518.0,1063.0
6386.0,3503.0,1063.0
6400.0,3503.0,1050.0
6400.0,3489.0,1050.0
6414.0,3489.0,1045.0
6414.0,3475.0,1045.0
6427.0,3475.0,1043.0
6427.0,3475.0,1043.0
6425.0,3475.0,1043.0
6425.0,3483.0,1043.0
6407.0,3483.0,1045.0
6407.0,3487.0,1045.0
6404.0,3487.0,1046.0
6404.0,3502.0,1046.0
6385.0,3502.0,1053.0
6373.0,3502.0,1057.0
6373.0,3517.0,1057.0
6373.0,3532.0,1057.0
6359.0,3532.0,1059.0
6345.0,3532.0,1060.0
6345.0,3546.0,1060.0
6330.0,3546.0,1062.0
6330.0,3561.0,1062.0
6314.0,3561.0,1069.0
6314.0,3575.0,1069.0
6314.0,3588.0,1069.0
6304.0,3588.0,1074.0
6304.0,3585.0,1074.0
6306.0,3585.0,1074.0
6306.0,3565.0,1074.0
6317.0,3565.0,1072.0
6317.0,3560.0,1072.0
6321.0,3560.0,1072.0
6321.0,3545.0,1072.0
6337.0,3545.0,1072.0
6337.0,3530.0,1072.0
6350.0,3530.0,1071.0
6350.0,3516.0,1071.0
6365.0,3516.0,1069.0
6365.0,3502.0,1069.0
6379.0,3502.0,1063.0
6379.0,3499.0,1063.0
6382.0,3499.0,1058.0
6382.0,3498.0,1058.0
6382.0,3498.0,1058.0
6382.0,3498.0,1058.0
6382.0,3498.0,1058.0
6382.0,3498.0,1058.0
6382.0,3498.0,1058.0
6382.0,3498.0,1058.0
6382.0,3498.0,1058.0
6382.0,3498.0,1058.0
6382.0,3498.0,1058.0
6382.0,3498.0,1058.0
6382.0,3498.0,1058.0
6382.0,3498.0,1058.0
6382.0,3498.0,1058.0
6382.0,3498.0,1058.0
6382.0,3498.0,1058.0
6382.0,3498.0,1058.0
6382.0,3498.0,1058.0
6382.0,3498.0,1058.0
6382.0,3498.0,1058.0
6382.0,3498.0,1058.0
6382.0,3498.0,1058.0
6382.0,3498.0,1058.0
6382.0,3498.0,1058.0
6382.0,3498.0,1058.0
6382.0,3498.0,1058.0
6382.0,3498.0,1058.0
6382.0,3498.0,1058.0
6382.0,3498.0,1058.0
6382.0,3498.0,1058.0
6382.0,3498.0,1058.0
6382.0,3498.0,1058.0
6382.0,3498.0,1058.0
6382.0,3498.0,1058.0
6382.0,3498.0,1058.0
6382.0,3498.0,1058.0
6382.0,3498.0,1058.0
6382.0,3498.0,1058.0
6382.0,3498.0,1058.0
6382.0,3498.0,1058.0
6382.0,3498.0,1058.0
6382.0,3498.0,1058.0
6382.0,3498.0,1058.0
6382.0,3498.0,1058.0
6382.0,3498.0,1058.0
6382.0,3498.0,1058.0
6382.0,3498.0,1058.0
6382.0,3498.0,1058.0
6382.0,3498.0,1058.0
6382.0,3498.0,1058.0
6382.0,3498.0,1058.0
6382.0,3498.0,1058.0
6382.0,3498.0,1058.0
6382.0,3498.0,1058.0
6382.0,3498.0,1058.0
6382.0,3498.0,1058.0
6382.0,3498.0,1058.0
6382.0,3498.0,1058.0
6382.0,3498.0,1058.0
6382.0,3498.0,1058.0
6382.0,3498.0,1058.0
6382.0,3498.0,1058.0
6382.0,3498.0,1058.0
6382.0,3498.0,1058.0
6382.0,3498.0,1058.0
6382.0,3498.0,1058.0
6382.0,3498.0,1058.0
6382.0,3498.0,1058.0
6382.0,3498.0,1058.0
6382.0,3498.0,1058.0
6382.0,3498.0,1058.0
6382.0,3498.0,1058.0
6382.0,3498.0,1058.0
6382.0,3498.0,1058.0
6382.0,3498.0,1058.0
6382.0,3498.0,1058.0
6382.0,3498.0,1058.0
6382.0,3498.0,1058.0
6382.0,3498.0,1058.0
6382.0,3498.0,1058.0
6382.0,3498.0,1058.0
6382.0,3498.0,1058.0
6382.0,3498.0,1058.0
6382.0,3498.0,1058.0
6382.0,3498.0,1058.0
6382.0,3498.0,1058.0
6382.0,3498.0,1058.0
6382.0,3498.0,1058.0
6382.0,3498.0,1084.0
6382.0,3498.0,1084.0
6382.0,3498.0,1128.0
6382.0,3498.0,1128.0
6382.0,3498.0,1181.0
6382.0,3498.0,1181.0
6382.0,3498.0,1255.0
6382.0,3498.0,1255.0
6382.0,3498.0,1255.0
6382.0,3498.0,1336.0
6382.0,3498.0,1433.0
6382.0,3498.0,1433.0
6382.0,3498.0,1433.0
6382.0,3498.0,1524.0
6377.0,3498.0,1525.0
6377.0,3500.0,1525.0
6377.0,3514.0,1525.0
6348.0,3514.0,1527.0
6348.0,3527.0,1527.0
6325.0,3527.0,1533.0
6323.0,3527.0,1534.0
6323.0,3527.0,1534.0
6323.0,3515.0,1534.0
6307.0,3515.0,1537.0
6307.0,3515.0,1537.0
6305.0,3515.0,1541.0
6277.0,3515.0,1545.0
6277.0,3521.0,1545.0
6277.0,3529.0,1545.0
6241.0,3529.0,1549.0
6241.0,3531.0,1549.0
6235.0,3531.0,1553.0
6233.0,3531.0,1553.0
6233.0,3531.0,1553.0
6233.0,3531.0,1553.0
6234.0,3531.0,1553.0
6234.0,3531.0,1553.0
6235.0,3531.0,1553.0
6235.0,3531.0,1553.0
6235.0,3531.0,1553.0
6235.0,3531.0,1553.0
6234.0,3531.0,1553.0
6234.0,3531.0,1553.0
6234.0,3531.0,1553.0
6234.0,3531.0,1553.0
6234.0,3531.0,1553.0
6234.0,3531.0,1553.0
6235.0,3531.0,1553.0
6235.0,3531.0,1553.0
6235.0,3531.0,1553.0
6235.0,3531.0,1553.0
6234.0,3531.0,1553.0
6234.0,3531.0,1553.0
6234.0,3531.0,1553.0
6234.0,3531.0,1553.0
6234.0,3531.0,1553.0
6234.0,3531.0,1553.0
6235.0,3531.0,1553.0
6235.0,3531.0,1553.0
6235.0,3531.0,1553.0
6235.0,3531.0,1553.0
6234.0,3531.0,1553.0
6234.0,3531.0,1553.0
6234.0,3531.0,1553.0
6234.0,3531.0,1553.0
6234.0,3531.0,1553.0
6234.0,3531.0,1553.0
6235.0,3531.0,1553.0
6235.0,3531.0,1553.0
6235.0,3531.0,1553.0
6235.0,3531.0,1553.0
6234.0,3531.0,1553.0
6234.0,3531.0,1553.0
6234.0,3531.0,1553.0
6234.0,3531.0,1553.0
6234.0,3531.0,1553.0
6234.0,3531.0,1553.0
6235.0,3531.0,1553.0
6235.0,3531.0,1553.0
6235.0,3531.0,1553.0
6235.0,3531.0,1553.0
6234.0,3531.0,1553.0
6234.0,3531.0,1553.0
6234.0,3531.0,1553.0
6234.0,3531.0,1553.0
6234.0,3531.0,1553.0
6234.0,3531.0,1553.0
6235.0,3531.0,1553.0
6235.0,3531.0,1553.0
6235.0,3531.0,1553.0
6235.0,3531.0,1553.0
6234.0,3531.0,1553.0
6234.0,3531.0,1553.0
6234.0,3531.0,1553.0
6234.0,3531.0,1553.0
6234.0,3531.0,1553.0
6234.0,3531.0,1553.0
6235.0,3531.0,1553.0
6235.0,3531.0,1553.0
6235.0,3531.0,1553.0
6235.0,3531.0,1553.0
6234.0,3531.0,1553.0
6234.0,3531.0,1553.0
6234.0,3531.0,1553.0
6234.0,3531.0,1553.0
6234.0,3531.0,1553.0
6234.0,3531.0,1553.0
6235.0,3531.0,1553.0
6235.0,3531.0,1553.0
6235.0,3531.0,1553.0
6235.0,3531.0,1553.0
6234.0,3531.0,1553.0
6234.0,3531.0,1553.0
6234.0,3531.0,1553.0
6234.0,3531.0,1553.0
6234.0,3531.0,1553.0
6234.0,3531.0,1553.0
6235.0,3531.0,1553.0
6235.0,3531.0,1553.0
6235.0,3531.0,1553.0
6235.0,3523.0,1553.0
6239.0,3523.0,1551.0
6239.0,3507.0,1551.0
6252.0,3507.0,1549.0
6252.0,3492.0,1549.0
6261.0,3492.0,1548.0
6261.0,3476.0,1548.0
6276.0,3476.0,1547.0
6289.0,3476.0,1543.0
6289.0,3461.0,1543.0
6289.0,3449.0,1543.0
6301.0,3449.0,1539.0
6301.0,3437.0,1539.0
6318.0,3437.0,1532.0
6318.0,3425.0,1532.0
6333.0,3425.0,1529.0
6349.0,3425.0,1528.0
6349.0,3415.0,1528.0
6349.0,3406.0,1528.0
6365.0,3406.0,1525.0
6365.0,3399.0,1525.0
6381.0,3399.0,1522.0
6397.0,3399.0,1516.0
6397.0,3392.0,1516.0
6397.0,3386.0,1516.0
6414.0,3386.0,1511.0
6414.0,3382.0,1511.0
6433.0,3382.0,1509.0
6433.0,3379.0,1509.0
6447.0,3379.0,1508.0
6447.0,3376.0,1508.0
6465.0,3376.0,1506.0
6465.0,3374.0,1506.0
6480.0,3374.0,1502.0
6480.0,3373.0,1502.0
6503.0,3373.0,1496.0
6503.0,3373.0,1496.0
6521.0,3373.0,1492.0
6521.0,3374.0,1492.0
6537.0,3374.0,1491.0
6537.0,3377.0,1491.0
6557.0,3377.0,1489.0
6557.0,3380.0,1489.0
6572.0,3380.0,1487.0
6572.0,3384.0,1487.0
6589.0,3384.0,1481.0
6589.0,3390.0,1481.0
6609.0,3390.0,1476.0
6609.0,3395.0,1476.0
6622.0,3395.0,1472.0
6622.0,3402.0,1472.0
6639.0,3402.0,1470.0
6639.0,3411.0,1470.0
6652.0,3411.0,1469.0
6652.0,3420.0,1469.0
6672.0,3420.0,1468.0
6686.0,3420.0,1463.0
6686.0,3430.0,1463.0
6686.0,3443.0,1463.0
6704.0,3443.0,1459.0
6704.0,3454.0,1459.0
6704.0,3469.0,1459.0
6714.0,3469.0,1457.0
6714.0,3483.0,1457.0
6729.0,3483.0,1453.0
6741.0,3483.0,1450.0
6741.0,3497.0,1450.0
6754.0,3497.0,1449.0
6754.0,3511.0,1449.0
6764.0,3511.0,1448.0
6764.0,3525.0,1448.0
6773.0,3525.0,1448.0
6773.0,3543.0,1448.0
6781.0,3543.0,1449.0
6781.0,3563.0,1449.0
6791.0,3563.0,1448.0
6798.0,3563.0,1447.0
6798.0,3580.0,1447.0
6798.0,3598.0,1447.0
6805.0,3598.0,1446.0
6805.0,3613.0,1446.0
6808.0,3613.0,1446.0
6808.0,3632.0,1446.0
6811.0,3632.0,1446.0
6811.0,3645.0,1446.0
6813.0,3645.0,1446.0
6813.0,3666.0,1446.0
6815.0,3666.0,1446.0
6816.0,3666.0,1446.0
6816.0,3684.0,1446.0
6816.0,3701.0,1446.0
6816.0,3701.0,1447.0
6816.0,3719.0,1447.0
6813.0,3719.0,1447.0
6813.0,3737.0,1447.0
6812.0,3737.0,1447.0
6812.0,3753.0,1447.0
6809.0,3753.0,1447.0
6809.0,3767.0,1447.0
6805.0,3767.0,1448.0
6800.0,3767.0,1448.0
6800.0,3786.0,1448.0
6800.0,3802.0,1448.0
6793.0,3802.0,1451.0
6787.0,3802.0,1452.0
6787.0,3818.0,1452.0
6787.0,3833.0,1452.0
6777.0,3833.0,1456.0
6777.0,3849.0,1456.0
6770.0,3849.0,1460.0
6770.0,3867.0,1460.0
6757.0,3867.0,1463.0
6757.0,3882.0,1463.0
6746.0,3882.0,1465.0
6746.0,3896.0,1465.0
6733.0,3896.0,1466.0
6733.0,3909.0,1466.0
6719.0,3909.0,1467.0
6719.0,3921.0,1467.0
6706.0,3921.0,1471.0
6706.0,3933.0,1471.0
6691.0,3933.0,1477.0
6691.0,3944.0,1477.0
6676.0,3944.0,1482.0
6676.0,3954.0,1482.0
6658.0,3954.0,1484.0
6658.0,3962.0,1484.0
6644.0,3962.0,1485.0
6644.0,3970.0,1485.0
6626.0,3970.0,1488.0
6626.0,3977.0,1488.0
6611.0,3977.0,1492.0
6595.0,3977.0,1500.0
6595.0,3982.0,1500.0
6577.0,3982.0,1503.0
6577.0,3986.0,1503.0
6577.0,3990.0,1503.0
6561.0,3990.0,1505.0
6561.0,3993.0,1505.0
6545.0,3993.0,1506.0
6545.0,3995.0,1506.0
6528.0,3995.0,1511.0
6505.0,3995.0,1515.0
6505.0,3996.0,1515.0
6505.0,3996.0,1515.0
6490.0,3996.0,1523.0
6490.0,3994.0,1523.0
6470.0,3994.0,1525.0
6470.0,3992.0,1525.0
6454.0,3992.0,1527.0
6454.0,3989.0,1527.0
6434.0,3989.0,1528.0
6434.0,3985.0,1528.0
6421.0,3985.0,1533.0
6421.0,3979.0,1533.0
6398.0,3979.0,1538.0
6398.0,3973.0,1538.0
6386.0,3973.0,1543.0
6367.0,3973.0,1545.0
6367.0,3965.0,1545.0
6353.0,3965.0,1546.0
6353.0,3957.0,1546.0
6353.0,3947.0,1546.0
6335.0,3947.0,1548.0
6335.0,3938.0,1548.0
6320.0,3938.0,1551.0
6320.0,3925.0,1551.0
6307.0,3925.0,1554.0
6307.0,3913.0,1554.0
6292.0,3913.0,1560.0
6292.0,3900.0,1560.0
6281.0,3900.0,1563.0
6281.0,3887.0,1563.0
6267.0,3887.0,1565.0
6267.0,3872.0,1565.0
6256.0,3872.0,1569.0
6256.0,3858.0,1569.0
6245.0,3858.0,1568.0
6245.0,3842.0,1568.0
6238.0,3842.0,1568.0
6238.0,3824.0,1568.0
6228.0,3824.0,1567.0
6228.0,3810.0,1567.0
6221.0,3810.0,1568.0
6221.0,3794.0,1568.0
6214.0,3794.0,1569.0
6214.0,3777.0,1569.0
6209.0,3777.0,1569.0
6204.0,3777.0,1569.0
6204.0,3757.0,1569.0
6204.0,3744.0,1569.0
6201.0,3744.0,1569.0
6201.0,3724.0,1569.0
6198.0,3724.0,1569.0
6198.0,3707.0,1569.0
6197.0,3707.0,1569.0
6196.0,3707.0,1569.0
6196.0,3691.0,1569.0
6196.0,3691.0,1569.0
6196.0,3671.0,1569.0
6196.0,3655.0,1569.0
6197.0,3655.0,1568.0
6197.0,3639.0,1568.0
6199.0,3639.0,1568.0
6202.0,3639.0,1568.0
6202.0,3621.0,1568.0
6202.0,3605.0,1568.0
6206.0,3605.0,1566.0
6211.0,3605.0,1566.0
6211.0,3588.0,1566.0
6211.0,3568.0,1566.0
6217.0,3568.0,1564.0
6223.0,3568.0,1561.0
6223.0,3554.0,1561.0
6232.0,3554.0,1556.0
6232.0,3536.0,1556.0
6232.0,3532.0,1556.0
6234.0,3532.0,1557.0
6234.0,3531.0,1557.0
6233.0,3531.0,1557.0
6233.0,3532.0,1557.0
6233.0,3532.0,1557.0
6233.0,3532.0,1557.0
6233.0,3532.0,1557.0
6233.0,3532.0,1557.0
6233.0,3532.0,1557.0
6233.0,3532.0,1557.0
6233.0,3532.0,1557.0
6233.0,3532.0,1557.0
6233.0,3532.0,1557.0
6233.0,3532.0,1557.0
6233.0,3532.0,1557.0
6233.0,3532.0,1557.0
6233.0,3532.0,1557.0
6233.0,3532.0,1557.0
6233.0,3532.0,1557.0
6233.0,3532.0,1557.0
6233.0,3532.0,1557.0
6233.0,3532.0,1557.0
6233.0,3532.0,1557.0
6233.0,3532.0,1557.0
6233.0,3532.0,1557.0
6233.0,3532.0,1557.0
6233.0,3532.0,1557.0
6233.0,3532.0,1557.0
6233.0,3532.0,1557.0
6233.0,3532.0,1557.0
6233.0,3532.0,1557.0
6233.0,3532.0,1557.0
6233.0,3532.0,1557.0
6233.0,3532.0,1557.0
6233.0,3532.0,1557.0
6233.0,3532.0,1557.0
6233.0,3532.0,1557.0
6233.0,3532.0,1557.0
6233.0,3532.0,1557.0
6233.0,3532.0,1557.0
6233.0,3532.0,1557.0
6233.0,3532.0,1557.0
6233.0,3532.0,1557.0
6233.0,3532.0,1557.0
6233.0,3532.0,1557.0
6233.0,3532.0,1557.0
6233.0,3532.0,1557.0
6233.0,3532.0,1557.0
6233.0,3532.0,1557.0
6233.0,3532.0,1557.0
6233.0,3532.0,1557.0
6233.0,3532.0,1557.0
6233.0,3532.0,1557.0
6233.0,3532.0,1557.0
6233.0,3532.0,1557.0
6233.0,3532.0,1557.0
6233.0,3532.0,1557.0
6233.0,3532.0,1557.0
6233.0,3532.0,1557.0
6233.0,3532.0,1557.0
6233.0,3532.0,1557.0
6233.0,3532.0,1557.0
6233.0,3532.0,1557.0
6233.0,3532.0,1557.0
6233.0,3532.0,1557.0
6233.0,3532.0,1557.0
6233.0,3532.0,1557.0
6233.0,3532.0,1557.0
6233.0,3532.0,1557.0
6233.0,3532.0,1557.0
6233.0,3532.0,1557.0
6233.0,3532.0,1557.0
6233.0,3532.0,1557.0
6233.0,3532.0,1557.0
6233.0,3532.0,1557.0
6233.0,3532.0,1557.0
6233.0,3532.0,1557.0
6233.0,3532.0,1557.0
6233.0,3532.0,1557.0
6233.0,3532.0,1557.0
6233.0,3532.0,1557.0
6233.0,3532.0,1557.0
6233.0,3532.0,1557.0
6233.0,3532.0,1557.0
6233.0,3532.0,1557.0
6233.0,3532.0,1557.0
6233.0,3532.0,1557.0
6233.0,3532.0,1557.0
6234.0,3532.0,1557.0
6244.0,3532.0,1554.0
6244.0,3545.0,1554.0
6264.0,3545.0,1551.0
6264.0,3572.0,1551.0
6264.0,3579.0,1551.0
6267.0,3579.0,1552.0
6283.0,3579.0,1549.0
6283.0,3587.0,1549.0
6289.0,3587.0,1549.0
6289.0,3590.0,1549.0
6289.0,3610.0,1549.0
6299.0,3610.0,1548.0
6330.0,3610.0,1543.0
6330.0,3649.0,1543.0
6365.0,3649.0,1535.0
6365.0,3708.0,1535.0
6415.0,3708.0,1529.0
6415.0,3776.0,1529.0
6415.0,3839.0,1529.0
6452.0,3839.0,1526.0
6452.0,3883.0,1526.0
6484.0,3883.0,1521.0
6484.0,3908.0,1521.0
6495.0,3908.0,1517.0
6495.0,3914.0,1517.0
6501.0,3914.0,1518.0
6497.0,3914.0,1518.0
6497.0,3920.0,1518.0
6497.0,3920.0,1518.0
6499.0,3920.0,1519.0
6499.0,3919.0,1519.0
6498.0,3919.0,1519.0
6499.0,3919.0,1519.0
6499.0,3919.0,1519.0
6499.0,3919.0,1519.0
6499.0,3919.0,1519.0
6499.0,3920.0,1519.0
6499.0,3920.0,1519.0
6499.0,3920.0,1519.0
6499.0,3919.0,1519.0
6499.0,3919.0,1519.0
6499.0,3919.0,1519.0
6499.0,3919.0,1519.0
6499.0,3919.0,1519.0
6499.0,3919.0,1519.0
6499.0,3919.0,1519.0
6499.0,3919.0,1519.0
6499.0,3919.0,1519.0
6499.0,3919.0,1519.0
6499.0,3919.0,1519.0
6499.0,3919.0,1519.0
6499.0,3919.0,1519.0
6499.0,3919.0,1519.0
6499.0,3919.0,1519.0
6499.0,3919.0,1519.0
6499.0,3919.0,1519.0
6499.0,3919.0,1519.0
6499.0,3919.0,1519.0
6499.0,3919.0,1519.0
6499.0,3919.0,1519.0
6499.0,3919.0,1519.0
6499.0,3919.0,1519.0
6499.0,3919.0,1519.0
6499.0,3919.0,1519.0
6499.0,3919.0,1519.0
6499.0,3919.0,1519.0
6499.0,3919.0,1519.0
6499.0,3919.0,1519.0
6499.0,3919.0,1519.0
6499.0,3919.0,1519.0
6499.0,3919.0,1519.0
6499.0,3919.0,1519.0
6499.0,3919.0,1519.0
6499.0,3919.0,1519.0
6499.0,3919.0,1519.0
6499.0,3919.0,1519.0
6499.0,3919.0,1519.0
6499.0,3919.0,1519.0
6499.0,3919.0,1519.0
6499.0,3919.0,1519.0
6499.0,3919.0,1519.0
6499.0,3919.0,1519.0
6499.0,3919.0,1519.0
6499.0,3919.0,1519.0
6499.0,3919.0,1519.0
6499.0,3919.0,1519.0
6499.0,3919.0,1519.0
6499.0,3919.0,1519.0
6499.0,3919.0,1519.0
6499.0,3919.0,1519.0
6499.0,3919.0,1519.0
6499.0,3919.0,1519.0
6499.0,3919.0,1519.0
6499.0,3919.0,1519.0
6499.0,3919.0,1519.0
6499.0,3919.0,1519.0
6499.0,3919.0,1519.0
6499.0,3919.0,1519.0
6499.0,3919.0,1519.0
6499.0,3919.0,1519.0
6499.0,3919.0,1519.0
6499.0,3919.0,1519.0
6499.0,3919.0,1519.0
6499.0,3919.0,1519.0
6499.0,3919.0,1519.0
6499.0,3919.0,1519.0
6499.0,3919.0,1519.0
6499.0,3919.0,1519.0
6499.0,3919.0,1519.0
6499.0,3919.0,1519.0
6499.0,3919.0,1519.0
6499.0,3919.0,1519.0
6499.0,3919.0,1519.0
6499.0,3919.0,1519.0
6499.0,3919.0,1519.0
6499.0,3919.0,1519.0
6510.0,3919.0,1513.0
6510.0,3919.0,1513.0
6529.0,3919.0,1511.0
6529.0,3919.0,1511.0
6529.0,3917.0,1511.0
6543.0,3917.0,1510.0
6543.0,3913.0,1510.0
6561.0,3913.0,1508.0
6561.0,3909.0,1508.0
6577.0,3909.0,1506.0
6577.0,3902.0,1506.0
6596.0,3902.0,1498.0
6596.0,3895.0,1498.0
6609.0,3895.0,1495.0
6609.0,3887.0,1495.0
6627.0,3887.0,1492.0
6627.0,3878.0,1492.0
6640.0,3878.0,1491.0
6640.0,3865.0,1491.0
6655.0,3865.0,1489.0
6655.0,3853.0,1489.0
6668.0,3853.0,1485.0
6668.0,3844.0,1485.0
6678.0,3844.0,1481.0
6678.0,3832.0,1481.0
6689.0,3832.0,1476.0
6689.0,3813.0,1476.0
6689.0,3800.0,1476.0
6700.0,3800.0,1471.0
6709.0,3800.0,1469.0
6709.0,3786.0,1469.0
6717.0,3786.0,1469.0
6717.0,3770.0,1469.0
6723.0,3770.0,1469.0
6723.0,3753.0,1469.0
6729.0,3753.0,1467.0
6729.0,3734.0,1467.0
6733.0,3734.0,1466.0
6733.0,3719.0,1466.0
6736.0,3719.0,1465.0
6738.0,3719.0,1462.0
6738.0,3702.0,1462.0
6738.0,3702.0,1462.0
6738.0,3686.0,1462.0
6738.0,3686.0,1461.0
6738.0,3669.0,1461.0
6737.0,3669.0,1461.0
6737.0,3653.0,1461.0
6734.0,3653.0,1461.0
6734.0,3635.0,1461.0
6730.0,3635.0,1461.0
6730.0,3620.0,1461.0
6730.0,3604.0,1461.0
6724.0,3604.0,1462.0
6717.0,3604.0,1462.0
6717.0,3587.0,1462.0
6717.0,3572.0,1462.0
6710.0,3572.0,1463.0
6701.0,3572.0,1463.0
6701.0,3556.0,1463.0
6701.0,3538.0,1463.0
6688.0,3538.0,1466.0
6678.0,3538.0,1466.0
6678.0,3527.0,1466.0
6664.0,3527.0,1466.0
6664.0,3513.0,1466.0
6649.0,3513.0,1467.0
6649.0,3501.0,1467.0
6633.0,3501.0,1468.0
6633.0,3489.0,1468.0
6619.0,3489.0,1472.0
6619.0,3479.0,1472.0
6601.0,3479.0,1478.0
6601.0,3472.0,1478.0
6601.0,3467.0,1478.0
6589.0,3467.0,1482.0
6589.0,3459.0,1482.0
6568.0,3459.0,1485.0
6554.0,3459.0,1485.0
6554.0,3455.0,1485.0
6536.0,3455.0,1486.0
6536.0,3452.0,1486.0
6521.0,3452.0,1489.0
6521.0,3450.0,1489.0
6501.0,3450.0,1494.0
6501.0,3450.0,1494.0
6485.0,3450.0,1501.0
6485.0,3450.0,1501.0
6485.0,3452.0,1501.0
6465.0,3452.0,1504.0
6450.0,3452.0,1505.0
6450.0,3456.0,1505.0
6433.0,3456.0,1506.0
6433.0,3460.0,1506.0
6418.0,3460.0,1511.0
6418.0,3466.0,1511.0
6418.0,3472.0,1511.0
6402.0,3472.0,1518.0
6386.0,3472.0,1522.0
6386.0,3480.0,1522.0
6370.0,3480.0,1525.0
6370.0,3491.0,1525.0
6370.0,3502.0,1525.0
6357.0,3502.0,1527.0
6341.0,3502.0,1529.0
6341.0,3513.0,1529.0
6341.0,3527.0,1529.0
6331.0,3527.0,1531.0
6331.0,3542.0,1531.0
6316.0,3542.0,1536.0
6316.0,3558.0,1536.0
6309.0,3558.0,1541.0
6297.0,3558.0,1544.0
6297.0,3572.0,1544.0
6297.0,3588.0,1544.0
6293.0,3588.0,1545.0
6284.0,3588.0,1546.0
6284.0,3604.0,1546.0
6284.0,3621.0,1546.0
6280.0,3621.0,1546.0
6274.0,3621.0,1547.0
6274.0,3635.0,1547.0
6274.0,3651.0,1547.0
6273.0,3651.0,1549.0
6271.0,3651.0,1550.0
6271.0,3673.0,1550.0
6271.0,3691.0,1550.0
6271.0,3691.0,1552.0
6272.0,3691.0,1552.0
6272.0,3703.0,1552.0
6273.0,3703.0,1554.0
6273.0,3723.0,1554.0
6273.0,3740.0,1554.0
6277.0,3740.0,1554.0
6277.0,3758.0,1554.0
6281.0,3758.0,1554.0
6281.0,3770.0,1554.0
6288.0,3770.0,1553.0
6288.0,3787.0,1553.0
6295.0,3787.0,1551.0
6302.0,3787.0,1552.0
6302.0,3803.0,1552.0
6312.0,3803.0,1550.0
6312.0,3819.0,1550.0
6312.0,3830.0,1550.0
6321.0,3830.0,1550.0
6321.0,3845.0,1550.0
6333.0,3845.0,1548.0
6333.0,3858.0,1548.0
6347.0,3858.0,1548.0
6347.0,3871.0,1548.0
6360.0,3871.0,1547.0
6360.0,3880.0,1547.0
6375.0,3880.0,1544.0
6375.0,3891.0,1544.0
6394.0,3891.0,1539.0
6394.0,3898.0,1539.0
6405.0,3898.0,1534.0
6426.0,3898.0,1530.0
6426.0,3905.0,1530.0
6426.0,3909.0,1530.0
6438.0,3909.0,1529.0
6438.0,3914.0,1529.0
6458.0,3914.0,1527.0
6458.0,3918.0,1527.0
6474.0,3918.0,1524.0
6474.0,3919.0,1524.0
6488.0,3919.0,1521.0
6488.0,3919.0,1521.0
6500.0,3919.0,1519.0
6500.0,3927.0,1519.0
6498.0,3927.0,1519.0
6504.0,3927.0,1517.0
6504.0,3927.0,1517.0
6504.0,3928.0,1517.0
6522.0,3928.0,1512.0
6522.0,3926.0,1512.0
6537.0,3926.0,1510.0
6537.0,3923.0,1510.0
6555.0,3923.0,1509.0
6555.0,3919.0,1509.0
6569.0,3919.0,1507.0
6569.0,3913.0,1507.0
6589.0,3913.0,1502.0
6601.0,3913.0,1495.0
6601.0,3908.0,1495.0
6601.0,3899.0,1495.0
6620.0,3899.0,1492.0
6620.0,3892.0,1492.0
6633.0,3892.0,1491.0
6633.0,3881.0,1491.0
6649.0,3881.0,1490.0
6649.0,3870.0,1490.0
6662.0,3870.0,1488.0
6662.0,3858.0,1488.0
6674.0,3858.0,1483.0
6674.0,3844.0,1483.0
6690.0,3844.0,1476.0
6690.0,3830.0,1476.0
6699.0,3830.0,1472.0
6699.0,3816.0,1472.0
6710.0,3816.0,1470.0
6710.0,3799.0,1470.0
6718.0,3799.0,1469.0
6727.0,3799.0,1469.0
6727.0,3784.0,1469.0
6731.0,3784.0,1468.0
6731.0,3770.0,1468.0
6731.0,3749.0,1468.0
6738.0,3749.0,1465.0
6741.0,3749.0,1463.0
6741.0,3735.0,1463.0
6745.0,3735.0,1462.0
6745.0,3720.0,1462.0
6746.0,3720.0,1461.0
6746.0,3704.0,1461.0
6746.0,3704.0,1460.0
6746.0,3686.0,1460.0
6746.0,3686.0,1460.0
6746.0,3668.0,1460.0
6746.0,3653.0,1460.0
6745.0,3653.0,1460.0
6745.0,3635.0,1460.0
6742.0,3635.0,1460.0
6738.0,3635.0,1460.0
6738.0,3619.0,1460.0
6733.0,3619.0,1460.0
6733.0,3605.0,1460.0
6733.0,3588.0,1460.0
6727.0,3588.0,1461.0
6719.0,3588.0,1462.0
6719.0,3571.0,1462.0
6711.0,3571.0,1461.0
6711.0,3555.0,1461.0
6711.0,3542.0,1461.0
6700.0,3542.0,1463.0
6700.0,3529.0,1463.0
6700.0,3518.0,1463.0
6689.0,3518.0,1465.0
6680.0,3518.0,1464.0
6680.0,3505.0,1464.0
6667.0,3505.0,1466.0
6652.0,3505.0,1467.0
6652.0,3492.0,1467.0
6652.0,3482.0,1467.0
6636.0,3482.0,1468.0
6622.0,3482.0,1471.0
6622.0,3473.0,1471.0
6622.0,3465.0,1471.0
6605.0,3465.0,1476.0
6605.0,3458.0,1476.0
6591.0,3458.0,1480.0
6591.0,3452.0,1480.0
6573.0,3452.0,1484.0
6573.0,3447.0,1484.0
6557.0,3447.0,1485.0
6557.0,3444.0,1485.0
6540.0,3444.0,1486.0
6540.0,3443.0,1486.0
6524.0,3443.0,1489.0
6524.0,3442.0,1489.0
6509.0,3442.0,1492.0
6509.0,3442.0,1492.0
6489.0,3442.0,1499.0
6489.0,3443.0,1499.0
6474.0,3443.0,1502.0
6457.0,3443.0,1505.0
6457.0,3446.0,1505.0
6457.0,3449.0,1505.0
6440.0,3449.0,1506.0
6427.0,3449.0,1509.0
6427.0,3454.0,1509.0
6407.0,3454.0,1513.0
6407.0,3460.0,1513.0
6393.0,3460.0,1522.0
6393.0,3469.0,1522.0
6377.0,3469.0,1524.0
6377.0,3477.0,1524.0
6364.0,3477.0,1526.0
6364.0,3486.0,1526.0
6347.0,3486.0,1527.0
6347.0,3498.0,1527.0
6337.0,3498.0,1529.0
6337.0,3508.0,1529.0
6322.0,3508.0,1533.0
6322.0,3523.0,1533.0
6312.0,3523.0,1540.0
6312.0,3538.0,1540.0
6300.0,3538.0,1543.0
6300.0,3552.0,1543.0
6300.0,3567.0,1543.0
6293.0,3567.0,1545.0
6293.0,3583.0,1545.0
6285.0,3583.0,1546.0
6285.0,3598.0,1546.0
6278.0,3598.0,1546.0
6278.0,3615.0,1546.0
6273.0,3615.0,1547.0
6273.0,3631.0,1547.0
6269.0,3631.0,1548.0
6269.0,3646.0,1548.0
6266.0,3646.0,1550.0
6266.0,3664.0,1550.0
6266.0,3680.0,1550.0
6264.0,3680.0,1552.0
6263.0,3680.0,1553.0
6263.0,3700.0,1553.0
6263.0,3700.0,1554.0
6263.0,3716.0,1554.0
6265.0,3716.0,1555.0
6265.0,3729.0,1555.0
6267.0,3729.0,1555.0
6267.0,3746.0,1555.0
6271.0,3746.0,1555.0
6271.0,3765.0,1555.0
6276.0,3765.0,1555.0
6276.0,3782.0,1555.0
6282.0,3782.0,1554.0
6282.0,3797.0,1554.0
6289.0,3797.0,1555.0
6289.0,3810.0,1555.0
6297.0,3810.0,1552.0
6297.0,3825.0,1552.0
6308.0,3825.0,1549.0
6317.0,3825.0,1550.0
6317.0,3839.0,1550.0
6317.0,3855.0,1550.0
6331.0,3855.0,1549.0
6331.0,3867.0,1549.0
6342.0,3867.0,1548.0
6342.0,3877.0,1548.0
6357.0,3877.0,1547.0
6357.0,3886.0,1547.0
6372.0,3886.0,1545.0
6387.0,3886.0,1540.0
6387.0,3896.0,1540.0
6404.0,3896.0,1537.0
6404.0,3906.0,1537.0
6417.0,3906.0,1533.0
6436.0,3906.0,1529.0
6436.0,3912.0,1529.0
6436.0,3917.0,1529.0
6451.0,3917.0,1528.0
6451.0,3921.0,1528.0
6469.0,3921.0,1526.0
6469.0,3924.0,1526.0
6485.0,3924.0,1522.0
6485.0,3927.0,1522.0
6485.0,3928.0,1522.0
6499.0,3928.0,1519.0
6502.0,3928.0,1517.0
6502.0,3927.0,1517.0
6507.0,3927.0,1514.0
6507.0,3922.0,1514.0
6507.0,3911.0,1514.0
6513.0,3911.0,1516.0
6513.0,3912.0,1516.0
6500.0,3912.0,1516.0
6481.0,3912.0,1521.0
6481.0,3911.0,1521.0
6481.0,3909.0,1521.0
6469.0,3909.0,1524.0
6469.0,3907.0,1524.0
6449.0,3907.0,1526.0
6449.0,3902.0,1526.0
6434.0,3902.0,1526.0
6434.0,3897.0,1526.0
6420.0,3897.0,1528.0
6405.0,3897.0,1531.0
6405.0,3890.0,1531.0
6387.0,3890.0,1538.0
6387.0,3881.0,1538.0
6376.0,3881.0,1541.0
6376.0,3872.0,1541.0
6376.0,3862.0,1541.0
6359.0,3862.0,1543.0
6349.0,3862.0,1545.0
6349.0,3850.0,1545.0
6349.0,3837.0,1545.0
6335.0,3837.0,1546.0
6335.0,3823.0,1546.0
6325.0,3823.0,1546.0
6325.0,3808.0,1546.0
6312.0,3808.0,1547.0
6312.0,3795.0,1547.0
6312.0,3776.0,1547.0
6305.0,3776.0,1548.0
6297.0,3776.0,1549.0
6297.0,3761.0,1549.0
6293.0,3761.0,1550.0
6293.0,3747.0,1550.0
6287.0,3747.0,1550.0
6287.0,3733.0,1550.0
6283.0,3733.0,1552.0
6283.0,3716.0,1552.0
6281.0,3716.0,1550.0
6281.0,3695.0,1550.0
6279.0,3695.0,1551.0
6279.0,3679.0,1551.0
6279.0,3679.0,1549.0
6279.0,3663.0,1549.0
6279.0,3663.0,1551.0
6279.0,3647.0,1551.0
6281.0,3647.0,1549.0
6281.0,3630.0,1549.0
6284.0,3630.0,1549.0
6289.0,3630.0,1548.0
6289.0,3615.0,1548.0
6289.0,3600.0,1548.0
6295.0,3600.0,1547.0
6295.0,3585.0,1547.0
6302.0,3585.0,1546.0
6302.0,3567.0,1546.0
6311.0,3567.0,1545.0
6319.0,3567.0,1541.0
6319.0,3554.0,1541.0
6330.0,3554.0,1534.0
6330.0,3540.0,1534.0
6344.0,3540.0,1531.0
6344.0,3526.0,1531.0
6356.0,3526.0,1529.0
6356.0,3513.0,1529.0
6369.0,3513.0,1528.0
6369.0,3503.0,1528.0
6384.0,3503.0,1526.0
6384.0,3493.0,1526.0
6384.0,3484.0,1526.0
6397.0,3484.0,1523.0
6397.0,3477.0,1523.0
6413.0,3477.0,1516.0
6413.0,3471.0,1516.0
6432.0,3471.0,1512.0
6432.0,3466.0,1512.0
6443.0,3466.0,1510.0
6443.0,3461.0,1510.0
6463.0,3461.0,1509.0
6463.0,3459.0,1509.0
6475.0,3459.0,1507.0
6497.0,3459.0,1502.0
6497.0,3458.0,1502.0
6497.0,3458.0,1502.0
6512.0,3458.0,1499.0
6512.0,3459.0,1499.0
6531.0,3459.0,1494.0
6547.0,3459.0,1492.0
6547.0,3461.0,1492.0
6547.0,3464.0,1492.0
6562.0,3464.0,1491.0
6562.0,3470.0,1491.0
6580.0,3470.0,1490.0
6580.0,3476.0,1490.0
6594.0,3476.0,1487.0
6594.0,3483.0,1487.0
6611.0,3483.0,1481.0
6611.0,3491.0,1481.0
6624.0,3491.0,1476.0
6624.0,3502.0,1476.0
6640.0,3502.0,1472.0
6640.0,3513.0,1472.0
6652.0,3513.0,1470.0
6652.0,3522.0,1470.0
6665.0,3522.0,1469.0
6665.0,3537.0,1469.0
6678.0,3537.0,1469.0
6678.0,3550.0,1469.0
6687.0,3550.0,1468.0
6687.0,3566.0,1468.0
6698.0,3566.0,1467.0
6698.0,3579.0,1467.0
6707.0,3579.0,1465.0
6707.0,3595.0,1465.0
6713.0,3595.0,1465.0
6713.0,3613.0,1465.0
6720.0,3613.0,1464.0
6720.0,3627.0,1464.0
6723.0,3627.0,1463.0
6723.0,3643.0,1463.0
6728.0,3643.0,1462.0
6728.0,3657.0,1462.0
6729.0,3657.0,1462.0
6729.0,3676.0,1462.0
6731.0,3676.0,1464.0
6731.0,3694.0,1464.0
6730.0,3694.0,1463.0
6730.0,3707.0,1463.0
6730.0,3707.0,1463.0
6730.0,3724.0,1463.0
6728.0,3724.0,1466.0
6728.0,3742.0,1466.0
6724.0,3742.0,1466.0
6724.0,3759.0,1466.0
6720.0,3759.0,1466.0
6720.0,3772.0,1466.0
6714.0,3772.0,1467.0
6714.0,3787.0,1467.0
6707.0,3787.0,1467.0
6707.0,3804.0,1467.0
6697.0,3804.0,1468.0
6697.0,3818.0,1468.0
6689.0,3818.0,1471.0
6689.0,3831.0,1471.0
6679.0,3831.0,1475.0
6679.0,3843.0,1475.0
6667.0,3843.0,1479.0
6667.0,3856.0,1479.0
6652.0,3856.0,1484.0
6652.0,3869.0,1484.0
6638.0,3869.0,1485.0
6638.0,3877.0,1485.0
6625.0,3877.0,1486.0
6625.0,3886.0,1486.0
6625.0,3893.0,1486.0
6608.0,3893.0,1489.0
6593.0,3893.0,1495.0
6593.0,3900.0,1495.0
6576.0,3900.0,1501.0
6576.0,3905.0,1501.0
6560.0,3905.0,1503.0
6560.0,3907.0,1503.0
6545.0,3907.0,1505.0
6545.0,3910.0,1505.0
6526.0,3910.0,1507.0
6526.0,3912.0,1507.0
6513.0,3912.0,1509.0
6513.0,3909.0,1509.0
6508.0,3909.0,1511.0
6508.0,3897.0,1511.0
6477.0,3897.0,1520.0
6477.0,3874.0,1520.0
6428.0,3874.0,1527.0
6428.0,3848.0,1527.0
6370.0,3848.0,1540.0
6370.0,3833.0,1540.0
6343.0,3833.0,1545.0
6343.0,3827.0,1545.0
6330.0,3827.0,1546.0
6343.0,3827.0,1546.0
6343.0,3835.0,1546.0
6357.0,3835.0,1545.0
6357.0,3850.0,1545.0
6365.0,3850.0,1542.0
6365.0,3858.0,1542.0
6372.0,3858.0,1542.0
6372.0,3864.0,1542.0
6397.0,3864.0,1536.0
6394.0,3864.0,1537.0
6394.0,3879.0,1537.0
6394.0,3880.0,1537.0
6384.0,3880.0,1539.0
6384.0,3866.0,1539.0
6368.0,3866.0,1542.0
6353.0,3866.0,1544.0
6353.0,3852.0,1544.0
6353.0,3838.0,1544.0
6353.0,3823.0,1544.0
6338.0,3823.0,1545.0
6338.0,3808.0,1545.0
6324.0,3808.0,1546.0
6312.0,3808.0,1547.0
6312.0,3794.0,1547.0
6312.0,3790.0,1547.0
6308.0,3790.0,1547.0
6308.0,3771.0,1547.0
6300.0,3771.0,1547.0
6300.0,3772.0,1547.0
6300.0,3772.0,1549.0
6300.0,3786.0,1549.0
6317.0,3786.0,1547.0
6330.0,3786.0,1547.0
6330.0,3801.0,1547.0
6330.0,3815.0,1547.0
6346.0,3815.0,1546.0
6346.0,3829.0,1546.0
6357.0,3829.0,1543.0
6357.0,3844.0,1543.0
6373.0,3844.0,1542.0
6373.0,3859.0,1542.0
6386.0,3859.0,1538.0
6386.0,3873.0,1538.0
6403.0,3873.0,1534.0
6403.0,3888.0,1534.0
6417.0,3888.0,1531.0
6417.0,3892.0,1531.0
6421.0,3892.0,1531.0
6421.0,3897.0,1531.0
6433.0,3897.0,1529.0
6433.0,3896.0,1529.0
6436.0,3896.0,1530.0
6418.0,3896.0,1529.0
6418.0,3882.0,1529.0
6418.0,3867.0,1529.0
6408.0,3867.0,1531.0
6408.0,3853.0,1531.0
6389.0,3853.0,1534.0
6389.0,3839.0,1534.0
6377.0,3839.0,1537.0
6377.0,3824.0,1537.0
6361.0,3824.0,1540.0
6361.0,3809.0,1540.0
6350.0,3809.0,1543.0
6350.0,3795.0,1543.0
6334.0,3795.0,1545.0
6334.0,3780.0,1545.0
6320.0,3780.0,1546.0
6320.0,3766.0,1546.0
6303.0,3766.0,1547.0
6303.0,3752.0,1547.0
6292.0,3752.0,1549.0
6292.0,3749.0,1549.0
6291.0,3749.0,1550.0
6291.0,3735.0,1550.0
6289.0,3735.0,1550.0
6289.0,3743.0,1550.0
6296.0,3743.0,1549.0
6296.0,3758.0,1549.0
6311.0,3758.0,1548.0
6311.0,3773.0,1548.0
6324.0,3773.0,1547.0
6324.0,3787.0,1547.0
6341.0,3787.0,1546.0
6341.0,3801.0,1546.0
6354.0,3801.0,1544.0
6354.0,3816.0,1544.0
6369.0,3816.0,1541.0
6369.0,3831.0,1541.0
6381.0,3831.0,1536.0
6381.0,3845.0,1536.0
6397.0,3845.0,1534.0
6397.0,3860.0,1534.0
6411.0,3860.0,1531.0
6411.0,3874.0,1531.0
6427.0,3874.0,1529.0
6427.0,3889.0,1529.0
6440.0,3889.0,1528.0
6440.0,3901.0,1528.0
6452.0,3901.0,1528.0
6452.0,3903.0,1528.0
6456.0,3903.0,1527.0
6456.0,3905.0,1527.0
6470.0,3905.0,1525.0
6470.0,3895.0,1525.0
6456.0,3895.0,1526.0
6456.0,3881.0,1526.0
6442.0,3881.0,1527.0
6442.0,3866.0,1527.0
6425.0,3866.0,1527.0
6425.0,3852.0,1527.0
6412.0,3852.0,1528.0
6412.0,3837.0,1528.0
6398.0,3837.0,1530.0
6384.0,3837.0,1534.0
6384.0,3823.0,1534.0
6370.0,3823.0,1538.0
6370.0,3808.0,1538.0
6370.0,3793.0,1538.0
6353.0,3793.0,1542.0
6341.0,3793.0,1544.0
6341.0,3779.0,1544.0
6326.0,3779.0,1545.0
6326.0,3764.0,1545.0
6313.0,3764.0,1546.0
6313.0,3750.0,1546.0
6313.0,3735.0,1546.0
6297.0,3735.0,1547.0
6297.0,3722.0,1547.0
6285.0,3722.0,1549.0
6285.0,3718.0,1549.0
6284.0,3718.0,1550.0
6284.0,3709.0,1550.0
6284.0,3709.0,1550.0
6284.0,3719.0,1550.0
6296.0,3719.0,1548.0
6311.0,3719.0,1548.0
6311.0,3733.0,1548.0
6323.0,3733.0,1547.0
6323.0,3748.0,1547.0
6338.0,3748.0,1546.0
6338.0,3764.0,1546.0
6338.0,3778.0,1546.0
6352.0,3778.0,1544.0
6369.0,3778.0,1541.0
6369.0,3792.0,1541.0
6369.0,3807.0,1541.0
6381.0,3807.0,1536.0
6381.0,3821.0,1536.0
6396.0,3821.0,1533.0
6409.0,3821.0,1530.0
6409.0,3836.0,1530.0
6425.0,3836.0,1528.0
6425.0,3851.0,1528.0
6425.0,3865.0,1528.0
6440.0,3865.0,1528.0
6440.0,3879.0,1528.0
6454.0,3879.0,1527.0
6454.0,3894.0,1527.0
6468.0,3894.0,1525.0
6468.0,3906.0,1525.0
6480.0,3906.0,1523.0
6480.0,3907.0,1523.0
6485.0,3907.0,1521.0
6495.0,3907.0,1520.0
6495.0,3907.0,1520.0
6478.0,3907.0,1522.0
6478.0,3895.0,1522.0
6478.0,3881.0,1522.0
6465.0,3881.0,1524.0
6449.0,3881.0,1526.0
6449.0,3867.0,1526.0
6449.0,3852.0,1526.0
6436.0,3852.0,1526.0
6436.0,3837.0,1526.0
6422.0,3837.0,1527.0
6407.0,3837.0,1528.0
6407.0,3823.0,1528.0
6407.0,3808.0,1528.0
6392.0,3808.0,1530.0
6392.0,3794.0,1530.0
6377.0,3794.0,1533.0
6364.0,3794.0,1538.0
6364.0,3779.0,1538.0
6349.0,3779.0,1542.0
6349.0,3765.0,1542.0
6349.0,3750.0,1542.0
6336.0,3750.0,1544.0
6320.0,3750.0,1545.0
6320.0,3736.0,1545.0
6320.0,3721.0,1545.0
6305.0,3721.0,1546.0
6291.0,3721.0,1547.0
6291.0,3707.0,1547.0
6291.0,3696.0,1547.0
6282.0,3696.0,1547.0
6282.0,3688.0,1547.0
6283.0,3688.0,1548.0
6284.0,3688.0,1549.0
6284.0,3686.0,1549.0
6284.0,3699.0,1549.0
6297.0,3699.0,1547.0
6297.0,3713.0,1547.0
6312.0,3713.0,1547.0
6312.0,3728.0,1547.0
6327.0,3728.0,1546.0
6327.0,3742.0,1546.0
6341.0,3742.0,1545.0
6355.0,3742.0,1543.0
6355.0,3758.0,1543.0
6355.0,3772.0,1543.0
6369.0,3772.0,1539.0
6369.0,3786.0,1539.0
6384.0,3786.0,1534.0
6384.0,3800.0,1534.0
6399.0,3800.0,1531.0
6399.0,3815.0,1531.0
6413.0,3815.0,1529.0
6413.0,3830.0,1529.0
6428.0,3830.0,1528.0
6428.0,3845.0,1528.0
6441.0,3845.0,1528.0
6441.0,3859.0,1528.0
6457.0,3859.0,1526.0
6457.0,3873.0,1526.0
6471.0,3873.0,1522.0
6471.0,3888.0,1522.0
6486.0,3888.0,1518.0
6486.0,3903.0,1518.0
6500.0,3903.0,1516.0
6500.0,3908.0,1516.0
6505.0,3908.0,1517.0
6505.0,3907.0,1517.0
6515.0,3907.0,1511.0
6515.0,3901.0,1511.0
6509.0,3901.0,1512.0
6509.0,3887.0,1512.0
6492.0,3887.0,1515.0
6492.0,3872.0,1515.0
6480.0,3872.0,1518.0
6480.0,3857.0,1518.0
6462.0,3857.0,1522.0
6462.0,3843.0,1522.0
6451.0,3843.0,1524.0
6451.0,3829.0,1524.0
6435.0,3829.0,1526.0
6435.0,3814.0,1526.0
6422.0,3814.0,1526.0
6422.0,3799.0,1526.0
6405.0,3799.0,1528.0
6405.0,3785.0,1528.0
6392.0,3785.0,1530.0
6392.0,3770.0,1530.0
6377.0,3770.0,1533.0
6364.0,3770.0,1538.0
6364.0,3756.0,1538.0
6364.0,3741.0,1538.0
6349.0,3741.0,1541.0
6349.0,3727.0,1541.0
6335.0,3727.0,1543.0
6335.0,3712.0,1543.0
6319.0,3712.0,1545.0
6319.0,3697.0,1545.0
6305.0,3697.0,1546.0
6305.0,3683.0,1546.0
6291.0,3683.0,1547.0
6291.0,3673.0,1547.0
6282.0,3673.0,1548.0
6282.0,3665.0,1548.0
6284.0,3665.0,1547.0
6284.0,3665.0,1547.0
6285.0,3665.0,1548.0
6285.0,3679.0,1548.0
6301.0,3679.0,1547.0
6315.0,3679.0,1547.0
6315.0,3693.0,1547.0
6329.0,3693.0,1545.0
6329.0,3707.0,1545.0
6329.0,3722.0,1545.0
6343.0,3722.0,1543.0
6343.0,3737.0,1543.0
6357.0,3737.0,1541.0
6357.0,3751.0,1541.0
6372.0,3751.0,1536.0
6372.0,3766.0,1536.0
6386.0,3766.0,1533.0
6386.0,3780.0,1533.0
6401.0,3780.0,1530.0
6401.0,3794.0,1530.0
6415.0,3794.0,1528.0
6415.0,3809.0,1528.0
6429.0,3809.0,1528.0
6429.0,3824.0,1528.0
6444.0,3824.0,1527.0
6444.0,3839.0,1527.0
6459.0,3839.0,1524.0
6459.0,3853.0,1524.0
6473.0,3853.0,1520.0
6473.0,3868.0,1520.0
6488.0,3868.0,1519.0
6488.0,3882.0,1519.0
6502.0,3882.0,1515.0
6502.0,3896.0,1515.0
6517.0,3896.0,1512.0
6527.0,3896.0,1512.0
6527.0,3907.0,1512.0
6527.0,3906.0,1512.0
6533.0,3906.0,1510.0
6533.0,3903.0,1510.0
6535.0,3903.0,1510.0
6535.0,3889.0,1510.0
6515.0,3889.0,1511.0
6515.0,3874.0,1511.0
6505.0,3874.0,1512.0
6505.0,3860.0,1512.0
6488.0,3860.0,1515.0
6488.0,3845.0,1515.0
6477.0,3845.0,1519.0
6477.0,3831.0,1519.0
6460.0,3831.0,1522.0
6460.0,3816.0,1522.0
6446.0,3816.0,1524.0
6446.0,3801.0,1524.0
6430.0,3801.0,1526.0
6430.0,3787.0,1526.0
6417.0,3787.0,1526.0
6417.0,3772.0,1526.0
6402.0,3772.0,1528.0
6402.0,3758.0,1528.0
6388.0,3758.0,1529.0
6388.0,3743.0,1529.0
6373.0,3743.0,1531.0
6373.0,3729.0,1531.0
6359.0,3729.0,1535.0
6359.0,3714.0,1535.0
6345.0,3714.0,1540.0
6345.0,3700.0,1540.0
6331.0,3700.0,1543.0
6331.0,3685.0,1543.0
6316.0,3685.0,1545.0
6316.0,3671.0,1545.0
6301.0,3671.0,1546.0
6301.0,3657.0,1546.0
6288.0,3657.0,1546.0
6288.0,3652.0,1546.0
6284.0,3652.0,1547.0
6284.0,3642.0,1547.0
6288.0,3642.0,1546.0
6288.0,3651.0,1546.0
6295.0,3651.0,1546.0
6295.0,3666.0,1546.0
6312.0,3666.0,1546.0
6312.0,3681.0,1546.0
6324.0,3681.0,1544.0
6324.0,3696.0,1544.0
6340.0,3696.0,1542.0
6340.0,3710.0,1542.0
6353.0,3710.0,1539.0
6353.0,3724.0,1539.0
6369.0,3724.0,1534.0
6369.0,3738.0,1534.0
6381.0,3738.0,1532.0
6381.0,3754.0,1532.0
6397.0,3754.0,1530.0
6397.0,3768.0,1530.0
6410.0,3768.0,1528.0
6426.0,3768.0,1528.0
6426.0,3782.0,1528.0
6426.0,3797.0,1528.0
6440.0,3797.0,1527.0
6440.0,3811.0,1527.0
6455.0,3811.0,1524.0
6455.0,3826.0,1524.0
6469.0,3826.0,1522.0
6469.0,3841.0,1522.0
6484.0,3841.0,1518.0
6484.0,3855.0,1518.0
6498.0,3855.0,1514.0
6498.0,3870.0,1514.0
6513.0,3870.0,1511.0
6513.0,3885.0,1511.0
6527.0,3885.0,1510.0
6527.0,3899.0,1510.0
6541.0,3899.0,1509.0
6541.0,3904.0,1509.0
6547.0,3904.0,1510.0
6547.0,3902.0,1510.0
6555.0,3902.0,1509.0
6555.0,3895.0,1509.0
6548.0,3895.0,1509.0
6548.0,3880.0,1509.0
6531.0,3880.0,1509.0
6531.0,3865.0,1509.0
6519.0,3865.0,1510.0
6519.0,3851.0,1510.0
6502.0,3851.0,1512.0
6502.0,3836.0,1512.0
6490.0,3836.0,1515.0
6490.0,3822.0,1515.0
6473.0,3822.0,1519.0
6473.0,3807.0,1519.0
6461.0,3807.0,1522.0
6444.0,3807.0,1525.0
6444.0,3793.0,1525.0
6432.0,3793.0,1525.0
6432.0,3778.0,1525.0
6416.0,3778.0,1526.0
6416.0,3764.0,1526.0
6402.0,3764.0,1527.0
6402.0,3749.0,1527.0
6387.0,3749.0,1529.0
6387.0,3734.0,1529.0
6373.0,3734.0,1531.0
6373.0,3720.0,1531.0
6358.0,3720.0,1533.0
6358.0,3705.0,1533.0
6345.0,3705.0,1538.0
6345.0,3691.0,1538.0
6329.0,3691.0,1542.0
6329.0,3676.0,1542.0
6329.0,3662.0,1542.0
6315.0,3662.0,1544.0
6301.0,3662.0,1545.0
6301.0,3647.0,1545.0
6288.0,3647.0,1546.0
6288.0,3634.0,1546.0
6290.0,3634.0,1545.0
6290.0,3630.0,1545.0
6292.0,3630.0,1545.0
6292.0,3625.0,1545.0
6305.0,3625.0,1545.0
6305.0,3637.0,1545.0
6320.0,3637.0,1545.0
6320.0,3652.0,1545.0
6333.0,3652.0,1542.0
6333.0,3667.0,1542.0
6333.0,3682.0,1542.0
6349.0,3682.0,1539.0
6361.0,3682.0,1533.0
6361.0,3696.0,1533.0
6377.0,3696.0,1532.0
6377.0,3710.0,1532.0
6390.0,3710.0,1530.0
6390.0,3725.0,1530.0
6405.0,3725.0,1528.0
6405.0,3739.0,1528.0
6405.0,3754.0,1528.0
6419.0,3754.0,1528.0
6419.0,3769.0,1528.0
6434.0,3769.0,1527.0
6449.0,3769.0,1524.0
6449.0,3783.0,1524.0
6464.0,3783.0,1521.0
6464.0,3797.0,1521.0
6478.0,3797.0,1517.0
6478.0,3812.0,1517.0
6493.0,3812.0,1513.0
6493.0,3827.0,1513.0
6493.0,3841.0,1513.0
6507.0,3841.0,1511.0
6507.0,3856.0,1511.0
6522.0,3856.0,1510.0
6522.0,3870.0,1510.0
6536.0,3870.0,1509.0
6536.0,3885.0,1509.0
6551.0,3885.0,1509.0
6564.0,3885.0,1507.0
6564.0,3899.0,1507.0
6564.0,3898.0,1507.0
6568.0,3898.0,1506.0
6568.0,3896.0,1506.0
6573.0,3896.0,1505.0
6557.0,3896.0,1506.0
6557.0,3883.0,1506.0
6557.0,3869.0,1506.0
6545.0,3869.0,1508.0
6529.0,3869.0,1508.0
6529.0,3855.0,1508.0
6529.0,3840.0,1508.0
6516.0,3840.0,1509.0
6516.0,3826.0,1509.0
6501.0,3826.0,1510.0
6501.0,3811.0,1510.0
6486.0,3811.0,1513.0
6472.0,3811.0,1517.0
6472.0,3796.0,1517.0
6472.0,3782.0,1517.0
6457.0,3782.0,1520.0
6443.0,3782.0,1524.0
6443.0,3767.0,1524.0
6428.0,3767.0,1525.0
6428.0,3753.0,1525.0
6428.0,3738.0,1525.0
6414.0,3738.0,1526.0
6399.0,3738.0,1527.0
6399.0,3724.0,1527.0
6399.0,3709.0,1527.0
6385.0,3709.0,1528.0
6370.0,3709.0,1530.0
6370.0,3695.0,1530.0
6370.0,3681.0,1530.0
6356.0,3681.0,1533.0
6356.0,3666.0,1533.0
6341.0,3666.0,1538.0
6328.0,3666.0,1542.0
6328.0,3651.0,1542.0
6328.0,3637.0,1542.0
6313.0,3637.0,1544.0
6299.0,3637.0,1545.0
6299.0,3622.0,1545.0
6299.0,3616.0,1545.0
6293.0,3616.0,1544.0
6297.0,3616.0,1545.0
6297.0,3606.0,1545.0
6302.0,3606.0,1545.0
6302.0,3615.0,1545.0
6321.0,3615.0,1543.0
6321.0,3629.0,1543.0
6331.0,3629.0,1540.0
6331.0,3643.0,1540.0
6348.0,3643.0,1536.0
6348.0,3657.0,1536.0
6348.0,3672.0,1536.0
6360.0,3672.0,1534.0
6377.0,3672.0,1531.0
6377.0,3687.0,1531.0
6389.0,3687.0,1529.0
6389.0,3701.0,1529.0
6405.0,3701.0,1528.0
6405.0,3716.0,1528.0
6418.0,3716.0,1528.0
6418.0,3730.0,1528.0
6433.0,3730.0,1526.0
6433.0,3745.0,1526.0
6448.0,3745.0,1524.0
6448.0,3759.0,1524.0
6463.0,3759.0,1520.0
6463.0,3774.0,1520.0
6463.0,3788.0,1520.0
6477.0,3788.0,1516.0
6477.0,3803.0,1516.0
6492.0,3803.0,1513.0
6492.0,3817.0,1513.0
6506.0,3817.0,1510.0
6506.0,3832.0,1510.0
6521.0,3832.0,1509.0
6536.0,3832.0,1509.0
6536.0,3847.0,1509.0
6536.0,3861.0,1509.0
6550.0,3861.0,1507.0
6565.0,3861.0,1505.0
6565.0,3876.0,1505.0
6565.0,3890.0,1505.0
6579.0,3890.0,1502.0
6579.0,3894.0,1502.0
6583.0,3894.0,1502.0
6583.0,3891.0,1502.0
6590.0,3891.0,1501.0
6590.0,3881.0,1501.0
6579.0,3881.0,1501.0
6579.0,3867.0,1501.0
6564.0,3867.0,1503.0
6564.0,3852.0,1503.0
6550.0,3852.0,1506.0
6550.0,3838.0,1506.0
6535.0,3838.0,1506.0
6535.0,3823.0,1506.0
6521.0,3823.0,1507.0
6521.0,3808.0,1507.0
6506.0,3808.0,1508.0
6506.0,3794.0,1508.0
6493.0,3794.0,1509.0
6477.0,3794.0,1512.0
6477.0,3779.0,1512.0
6464.0,3779.0,1516.0
6464.0,3765.0,1516.0
6448.0,3765.0,1521.0
6448.0,3750.0,1521.0
6435.0,3750.0,1523.0
6435.0,3735.0,1523.0
6419.0,3735.0,1525.0
6419.0,3721.0,1525.0
6419.0,3707.0,1525.0
6405.0,3707.0,1526.0
6405.0,3692.0,1526.0
6389.0,3692.0,1527.0
6389.0,3677.0,1527.0
6377.0,3677.0,1528.0
6377.0,3663.0,1528.0
6361.0,3663.0,1530.0
6361.0,3648.0,1530.0
6347.0,3648.0,1533.0
6347.0,3634.0,1533.0
6333.0,3634.0,1538.0
6333.0,3619.0,1538.0
6318.0,3619.0,1542.0
6318.0,3605.0,1542.0
6304.0,3605.0,1543.0
6304.0,3599.0,1543.0
6299.0,3599.0,1543.0
6299.0,3590.0,1543.0
6304.0,3590.0,1543.0
6304.0,3600.0,1543.0
6310.0,3600.0,1543.0
6310.0,3614.0,1543.0
6328.0,3614.0,1542.0
6328.0,3629.0,1542.0
6339.0,3629.0,1538.0
6339.0,3643.0,1538.0
6356.0,3643.0,1534.0
6356.0,3657.0,1534.0
6368.0,3657.0,1531.0
6368.0,3672.0,1531.0
6384.0,3672.0,1529.0
6384.0,3686.0,1529.0
6397.0,3686.0,1528.0
6397.0,3701.0,1528.0
6413.0,3701.0,1528.0
6413.0,3715.0,1528.0
6426.0,3715.0,1527.0
6426.0,3730.0,1527.0
6441.0,3730.0,1524.0
6456.0,3730.0,1521.0
6456.0,3744.0,1521.0
6471.0,3744.0,1517.0
6471.0,3759.0,1517.0
6471.0,3773.0,1517.0
6485.0,3773.0,1514.0
6485.0,3788.0,1514.0
6500.0,3788.0,1511.0
6500.0,3803.0,1511.0
6514.0,3803.0,1510.0
6514.0,3817.0,1510.0
6529.0,3817.0,1510.0
6529.0,3832.0,1510.0
6544.0,3832.0,1508.0
6544.0,3846.0,1508.0
6558.0,3846.0,1506.0
6558.0,3861.0,1506.0
6573.0,3861.0,1502.0
6573.0,3876.0,1502.0
6587.0,3876.0,1498.0
6587.0,3887.0,1498.0
6598.0,3887.0,1496.0
6598.0,3885.0,1496.0
6602.0,3885.0,1493.0
6602.0,3882.0,1493.0
6605.0,3882.0,1495.0
6586.0,3882.0,1496.0
6586.0,3867.0,1496.0
6586.0,3853.0,1496.0
6575.0,3853.0,1499.0
6575.0,3838.0,1499.0
6558.0,3838.0,1501.0
6558.0,3824.0,1501.0
6546.0,3824.0,1504.0
6546.0,3810.0,1504.0
6530.0,3810.0,1505.0
6530.0,3795.0,1505.0
6517.0,3795.0,1506.0
6517.0,3780.0,1506.0
6501.0,3780.0,1507.0
6501.0,3766.0,1507.0
6487.0,3766.0,1509.0
6487.0,3751.0,1509.0
6472.0,3751.0,1513.0
6472.0,3737.0,1513.0
6458.0,3737.0,1518.0
6458.0,3722.0,1518.0
6444.0,3722.0,1521.0
6444.0,3708.0,1521.0
6429.0,3708.0,1524.0
6429.0,3693.0,1524.0
6414.0,3693.0,1525.0
6414.0,3679.0,1525.0
6399.0,3679.0,1526.0
6399.0,3664.0,1526.0
6385.0,3664.0,1527.0
6385.0,3649.0,1527.0
6371.0,3649.0,1528.0
6371.0,3635.0,1528.0
6357.0,3635.0,1530.0
6357.0,3621.0,1530.0
6342.0,3621.0,1533.0
6342.0,3606.0,1533.0
6328.0,3606.0,1537.0
6328.0,3592.0,1537.0
6313.0,3592.0,1542.0
6313.0,3583.0,1542.0
6306.0,3583.0,1542.0
6306.0,3576.0,1542.0
6310.0,3576.0,1542.0
6315.0,3576.0,1541.0
6315.0,3582.0,1541.0
6315.0,3597.0,1541.0
6333.0,3597.0,1538.0
6345.0,3597.0,1534.0
6345.0,3611.0,1534.0
6361.0,3611.0,1531.0
6361.0,3625.0,1531.0
6373.0,3625.0,1529.0
6373.0,3639.0,1529.0
6373.0,3654.0,1529.0
6389.0,3654.0,1529.0
6389.0,3669.0,1529.0
6402.0,3669.0,1528.0
6402.0,3683.0,1528.0
6417.0,3683.0,1527.0
6417.0,3697.0,1527.0
6432.0,3697.0,1524.0
6432.0,3712.0,1524.0
6446.0,3712.0,1523.0
6446.0,3726.0,1523.0
6461.0,3726.0,1519.0
6461.0,3741.0,1519.0
6476.0,3741.0,1515.0
6476.0,3756.0,1515.0
6491.0,3756.0,1513.0
6491.0,3770.0,1513.0
6505.0,3770.0,1511.0
6505.0,3785.0,1511.0
6519.0,3785.0,1510.0
6519.0,3799.0,1510.0
6533.0,3799.0,1510.0
6549.0,3799.0,1508.0
6549.0,3814.0,1508.0
6549.0,3828.0,1508.0
6563.0,3828.0,1506.0
6563.0,3843.0,1506.0
6578.0,3843.0,1503.0
6578.0,3857.0,1503.0
6592.0,3857.0,1498.0
6592.0,3872.0,1498.0
6606.0,3872.0,1495.0
6606.0,3880.0,1495.0
6613.0,3880.0,1495.0
6613.0,3875.0,1495.0
6619.0,3875.0,1491.0
6619.0,3869.0,1491.0
6614.0,3869.0,1492.0
6614.0,3855.0,1492.0
6597.0,3855.0,1493.0
6597.0,3839.0,1493.0
6584.0,3839.0,1496.0
6584.0,3825.0,1496.0
6567.0,3825.0,1499.0
6567.0,3811.0,1499.0
6556.0,3811.0,1503.0
6556.0,3796.0,1503.0
6556.0,3782.0,1503.0
6539.0,3782.0,1504.0
6526.0,3782.0,1506.0
6526.0,3767.0,1506.0
6509.0,3767.0,1506.0
6509.0,3752.0,1506.0
6497.0,3752.0,1507.0
6497.0,3738.0,1507.0
6481.0,3738.0,1508.0
6481.0,3723.0,1508.0
6468.0,3723.0,1511.0
6468.0,3709.0,1511.0
6452.0,3709.0,1516.0
6452.0,3694.0,1516.0
6438.0,3694.0,1520.0
6438.0,3680.0,1520.0
6423.0,3680.0,1523.0
6423.0,3665.0,1523.0
6409.0,3665.0,1526.0
6394.0,3665.0,1526.0
6394.0,3650.0,1526.0
6394.0,3637.0,1526.0
6381.0,3637.0,1526.0
6381.0,3622.0,1526.0
6365.0,3622.0,1528.0
6352.0,3622.0,1530.0
6352.0,3607.0,1530.0
6352.0,3593.0,1530.0
6337.0,3593.0,1533.0
6337.0,3578.0,1533.0
6323.0,3578.0,1538.0
6323.0,3569.0,1538.0
6313.0,3569.0,1538.0
6313.0,3562.0,1538.0
6319.0,3562.0,1539.0
6319.0,3567.0,1539.0
6323.0,3567.0,1538.0
6323.0,3582.0,1538.0
6341.0,3582.0,1534.0
6341.0,3596.0,1534.0
6353.0,3596.0,1530.0
6353.0,3610.0,1530.0
6369.0,3610.0,1530.0
6369.0,3625.0,1530.0
6381.0,3625.0,1529.0
6381.0,3640.0,1529.0
6396.0,3640.0,1528.0
6396.0,3654.0,1528.0
6411.0,3654.0,1527.0
6411.0,3668.0,1527.0
6425.0,3668.0,1524.0
6425.0,3683.0,1524.0
6440.0,3683.0,1521.0
6440.0,3697.0,1521.0
6454.0,3697.0,1517.0
6454.0,3712.0,1517.0
6469.0,3712.0,1514.0
6469.0,3726.0,1514.0
6484.0,3726.0,1511.0
6484.0,3741.0,1511.0
6484.0,3756.0,1511.0
6499.0,3756.0,1511.0
6499.0,3770.0,1511.0
6513.0,3770.0,1510.0
6527.0,3770.0,1509.0
6527.0,3784.0,1509.0
6542.0,3784.0,1508.0
6542.0,3799.0,1508.0
6557.0,3799.0,1505.0
6557.0,3814.0,1505.0
6572.0,3814.0,1500.0
6572.0,3828.0,1500.0
6586.0,3828.0,1496.0
6586.0,3843.0,1496.0
6600.0,3843.0,1493.0
6615.0,3843.0,1492.0
6615.0,3857.0,1492.0
6615.0,3870.0,1492.0
6627.0,3870.0,1491.0
6627.0,3868.0,1491.0
6631.0,3868.0,1491.0
6631.0,3865.0,1491.0
6633.0,3865.0,1491.0
6633.0,3850.0,1491.0
6616.0,3850.0,1491.0
6616.0,3836.0,1491.0
6604.0,3836.0,1492.0
6604.0,3822.0,1492.0
6588.0,3822.0,1494.0
6588.0,3808.0,1494.0
6575.0,3808.0,1497.0
6575.0,3793.0,1497.0
6560.0,3793.0,1500.0
6560.0,3778.0,1500.0
6545.0,3778.0,1502.0
6530.0,3778.0,1504.0
6530.0,3764.0,1504.0
6516.0,3764.0,1505.0
6516.0,3749.0,1505.0
6501.0,3749.0,1506.0
6501.0,3735.0,1506.0
6501.0,3720.0,1506.0
6487.0,3720.0,1507.0
6487.0,3706.0,1507.0
6473.0,3706.0,1509.0
6473.0,3691.0,1509.0
6457.0,3691.0,1513.0
6444.0,3691.0,1518.0
6444.0,3677.0,1518.0
6444.0,3662.0,1518.0
6429.0,3662.0,1520.0
6429.0,3647.0,1520.0
6414.0,3647.0,1523.0
6414.0,3633.0,1523.0
6399.0,3633.0,1525.0
6399.0,3619.0,1525.0
6385.0,3619.0,1526.0
6385.0,3604.0,1526.0
6370.0,3604.0,1527.0
6370.0,3589.0,1527.0
6357.0,3589.0,1529.0
6357.0,3575.0,1529.0
6341.0,3575.0,1531.0
6328.0,3575.0,1535.0
6328.0,3560.0,1535.0
6328.0,3555.0,1535.0
6322.0,3555.0,1535.0
6329.0,3555.0,1535.0
6329.0,3548.0,1535.0
6329.0,3558.0,1535.0
6336.0,3558.0,1532.0
6336.0,3573.0,1532.0
6355.0,3573.0,1530.0
6365.0,3573.0,1529.0
6365.0,3587.0,1529.0
6365.0,3601.0,1529.0
6382.0,3601.0,1528.0
6394.0,3601.0,1527.0
6394.0,3616.0,1527.0
6411.0,3616.0,1526.0
6411.0,3630.0,1526.0
6424.0,3630.0,1523.0
6424.0,3645.0,1523.0
6440.0,3645.0,1521.0
6440.0,3659.0,1521.0
6453.0,3659.0,1517.0
6453.0,3674.0,1517.0
6469.0,3674.0,1514.0
6469.0,3688.0,1514.0
6483.0,3688.0,1511.0
6483.0,3703.0,1511.0
6498.0,3703.0,1510.0
6498.0,3717.0,1510.0
6512.0,3717.0,1510.0
6512.0,3732.0,1510.0
6527.0,3732.0,1508.0
6527.0,3747.0,1508.0
6527.0,3761.0,1508.0
6541.0,3761.0,1507.0
6541.0,3775.0,1507.0
6556.0,3775.0,1505.0
6556.0,3790.0,1505.0
6570.0,3790.0,1500.0
6570.0,3805.0,1500.0
6585.0,3805.0,1496.0
6599.0,3805.0,1493.0
6599.0,3819.0,1493.0
6614.0,3819.0,1491.0
6614.0,3834.0,1491.0
6629.0,3834.0,1491.0
6629.0,3849.0,1491.0
6641.0,3849.0,1491.0
6641.0,3861.0,1491.0
6641.0,3858.0,1491.0
6644.0,3858.0,1490.0
6645.0,3858.0,1490.0
6645.0,3854.0,1490.0
6628.0,3854.0,1490.0
6628.0,3840.0,1490.0
6628.0,3826.0,1490.0
6616.0,3826.0,1491.0
6616.0,3811.0,1491.0
6599.0,3811.0,1492.0
6599.0,3797.0,1492.0
6587.0,3797.0,1494.0
6587.0,3782.0,1494.0
6571.0,3782.0,1496.0
6571.0,3767.0,1496.0
6557.0,3767.0,1499.0
6557.0,3753.0,1499.0
6542.0,3753.0,1502.0
6542.0,3738.0,1502.0
6528.0,3738.0,1504.0
6528.0,3724.0,1504.0
6513.0,3724.0,1505.0
6499.0,3724.0,1506.0
6499.0,3709.0,1506.0
6499.0,3695.0,1506.0
6485.0,3695.0,1507.0
6470.0,3695.0,1510.0
6470.0,3680.0,1510.0
6470.0,3666.0,1510.0
6455.0,3666.0,1511.0
6455.0,3651.0,1511.0
6441.0,3651.0,1516.0
6441.0,3637.0,1516.0
6426.0,3637.0,1520.0
6426.0,3623.0,1520.0
6412.0,3623.0,1524.0
6412.0,3608.0,1524.0
6397.0,3608.0,1525.0
6397.0,3593.0,1525.0
6383.0,3593.0,1526.0
6383.0,3579.0,1526.0
6369.0,3579.0,1527.0
6369.0,3564.0,1527.0
6354.0,3564.0,1528.0
6354.0,3550.0,1528.0
6340.0,3550.0,1530.0
6340.0,3542.0,1530.0
6333.0,3542.0,1533.0
6333.0,3535.0,1533.0
6340.0,3535.0,1530.0
6340.0,3543.0,1530.0
6345.0,3543.0,1530.0
6345.0,3558.0,1530.0
6363.0,3558.0,1528.0
6363.0,3572.0,1528.0
6374.0,3572.0,1527.0
6374.0,3587.0,1527.0
6391.0,3587.0,1527.0
6391.0,3601.0,1527.0
6403.0,3601.0,1526.0
6403.0,3616.0,1526.0
6419.0,3616.0,1525.0
6419.0,3630.0,1525.0
6433.0,3630.0,1521.0
6433.0,3645.0,1521.0
6448.0,3645.0,1517.0
6448.0,3659.0,1517.0
6462.0,3659.0,1514.0
6462.0,3674.0,1514.0
6477.0,3674.0,1511.0
6477.0,3688.0,1511.0
6491.0,3688.0,1510.0
6491.0,3703.0,1510.0
6505.0,3703.0,1510.0
6505.0,3717.0,1510.0
6521.0,3717.0,1509.0
6535.0,3717.0,1507.0
6535.0,3732.0,1507.0
6535.0,3746.0,1507.0
6549.0,3746.0,1505.0
6549.0,3761.0,1505.0
6563.0,3761.0,1500.0
6563.0,3775.0,1500.0
6579.0,3775.0,1496.0
6579.0,3790.0,1496.0
6593.0,3790.0,1493.0
6593.0,3804.0,1493.0
6608.0,3804.0,1491.0
6608.0,3819.0,1491.0
6622.0,3819.0,1491.0
6622.0,3834.0,1491.0
6637.0,3834.0,1490.0
6637.0,3848.0,1490.0
6651.0,3848.0,1488.0
6651.0,3850.0,1488.0
6655.0,3850.0,1488.0
6658.0,3850.0,1486.0
6658.0,3845.0,1486.0
6645.0,3845.0,1488.0
6645.0,3833.0,1488.0
6645.0,3819.0,1488.0
6631.0,3819.0,1488.0
6631.0,3805.0,1488.0
6617.0,3805.0,1489.0
6617.0,3791.0,1489.0
6602.0,3791.0,1490.0
6602.0,3775.0,1490.0
6588.0,3775.0,1492.0
6573.0,3775.0,1494.0
6573.0,3761.0,1494.0
6559.0,3761.0,1498.0
6559.0,3746.0,1498.0
6544.0,3746.0,1502.0
6544.0,3732.0,1502.0
6530.0,3732.0,1503.0
6530.0,3717.0,1503.0
6530.0,3703.0,1503.0
6515.0,3703.0,1505.0
6501.0,3703.0,1505.0
6501.0,3688.0,1505.0
6486.0,3688.0,1506.0
6486.0,3673.0,1506.0
6472.0,3673.0,1508.0
6472.0,3659.0,1508.0
6457.0,3659.0,1511.0
6457.0,3645.0,1511.0
6443.0,3645.0,1515.0
6443.0,3630.0,1515.0
6443.0,3616.0,1515.0
6428.0,3616.0,1518.0
6428.0,3601.0,1518.0
6413.0,3601.0,1522.0
6398.0,3601.0,1524.0
6398.0,3587.0,1524.0
6385.0,3587.0,1526.0
6385.0,3572.0,1526.0
6370.0,3572.0,1526.0
6370.0,3558.0,1526.0
6356.0,3558.0,1528.0
6356.0,3543.0,1528.0
6344.0,3543.0,1529.0
6344.0,3531.0,1529.0
6348.0,3531.0,1528.0
6348.0,3527.0,1528.0
6348.0,3526.0,1528.0
6353.0,3526.0,1529.0
6366.0,3526.0,1527.0
6366.0,3540.0,1527.0
6381.0,3540.0,1527.0
6381.0,3555.0,1527.0
6394.0,3555.0,1526.0
6394.0,3569.0,1526.0
6410.0,3569.0,1524.0
6410.0,3584.0,1524.0
6423.0,3584.0,1520.0
6423.0,3599.0,1520.0
6439.0,3599.0,1519.0
6439.0,3613.0,1519.0
6453.0,3613.0,1515.0
6453.0,3628.0,1515.0
6468.0,3628.0,1513.0
6468.0,3642.0,1513.0
6481.0,3642.0,1511.0
6481.0,3656.0,1511.0
6497.0,3656.0,1510.0
6497.0,3671.0,1510.0
6497.0,3685.0,1510.0
6511.0,3685.0,1510.0
6511.0,3700.0,1510.0
6526.0,3700.0,1508.0
6540.0,3700.0,1506.0
6540.0,3715.0,1506.0
6540.0,3729.0,1506.0
6555.0,3729.0,1502.0
6555.0,3743.0,1502.0
6569.0,3743.0,1498.0
6585.0,3743.0,1494.0
6585.0,3758.0,1494.0
6585.0,3773.0,1494.0
6598.0,3773.0,1492.0
6613.0,3773.0,1491.0
6613.0,3787.0,1491.0
6627.0,3787.0,1490.0
6627.0,3802.0,1490.0
6642.0,3802.0,1489.0
6642.0,3816.0,1489.0
6657.0,3816.0,1487.0
6657.0,3831.0,1487.0
6665.0,3831.0,1484.0
6665.0,3840.0,1484.0
6668.0,3840.0,1483.0
6668.0,3833.0,1483.0
6668.0,3829.0,1483.0
6665.0,3829.0,1484.0
6665.0,3815.0,1484.0
6647.0,3815.0,1486.0
6637.0,3815.0,1487.0
6637.0,3799.0,1487.0
6619.0,3799.0,1488.0
6619.0,3785.0,1488.0
6607.0,3785.0,1488.0
6607.0,3771.0,1488.0
6607.0,3757.0,1488.0
6590.0,3757.0,1489.0
6578.0,3757.0,1491.0
6578.0,3742.0,1491.0
6578.0,3727.0,1491.0
6561.0,3727.0,1494.0
6561.0,3713.0,1494.0
6548.0,3713.0,1498.0
6548.0,3698.0,1498.0
6533.0,3698.0,1501.0
6519.0,3698.0,1504.0
6519.0,3684.0,1504.0
6504.0,3684.0,1505.0
6504.0,3669.0,1505.0
6504.0,3655.0,1505.0
6490.0,3655.0,1506.0
6490.0,3640.0,1506.0
6475.0,3640.0,1507.0
6475.0,3626.0,1507.0
6461.0,3626.0,1509.0
6445.0,3626.0,1512.0
6445.0,3611.0,1512.0
6445.0,3597.0,1512.0
6431.0,3597.0,1516.0
6431.0,3582.0,1516.0
6417.0,3582.0,1520.0
6417.0,3567.0,1520.0
6402.0,3567.0,1523.0
6388.0,3567.0,1525.0
6388.0,3553.0,1525.0
6373.0,3553.0,1526.0
6373.0,3538.0,1526.0
6373.0,3524.0,1526.0
6360.0,3524.0,1527.0
6356.0,3524.0,1527.0
6356.0,3519.0,1527.0
6363.0,3519.0,1527.0
6363.0,3513.0,1527.0
6370.0,3513.0,1527.0
6389.0,3513.0,1526.0
6389.0,3523.0,1526.0
6389.0,3537.0,1526.0
6399.0,3537.0,1525.0
6399.0,3552.0,1525.0
6416.0,3552.0,1522.0
6416.0,3567.0,1522.0
6416.0,3581.0,1522.0
6428.0,3581.0,1519.0
6445.0,3581.0,1515.0
6445.0,3596.0,1515.0
6445.0,3610.0,1515.0
6458.0,3610.0,1513.0
6474.0,3610.0,1511.0
6474.0,3625.0,1511.0
6487.0,3625.0,1510.0
6487.0,3639.0,1510.0
6487.0,3654.0,1510.0
6503.0,3654.0,1510.0
6517.0,3654.0,1509.0
6517.0,3668.0,1509.0
6517.0,3683.0,1509.0
6532.0,3683.0,1506.0
6545.0,3683.0,1503.0
6545.0,3697.0,1503.0
6561.0,3697.0,1498.0
6561.0,3712.0,1498.0
6561.0,3726.0,1498.0
6575.0,3726.0,1494.0
6589.0,3726.0,1492.0
6589.0,3741.0,1492.0
6589.0,3755.0,1492.0
6604.0,3755.0,1491.0
6604.0,3770.0,1491.0
6619.0,3770.0,1491.0
6633.0,3770.0,1489.0
6633.0,3784.0,1489.0
6633.0,3799.0,1489.0
6648.0,3799.0,1487.0
6662.0,3799.0,1485.0
6662.0,3814.0,1485.0
6675.0,3814.0,1481.0
6675.0,3827.0,1481.0
6675.0,3825.0,1481.0
6678.0,3825.0,1478.0
6679.0,3825.0,1479.0
6679.0,3820.0,1479.0
6679.0,3806.0,1479.0
6663.0,3806.0,1481.0
6663.0,3792.0,1481.0
6650.0,3792.0,1483.0
6635.0,3792.0,1485.0
6635.0,3778.0,1485.0
6635.0,3763.0,1485.0
6621.0,3763.0,1486.0
6621.0,3749.0,1486.0
6607.0,3749.0,1487.0
6607.0,3734.0,1487.0
6592.0,3734.0,1487.0
6592.0,3719.0,1487.0
6577.0,3719.0,1489.0
6563.0,3719.0,1492.0
6563.0,3705.0,1492.0
6549.0,3705.0,1496.0
6549.0,3690.0,1496.0
6549.0,3676.0,1496.0
6533.0,3676.0,1500.0
6520.0,3676.0,1503.0
6520.0,3662.0,1503.0
6505.0,3662.0,1505.0
6505.0,3646.0,1505.0
6490.0,3646.0,1505.0
6490.0,3632.0,1505.0
6476.0,3632.0,1506.0
6476.0,3618.0,1506.0
6476.0,3603.0,1506.0
6461.0,3603.0,1508.0
6446.0,3603.0,1511.0
6446.0,3589.0,1511.0
6432.0,3589.0,1515.0
6432.0,3574.0,1515.0
6417.0,3574.0,1518.0
6417.0,3560.0,1518.0
6403.0,3560.0,1522.0
6403.0,3545.0,1522.0
6388.0,3545.0,1524.0
6388.0,3531.0,1524.0
6374.0,3531.0,1525.0
6374.0,3516.0,1525.0
6367.0,3516.0,1524.0
6367.0,3508.0,1524.0
6367.0,3503.0,1524.0
6375.0,3503.0,1525.0
6380.0,3503.0,1525.0
6380.0,3511.0,1525.0
6380.0,3525.0,1525.0
6398.0,3525.0,1523.0
6398.0,3540.0,1523.0
6409.0,3540.0,1520.0
6409.0,3554.0,1520.0
6426.0,3554.0,1517.0
6439.0,3554.0,1514.0
6439.0,3568.0,1514.0
6439.0,3583.0,1514.0
6454.0,3583.0,1512.0
6469.0,3583.0,1511.0
6469.0,3598.0,1511.0
6469.0,3612.0,1511.0
6484.0,3612.0,1510.0
6497.0,3612.0,1509.0
6497.0,3626.0,1509.0
6512.0,3626.0,1507.0
6512.0,3641.0,1507.0
6527.0,3641.0,1504.0
6527.0,3655.0,1504.0
6527.0,3670.0,1504.0
6541.0,3670.0,1500.0
6556.0,3670.0,1498.0
6556.0,3685.0,1498.0
6570.0,3685.0,1494.0
6570.0,3699.0,1494.0
6570.0,3714.0,1494.0
6585.0,3714.0,1492.0
6585.0,3728.0,1492.0
6600.0,3728.0,1490.0
6614.0,3728.0,1490.0
6614.0,3742.0,1490.0
6629.0,3742.0,1489.0
6629.0,3757.0,1489.0
6629.0,3772.0,1489.0
6643.0,3772.0,1487.0
6643.0,3786.0,1487.0
6658.0,3786.0,1483.0
6658.0,3801.0,1483.0
6672.0,3801.0,1481.0
6685.0,3801.0,1476.0
6685.0,3814.0,1476.0
6685.0,3812.0,1476.0
6687.0,3812.0,1471.0
6687.0,3807.0,1471.0
6689.0,3807.0,1473.0
6689.0,3793.0,1473.0
6673.0,3793.0,1473.0
6673.0,3779.0,1473.0
6661.0,3779.0,1476.0
6645.0,3779.0,1479.0
6645.0,3765.0,1479.0
6645.0,3751.0,1479.0
6632.0,3751.0,1481.0
6632.0,3736.0,1481.0
6617.0,3736.0,1483.0
6617.0,3721.0,1483.0
6602.0,3721.0,1483.0
6602.0,3707.0,1483.0
6588.0,3707.0,1484.0
6573.0,3707.0,1486.0
6573.0,3693.0,1486.0
6558.0,3693.0,1488.0
6558.0,3678.0,1488.0
6558.0,3663.0,1488.0
6544.0,3663.0,1493.0
6544.0,3649.0,1493.0
6529.0,3649.0,1498.0
6529.0,3634.0,1498.0
6515.0,3634.0,1502.0
6515.0,3620.0,1502.0
6501.0,3620.0,1504.0
6501.0,3605.0,1504.0
6485.0,3605.0,1505.0
6485.0,3591.0,1505.0
6471.0,3591.0,1505.0
6471.0,3576.0,1505.0
6457.0,3576.0,1507.0
6457.0,3561.0,1507.0
6442.0,3561.0,1509.0
6442.0,3547.0,1509.0
6427.0,3547.0,1513.0
6427.0,3532.0,1513.0
6413.0,3532.0,1518.0
6413.0,3518.0,1518.0
6398.0,3518.0,1522.0
6398.0,3503.0,1522.0
6384.0,3503.0,1524.0
6381.0,3503.0,1523.0
6381.0,3499.0,1523.0
6381.0,3494.0,1523.0
6389.0,3494.0,1523.0
6389.0,3505.0,1523.0
6397.0,3505.0,1521.0
6397.0,3519.0,1521.0
6416.0,3519.0,1520.0
6416.0,3533.0,1520.0
6426.0,3533.0,1517.0
6426.0,3548.0,1517.0
6443.0,3548.0,1513.0
6443.0,3563.0,1513.0
6456.0,3563.0,1511.0
6456.0,3577.0,1511.0
6472.0,3577.0,1509.0
6472.0,3591.0,1509.0
6485.0,3591.0,1509.0
6485.0,3606.0,1509.0
6501.0,3606.0,1508.0
6501.0,3621.0,1508.0
6515.0,3621.0,1505.0
6515.0,3635.0,1505.0
6530.0,3635.0,1501.0
6543.0,3635.0,1499.0
6543.0,3649.0,1499.0
6543.0,3664.0,1499.0
6559.0,3664.0,1495.0
6559.0,3679.0,1495.0
6573.0,3679.0,1493.0
6588.0,3679.0,1491.0
6588.0,3693.0,1491.0
6602.0,3693.0,1490.0
6602.0,3708.0,1490.0
6617.0,3708.0,1490.0
6617.0,3723.0,1490.0
6617.0,3737.0,1490.0
6631.0,3737.0,1488.0
6631.0,3751.0,1488.0
6646.0,3751.0,1485.0
6646.0,3766.0,1485.0
6660.0,3766.0,1481.0
6675.0,3766.0,1476.0
6675.0,3780.0,1476.0
6675.0,3795.0,1476.0
6689.0,3795.0,1474.0
6689.0,3801.0,1474.0
6695.0,3801.0,1474.0
6695.0,3793.0,1474.0
6698.0,3793.0,1473.0
6698.0,3786.0,1473.0
6690.0,3786.0,1471.0
6690.0,3772.0,1471.0
6674.0,3772.0,1473.0
6674.0,3757.0,1473.0
6661.0,3757.0,1476.0
6661.0,3742.0,1476.0
6645.0,3742.0,1480.0
6645.0,3728.0,1480.0
6633.0,3728.0,1483.0
6633.0,3714.0,1483.0
6616.0,3714.0,1485.0
6616.0,3699.0,1485.0
6603.0,3699.0,1486.0
6603.0,3684.0,1486.0
6587.0,3684.0,1486.0
6587.0,3670.0,1486.0
6574.0,3670.0,1488.0
6574.0,3655.0,1488.0
6558.0,3655.0,1490.0
6558.0,3641.0,1490.0
6545.0,3641.0,1493.0
6529.0,3641.0,1497.0
6529.0,3627.0,1497.0
6529.0,3612.0,1497.0
6516.0,3612.0,1501.0
6516.0,3597.0,1501.0
6500.0,3597.0,1504.0
6500.0,3583.0,1504.0
6486.0,3583.0,1505.0
6486.0,3568.0,1505.0
6472.0,3568.0,1506.0
6472.0,3554.0,1506.0
6457.0,3554.0,1507.0
6457.0,3539.0,1507.0
6442.0,3539.0,1508.0
6442.0,3525.0,1508.0
6428.0,3525.0,1511.0
6428.0,3510.0,1511.0
6413.0,3510.0,1515.0
6413.0,3496.0,1515.0
6399.0,3496.0,1520.0
6399.0,3490.0,1520.0
6394.0,3490.0,1519.0
6394.0,3486.0,1519.0
6404.0,3486.0,1519.0
6404.0,3495.0,1519.0
6410.0,3495.0,1518.0
6410.0,3510.0,1518.0
6429.0,3510.0,1514.0
6429.0,3524.0,1514.0
6440.0,3524.0,1512.0
6440.0,3539.0,1512.0
6457.0,3539.0,1511.0
6457.0,3553.0,1511.0
6469.0,3553.0,1509.0
6469.0,3568.0,1509.0
6485.0,3568.0,1509.0
6485.0,3582.0,1509.0
6499.0,3582.0,1508.0
6499.0,3597.0,1508.0
6515.0,3597.0,1505.0
6515.0,3612.0,1505.0
6528.0,3612.0,1502.0
6543.0,3612.0,1498.0
6543.0,3626.0,1498.0
6543.0,3641.0,1498.0
6557.0,3641.0,1494.0
6557.0,3655.0,1494.0
6573.0,3655.0,1492.0
6586.0,3655.0,1490.0
6586.0,3669.0,1490.0
6586.0,3684.0,1490.0
6601.0,3684.0,1490.0
6601.0,3699.0,1490.0
6615.0,3699.0,1489.0
6615.0,3713.0,1489.0
6630.0,3713.0,1488.0
6630.0,3728.0,1488.0
6645.0,3728.0,1485.0
6645.0,3742.0,1485.0
6660.0,3742.0,1481.0
6660.0,3757.0,1481.0
6674.0,3757.0,1476.0
6674.0,3771.0,1476.0
6689.0,3771.0,1472.0
6689.0,3785.0,1472.0
6701.0,3785.0,1470.0
6701.0,3784.0,1470.0
6704.0,3784.0,1472.0
6704.0,3778.0,1472.0
6706.0,3778.0,1472.0
6706.0,3765.0,1472.0
6693.0,3765.0,1471.0
6693.0,3752.0,1471.0
6678.0,3752.0,1473.0
6678.0,3738.0,1473.0
6664.0,3738.0,1475.0
6664.0,3723.0,1475.0
6649.0,3723.0,1479.0
6649.0,3708.0,1479.0
6635.0,3708.0,1483.0
6635.0,3694.0,1483.0
6620.0,3694.0,1485.0
6620.0,3679.0,1485.0
6605.0,3679.0,1486.0
6605.0,3665.0,1486.0
6591.0,3665.0,1487.0
6591.0,3650.0,1487.0
6577.0,3650.0,1488.0
6577.0,3636.0,1488.0
6562.0,3636.0,1490.0
6562.0,3621.0,1490.0
6548.0,3621.0,1492.0
6548.0,3607.0,1492.0
6533.0,3607.0,1496.0
6533.0,3592.0,1496.0
6518.0,3592.0,1500.0
6518.0,3578.0,1500.0
6504.0,3578.0,1503.0
6489.0,3578.0,1504.0
6489.0,3563.0,1504.0
6489.0,3549.0,1504.0
6475.0,3549.0,1505.0
6475.0,3534.0,1505.0
6460.0,3534.0,1506.0
6460.0,3519.0,1506.0
6445.0,3519.0,1507.0
6445.0,3505.0,1507.0
6431.0,3505.0,1510.0
6417.0,3505.0,1513.0
6417.0,3490.0,1513.0
6417.0,3482.0,1513.0
6409.0,3482.0,1515.0
6409.0,3479.0,1515.0
6418.0,3479.0,1514.0
6418.0,3485.0,1514.0
6423.0,3485.0,1511.0
6423.0,3500.0,1511.0
6441.0,3500.0,1510.0
6441.0,3515.0,1510.0
6453.0,3515.0,1509.0
6453.0,3529.0,1509.0
6469.0,3529.0,1509.0
6469.0,3543.0,1509.0
6482.0,3543.0,1508.0
6482.0,3558.0,1508.0
6498.0,3558.0,1507.0
6498.0,3572.0,1507.0
6512.0,3572.0,1504.0
6512.0,3587.0,1504.0
6527.0,3587.0,1501.0
6527.0,3601.0,1501.0
6541.0,3601.0,1497.0
6541.0,3616.0,1497.0
6555.0,3616.0,1494.0
6555.0,3630.0,1494.0
6570.0,3630.0,1491.0
6570.0,3645.0,1491.0
6585.0,3645.0,1490.0
6585.0,3659.0,1490.0
6600.0,3659.0,1490.0
6600.0,3674.0,1490.0
6613.0,3674.0,1489.0
6613.0,3688.0,1489.0
6628.0,3688.0,1486.0
6628.0,3703.0,1486.0
6642.0,3703.0,1483.0
6642.0,3718.0,1483.0
6658.0,3718.0,1477.0
6658.0,3732.0,1477.0
6672.0,3732.0,1475.0
6672.0,3746.0,1475.0
6687.0,3746.0,1472.0
6687.0,3761.0,1472.0
6701.0,3761.0,1470.0
6701.0,3771.0,1470.0
6711.0,3771.0,1471.0
6711.0,3764.0,1471.0
6712.0,3764.0,1469.0
6712.0,3760.0,1469.0
6710.0,3760.0,1469.0
6710.0,3745.0,1469.0
6693.0,3745.0,1469.0
6693.0,3731.0,1469.0
6681.0,3731.0,1471.0
6681.0,3716.0,1471.0
6664.0,3716.0,1473.0
6664.0,3701.0,1473.0
6652.0,3701.0,1477.0
6652.0,3687.0,1477.0
6637.0,3687.0,1480.0
6637.0,3673.0,1480.0
6622.0,3673.0,1484.0
6622.0,3658.0,1484.0
6607.0,3658.0,1485.0
6607.0,3643.0,1485.0
6593.0,3643.0,1486.0
6593.0,3629.0,1486.0
6578.0,3629.0,1487.0
6578.0,3615.0,1487.0
6564.0,3615.0,1489.0
6564.0,3600.0,1489.0
6549.0,3600.0,1492.0
6549.0,3586.0,1492.0
6534.0,3586.0,1493.0
6534.0,3571.0,1493.0
6520.0,3571.0,1498.0
6520.0,3557.0,1498.0
6505.0,3557.0,1501.0
6505.0,3542.0,1501.0
6492.0,3542.0,1504.0
6492.0,3527.0,1504.0
6477.0,3527.0,1505.0
6477.0,3513.0,1505.0
6461.0,3513.0,1506.0
6461.0,3499.0,1506.0
6447.0,3499.0,1506.0
6447.0,3484.0,1506.0
6433.0,3484.0,1508.0
6433.0,3475.0,1508.0
6425.0,3475.0,1511.0
6425.0,3473.0,1511.0
6435.0,3473.0,1509.0
6435.0,3477.0,1509.0
6439.0,3477.0,1509.0
6439.0,3493.0,1509.0
6457.0,3493.0,1508.0
6457.0,3507.0,1508.0
6469.0,3507.0,1508.0
6469.0,3521.0,1508.0
6485.0,3521.0,1507.0
6485.0,3536.0,1507.0
6498.0,3536.0,1506.0
6498.0,3551.0,1506.0
6513.0,3551.0,1503.0
6513.0,3565.0,1503.0
6528.0,3565.0,1499.0
6528.0,3580.0,1499.0
6542.0,3580.0,1495.0
6542.0,3594.0,1495.0
6557.0,3594.0,1493.0
6557.0,3609.0,1493.0
6571.0,3609.0,1491.0
6571.0,3623.0,1491.0
6586.0,3623.0,1490.0
6586.0,3638.0,1490.0
6586.0,3652.0,1490.0
6600.0,3652.0,1490.0
6600.0,3667.0,1490.0
6615.0,3667.0,1489.0
6615.0,3681.0,1489.0
6629.0,3681.0,1487.0
6629.0,3696.0,1487.0
6629.0,3710.0,1487.0
6644.0,3710.0,1483.0
6644.0,3725.0,1483.0
6658.0,3725.0,1478.0
6658.0,3739.0,1478.0
6673.0,3739.0,1473.0
6673.0,3753.0,1473.0
6688.0,3753.0,1471.0
6703.0,3753.0,1469.0
6703.0,3752.0,1469.0
6715.0,3752.0,1469.0
6716.0,3752.0,1469.0
6716.0,3745.0,1469.0
6717.0,3745.0,1469.0
6717.0,3732.0,1469.0
6705.0,3732.0,1469.0
6705.0,3718.0,1469.0
6690.0,3718.0,1470.0
6676.0,3718.0,1471.0
6676.0,3704.0,1471.0
6676.0,3690.0,1471.0
6661.0,3690.0,1475.0
6661.0,3675.0,1475.0
6647.0,3675.0,1477.0
6647.0,3660.0,1477.0
6633.0,3660.0,1481.0
6633.0,3646.0,1481.0
6618.0,3646.0,1484.0
6618.0,3632.0,1484.0
6603.0,3632.0,1485.0
6603.0,3617.0,1485.0
6589.0,3617.0,1486.0
6589.0,3603.0,1486.0
6574.0,3603.0,1486.0
6574.0,3588.0,1486.0
6560.0,3588.0,1487.0
6560.0,3573.0,1487.0
6545.0,3573.0,1490.0
6545.0,3559.0,1490.0
6530.0,3559.0,1493.0
6530.0,3544.0,1493.0
6516.0,3544.0,1497.0
6516.0,3530.0,1497.0
6501.0,3530.0,1500.0
6501.0,3515.0,1500.0
6487.0,3515.0,1503.0
6487.0,3501.0,1503.0
6473.0,3501.0,1505.0
6457.0,3501.0,1505.0
6457.0,3486.0,1505.0
6457.0,3472.0,1505.0
6444.0,3472.0,1506.0
6446.0,3472.0,1506.0
6446.0,3470.0,1506.0
6446.0,3468.0,1506.0
6455.0,3468.0,1506.0
6455.0,3479.0,1506.0
6463.0,3479.0,1506.0
6463.0,3494.0,1506.0
6482.0,3494.0,1505.0
6482.0,3508.0,1505.0
6493.0,3508.0,1504.0
6493.0,3523.0,1504.0
6510.0,3523.0,1501.0
6510.0,3538.0,1501.0
6522.0,3538.0,1497.0
6522.0,3552.0,1497.0
6539.0,3552.0,1495.0
6539.0,3567.0,1495.0
6551.0,3567.0,1492.0
6551.0,3581.0,1492.0
6567.0,3581.0,1491.0
6567.0,3595.0,1491.0
6581.0,3595.0,1490.0
6581.0,3610.0,1490.0
6596.0,3610.0,1489.0
6596.0,3625.0,1489.0
6610.0,3625.0,1489.0
6610.0,3639.0,1489.0
6625.0,3639.0,1486.0
6639.0,3639.0,1483.0
6639.0,3653.0,1483.0
6654.0,3653.0,1478.0
6654.0,3668.0,1478.0
6668.0,3668.0,1474.0
6668.0,3683.0,1474.0
6668.0,3697.0,1474.0
6684.0,3697.0,1471.0
6684.0,3712.0,1471.0
6697.0,3712.0,1469.0
6697.0,3726.0,1469.0
6712.0,3726.0,1469.0
6721.0,3726.0,1468.0
6721.0,3736.0,1468.0
6721.0,3729.0,1468.0
6722.0,3729.0,1468.0
6722.0,3725.0,1468.0
6721.0,3725.0,1468.0
6705.0,3725.0,1468.0
6705.0,3710.0,1468.0
6705.0,3696.0,1468.0
6692.0,3696.0,1468.0
6692.0,3682.0,1468.0
6676.0,3682.0,1470.0
6676.0,3667.0,1470.0
6663.0,3667.0,1472.0
6648.0,3667.0,1475.0
6648.0,3653.0,1475.0
6648.0,3639.0,1475.0
6634.0,3639.0,1478.0
6634.0,3624.0,1478.0
6618.0,3624.0,1482.0
6618.0,3609.0,1482.0
6604.0,3609.0,1484.0
6589.0,3609.0,1486.0
6589.0,3595.0,1486.0
6589.0,3581.0,1486.0
6575.0,3581.0,1486.0
6575.0,3566.0,1486.0
6560.0,3566.0,1487.0
6560.0,3551.0,1487.0
6545.0,3551.0,1488.0
6545.0,3536.0,1488.0
6531.0,3536.0,1491.0
6531.0,3522.0,1491.0
6517.0,3522.0,1495.0
6517.0,3508.0,1495.0
6502.0,3508.0,1499.0
6502.0,3493.0,1499.0
6488.0,3493.0,1503.0
6488.0,3478.0,1503.0
6473.0,3478.0,1504.0
6473.0,3465.0,1504.0
6461.0,3465.0,1505.0
6461.0,3465.0,1505.0
6468.0,3465.0,1505.0
6468.0,3465.0,1505.0
6475.0,3465.0,1503.0
6475.0,3479.0,1503.0
6486.0,3479.0,1503.0
6486.0,3493.0,1503.0
6504.0,3493.0,1501.0
6504.0,3507.0,1501.0
6515.0,3507.0,1499.0
6515.0,3522.0,1499.0
6532.0,3522.0,1495.0
6532.0,3537.0,1495.0
6544.0,3537.0,1492.0
6544.0,3551.0,1492.0
6561.0,3551.0,1491.0
6573.0,3551.0,1490.0
6573.0,3566.0,1490.0
6573.0,3581.0,1490.0
6589.0,3581.0,1490.0
6589.0,3595.0,1490.0
6603.0,3595.0,1489.0
6603.0,3609.0,1489.0
6618.0,3609.0,1486.0
6618.0,3624.0,1486.0
6632.0,3624.0,1483.0
6632.0,3639.0,1483.0
6647.0,3639.0,1478.0
6647.0,3653.0,1478.0
6661.0,3653.0,1474.0
6661.0,3668.0,1474.0
6676.0,3668.0,1471.0
6676.0,3682.0,1471.0
6690.0,3682.0,1469.0
6690.0,3696.0,1469.0
6705.0,3696.0,1469.0
6719.0,3696.0,1468.0
6719.0,3711.0,1468.0
6725.0,3711.0,1467.0
6725.0,3718.0,1467.0
6725.0,3707.0,1467.0
6725.0,3707.0,1466.0
6725.0,3703.0,1466.0
6721.0,3703.0,1466.0
6721.0,3688.0,1466.0
6704.0,3688.0,1467.0
6704.0,3673.0,1467.0
6691.0,3673.0,1467.0
6691.0,3658.0,1467.0
6675.0,3658.0,1469.0
6675.0,3643.0,1469.0
6662.0,3643.0,1471.0
6662.0,3629.0,1471.0
6646.0,3629.0,1473.0
6646.0,3615.0,1473.0
6633.0,3615.0,1479.0
6633.0,3600.0,1479.0
6617.0,3600.0,1481.0
6617.0,3586.0,1481.0
6603.0,3586.0,1484.0
6603.0,3571.0,1484.0
6588.0,3571.0,1485.0
6575.0,3571.0,1486.0
6575.0,3557.0,1486.0
6575.0,3542.0,1486.0
6560.0,3542.0,1487.0
6560.0,3528.0,1487.0
6545.0,3528.0,1488.0
6545.0,3513.0,1488.0
6530.0,3513.0,1490.0
6516.0,3513.0,1493.0
6516.0,3499.0,1493.0
6516.0,3484.0,1493.0
6501.0,3484.0,1498.0
6487.0,3484.0,1501.0
6487.0,3469.0,1501.0
6487.0,3463.0,1501.0
6481.0,3463.0,1502.0
6481.0,3462.0,1502.0
6493.0,3462.0,1501.0
6493.0,3467.0,1501.0
6497.0,3467.0,1500.0
6497.0,3482.0,1500.0
6516.0,3482.0,1497.0
6516.0,3497.0,1497.0
6527.0,3497.0,1493.0
6543.0,3497.0,1492.0
6543.0,3511.0,1492.0
6543.0,3525.0,1492.0
6556.0,3525.0,1491.0
6556.0,3540.0,1491.0
6572.0,3540.0,1490.0
6572.0,3555.0,1490.0
6586.0,3555.0,1489.0
6586.0,3569.0,1489.0
6601.0,3569.0,1487.0
6601.0,3584.0,1487.0
6615.0,3584.0,1485.0
6615.0,3598.0,1485.0
6629.0,3598.0,1480.0
6629.0,3613.0,1480.0
6644.0,3613.0,1477.0
6644.0,3627.0,1477.0
6659.0,3627.0,1473.0
6659.0,3642.0,1473.0
6673.0,3642.0,1471.0
6673.0,3656.0,1471.0
6688.0,3656.0,1469.0
6688.0,3671.0,1469.0
6702.0,3671.0,1469.0
6717.0,3671.0,1467.0
6717.0,3686.0,1467.0
6717.0,3697.0,1467.0
6728.0,3697.0,1466.0
6727.0,3697.0,1465.0
6727.0,3690.0,1465.0
6727.0,3685.0,1465.0
6726.0,3685.0,1464.0
6710.0,3685.0,1466.0
6710.0,3670.0,1466.0
6710.0,3656.0,1466.0
6697.0,3656.0,1467.0
6683.0,3656.0,1467.0
6683.0,3642.0,1467.0
6683.0,3628.0,1467.0
6668.0,3628.0,1468.0
6668.0,3613.0,1468.0
6653.0,3613.0,1470.0
6639.0,3613.0,1473.0
6639.0,3599.0,1473.0
6639.0,3584.0,1473.0
6624.0,3584.0,1478.0
6624.0,3569.0,1478.0
6610.0,3569.0,1482.0
6610.0,3555.0,1482.0
6596.0,3555.0,1484.0
6596.0,3540.0,1484.0
6581.0,3540.0,1485.0
6581.0,3526.0,1485.0
6566.0,3526.0,1485.0
6566.0,3511.0,1485.0
6552.0,3511.0,1486.0
6552.0,3497.0,1486.0
6537.0,3497.0,1488.0
6537.0,3482.0,1488.0
6522.0,3482.0,1491.0
6522.0,3467.0,1491.0
6508.0,3467.0,1493.0
6508.0,3461.0,1493.0
6503.0,3461.0,1495.0
6503.0,3461.0,1495.0
6515.0,3461.0,1494.0
6515.0,3465.0,1494.0
6519.0,3465.0,1492.0
6519.0,3480.0,1492.0
6537.0,3480.0,1490.0
6537.0,3495.0,1490.0
6549.0,3495.0,1489.0
6549.0,3510.0,1489.0
6564.0,3510.0,1489.0
6564.0,3524.0,1489.0
6564.0,3539.0,1489.0
6578.0,3539.0,1488.0
6593.0,3539.0,1487.0
6608.0,3539.0,1485.0
6608.0,3553.0,1485.0
6608.0,3568.0,1485.0
6622.0,3568.0,1482.0
6622.0,3583.0,1482.0
6637.0,3583.0,1478.0
6637.0,3597.0,1478.0
6651.0,3597.0,1474.0
6651.0,3612.0,1474.0
6666.0,3612.0,1471.0
6666.0,3626.0,1471.0
6680.0,3626.0,1469.0
6680.0,3641.0,1469.0
6695.0,3641.0,1469.0
6695.0,3655.0,1469.0
6709.0,3655.0,1468.0
6709.0,3669.0,1468.0
6724.0,3669.0,1465.0
6724.0,3673.0,1465.0
6727.0,3673.0,1464.0
6727.0,3661.0,1464.0
6726.0,3661.0,1464.0
6726.0,3656.0,1464.0
6720.0,3656.0,1465.0
6720.0,3642.0,1465.0
6702.0,3642.0,1466.0
6702.0,3626.0,1466.0
6690.0,3626.0,1467.0
6690.0,3612.0,1467.0
6674.0,3612.0,1468.0
6674.0,3597.0,1468.0
6661.0,3597.0,1469.0
6661.0,3583.0,1469.0
6646.0,3583.0,1471.0
6646.0,3569.0,1471.0
6632.0,3569.0,1474.0
6632.0,3554.0,1474.0
6616.0,3554.0,1478.0
6603.0,3554.0,1482.0
6603.0,3539.0,1482.0
6603.0,3525.0,1482.0
6588.0,3525.0,1484.0
6588.0,3510.0,1484.0
6574.0,3510.0,1485.0
6574.0,3496.0,1485.0
6558.0,3496.0,1485.0
6558.0,3481.0,1485.0
6544.0,3481.0,1487.0
6544.0,3466.0,1487.0
6530.0,3466.0,1489.0
6530.0,3463.0,1489.0
6529.0,3463.0,1491.0
6529.0,3464.0,1491.0
6542.0,3464.0,1488.0
6542.0,3470.0,1488.0
6546.0,3470.0,1488.0
6546.0,3485.0,1488.0
6565.0,3485.0,1488.0
6565.0,3500.0,1488.0
6576.0,3500.0,1487.0
6593.0,3500.0,1486.0
6593.0,3514.0,1486.0
6593.0,3529.0,1486.0
6605.0,3529.0,1483.0
6605.0,3543.0,1483.0
6621.0,3543.0,1480.0
6621.0,3558.0,1480.0
6634.0,3558.0,1478.0
6634.0,3573.0,1478.0
6650.0,3573.0,1473.0
6650.0,3587.0,1473.0
6664.0,3587.0,1470.0
6664.0,3602.0,1470.0
6679.0,3602.0,1469.0
6679.0,3616.0,1469.0
6693.0,3616.0,1469.0
6693.0,3631.0,1469.0
6707.0,3631.0,1467.0
6722.0,3631.0,1465.0
6722.0,3645.0,1465.0
6724.0,3645.0,1464.0
6724.0,3647.0,1464.0
6724.0,3634.0,1464.0
6721.0,3634.0,1464.0
6721.0,3629.0,1464.0
6716.0,3629.0,1465.0
6716.0,3615.0,1465.0
6699.0,3615.0,1467.0
6699.0,3600.0,1467.0
6687.0,3600.0,1467.0
6671.0,3600.0,1467.0
6671.0,3585.0,1467.0
6671.0,3570.0,1467.0
6657.0,3570.0,1469.0
6657.0,3556.0,1469.0
6641.0,3556.0,1471.0
6641.0,3542.0,1471.0
6628.0,3542.0,1474.0
6628.0,3527.0,1474.0
6613.0,3527.0,1478.0
6599.0,3527.0,1482.0
6599.0,3512.0,1482.0
6599.0,3498.0,1482.0
6584.0,3498.0,1485.0
6584.0,3483.0,1485.0
6569.0,3483.0,1485.0
6569.0,3469.0,1485.0
6556.0,3469.0,1486.0
6556.0,3466.0,1486.0
6554.0,3466.0,1486.0
6554.0,3471.0,1486.0
6571.0,3471.0,1486.0
6571.0,3475.0,1486.0
6574.0,3475.0,1485.0
6574.0,3490.0,1485.0
6591.0,3490.0,1485.0
6591.0,3505.0,1485.0
6604.0,3505.0,1483.0
6604.0,3519.0,1483.0
6619.0,3519.0,1480.0
6619.0,3534.0,1480.0
6633.0,3534.0,1475.0
6633.0,3548.0,1475.0
6648.0,3548.0,1471.0
6648.0,3563.0,1471.0
6663.0,3563.0,1470.0
6663.0,3577.0,1470.0
6677.0,3577.0,1469.0
6677.0,3592.0,1469.0
6692.0,3592.0,1468.0
6692.0,3606.0,1468.0
6705.0,3606.0,1466.0
6705.0,3619.0,1466.0
6719.0,3619.0,1465.0
6719.0,3617.0,1465.0
6716.0,3617.0,1464.0
6716.0,3601.0,1464.0
6711.0,3601.0,1464.0
6711.0,3594.0,1464.0
6704.0,3594.0,1466.0
6704.0,3580.0,1466.0
6687.0,3580.0,1467.0
6687.0,3565.0,1467.0
6675.0,3565.0,1467.0
6675.0,3551.0,1467.0
6658.0,3551.0,1467.0
6658.0,3535.0,1467.0
6646.0,3535.0,1469.0
6646.0,3521.0,1469.0
6629.0,3521.0,1472.0
6629.0,3507.0,1472.0
6616.0,3507.0,1476.0
6616.0,3492.0,1476.0
6601.0,3492.0,1478.0
6601.0,3478.0,1478.0
6589.0,3478.0,1482.0
6589.0,3477.0,1482.0
6589.0,3477.0,1483.0
6589.0,3486.0,1483.0
6608.0,3486.0,1479.0
6608.0,3490.0,1479.0
6613.0,3490.0,1477.0
6613.0,3505.0,1477.0
6629.0,3505.0,1475.0
6643.0,3505.0,1472.0
6643.0,3520.0,1472.0
6643.0,3535.0,1472.0
6656.0,3535.0,1469.0
6656.0,3549.0,1469.0
6672.0,3549.0,1469.0
6672.0,3563.0,1469.0
6686.0,3563.0,1469.0
6686.0,3578.0,1469.0
6701.0,3578.0,1467.0
6701.0,3578.0,1467.0
6699.0,3578.0,1467.0
6699.0,3559.0,1467.0
6687.0,3559.0,1467.0
6687.0,3546.0,1467.0
6677.0,3546.0,1468.0
6677.0,3535.0,1468.0
6669.0,3535.0,1468.0
6669.0,3521.0,1468.0
6651.0,3521.0,1469.0
6651.0,3509.0,1469.0
6643.0,3509.0,1470.0
6643.0,3509.0,1470.0
6641.0,3509.0,1499.0
6641.0,3509.0,1499.0
6641.0,3509.0,1541.0
6641.0,3509.0,1541.0
6641.0,3509.0,1593.0
6641.0,3509.0,1593.0
6642.0,3509.0,1671.0
6642.0,3509.0,1671.0
6642.0,3509.0,1756.0
6642.0,3509.0,1756.0
6641.0,3509.0,1839.0
6641.0,3509.0,1839.0
6641.0,3509.0,1938.0
6641.0,3514.0,1938.0
6640.0,3514.0,1932.0
6640.0,3543.0,1932.0
6630.0,3543.0,1935.0
6630.0,3593.0,1935.0
6613.0,3593.0,1932.0
6613.0,3665.0,1932.0
6589.0,3665.0,1940.0
6564.0,3665.0,1962.0
6564.0,3742.0,1962.0
6564.0,3818.0,1962.0
6541.0,3818.0,1967.0
6541.0,3871.0,1967.0
6525.0,3871.0,1967.0
6525.0,3904.0,1967.0
6517.0,3904.0,1967.0
6517.0,3914.0,1967.0
6513.0,3914.0,1976.0
6513.0,3920.0,1976.0
6513.0,3920.0,1971.0
6513.0,3918.0,1971.0
6528.0,3918.0,1971.0
6528.0,3916.0,1971.0
6548.0,3916.0,1971.0
6548.0,3913.0,1971.0
6561.0,3913.0,1971.0
6561.0,3908.0,1971.0
6578.0,3908.0,1971.0
6578.0,3902.0,1971.0
6593.0,3902.0,1968.0
6593.0,3896.0,1968.0
6609.0,3896.0,1956.0
6609.0,3887.0,1956.0
6625.0,3887.0,1955.0
6625.0,3880.0,1955.0
6637.0,3880.0,1952.0
6637.0,3870.0,1952.0
6651.0,3870.0,1940.0
6651.0,3857.0,1940.0
6664.0,3857.0,1947.0
6664.0,3845.0,1947.0
6676.0,3845.0,1947.0
6689.0,3845.0,1930.0
6689.0,3831.0,1930.0
6689.0,3819.0,1930.0
6699.0,3819.0,1933.0
6699.0,3802.0,1933.0
6709.0,3802.0,1930.0
6709.0,3783.0,1930.0
6717.0,3783.0,1924.0
6721.0,3783.0,1923.0
6721.0,3772.0,1923.0
6721.0,3754.0,1923.0
6729.0,3754.0,1923.0
6732.0,3754.0,1923.0
6732.0,3740.0,1923.0
6736.0,3740.0,1923.0
6736.0,3719.0,1923.0
6736.0,3705.0,1923.0
6737.0,3705.0,1923.0
6737.0,3688.0,1923.0
6738.0,3688.0,1923.0
6738.0,3672.0,1923.0
6738.0,3672.0,1923.0
6738.0,3653.0,1923.0
6737.0,3653.0,1923.0
6737.0,3635.0,1923.0
6734.0,3635.0,1923.0
6734.0,3619.0,1923.0
6730.0,3619.0,1923.0
6730.0,3609.0,1923.0
6726.0,3609.0,1923.0
6726.0,3591.0,1923.0
6719.0,3591.0,1923.0
6719.0,3574.0,1923.0
6712.0,3574.0,1923.0
6712.0,3557.0,1923.0
6702.0,3557.0,1923.0
6702.0,3545.0,1923.0
6693.0,3545.0,1923.0
6693.0,3532.0,1923.0
6680.0,3532.0,1923.0
6680.0,3519.0,1923.0
6669.0,3519.0,1923.0
6669.0,3506.0,1923.0
6658.0,3506.0,1923.0
6658.0,3495.0,1923.0
6642.0,3495.0,1923.0
6642.0,3486.0,1923.0
6629.0,3486.0,1939.0
6629.0,3479.0,1939.0
6614.0,3479.0,1942.0
6614.0,3470.0,1942.0
6598.0,3470.0,1943.0
6598.0,3463.0,1943.0
6585.0,3463.0,1943.0
6585.0,3457.0,1943.0
6565.0,3457.0,1943.0
6565.0,3455.0,1943.0
6552.0,3455.0,1943.0
6552.0,3452.0,1943.0
6533.0,3452.0,1943.0
6517.0,3452.0,1951.0
6517.0,3450.0,1951.0
6517.0,3449.0,1951.0
6500.0,3449.0,1966.0
6500.0,3450.0,1966.0
6485.0,3450.0,1956.0
6485.0,3452.0,1956.0
6467.0,3452.0,1959.0
6467.0,3455.0,1959.0
6450.0,3455.0,1960.0
6450.0,3460.0,1960.0
6435.0,3460.0,1976.0
6435.0,3465.0,1976.0
6420.0,3465.0,1980.0
6420.0,3472.0,1980.0
6403.0,3472.0,1979.0
6403.0,3480.0,1979.0
6385.0,3480.0,1979.0
6385.0,3491.0,1979.0
6371.0,3491.0,1979.0
6371.0,3501.0,1979.0
6358.0,3501.0,1988.0
6358.0,3512.0,1988.0
6344.0,3512.0,2000.0
6344.0,3526.0,2000.0
6331.0,3526.0,1994.0
6331.0,3539.0,1994.0
6319.0,3539.0,2004.0
6319.0,3558.0,2004.0
6307.0,3558.0,2000.0
6307.0,3571.0,2000.0
6299.0,3571.0,2000.0
6299.0,3587.0,2000.0
6293.0,3587.0,2003.0
6285.0,3587.0,2007.0
6285.0,3600.0,2007.0
6285.0,3618.0,2007.0
6281.0,3618.0,2007.0
6281.0,3631.0,2007.0
6276.0,3631.0,2017.0
6276.0,3652.0,2017.0
6273.0,3652.0,2013.0
6273.0,3665.0,2013.0
6272.0,3665.0,2013.0
6272.0,3687.0,2013.0
6271.0,3687.0,2020.0
6271.0,3704.0,2020.0
6272.0,3704.0,2031.0
6272.0,3721.0,2031.0
6273.0,3721.0,2027.0
6273.0,3737.0,2027.0
6276.0,3737.0,2024.0
6276.0,3755.0,2024.0
6281.0,3755.0,2023.0
6281.0,3765.0,2023.0
6285.0,3765.0,2023.0
6285.0,3786.0,2023.0
6293.0,3786.0,2023.0
6293.0,3801.0,2023.0
6301.0,3801.0,2023.0
6301.0,3816.0,2023.0
6310.0,3816.0,2023.0
6310.0,3830.0,2023.0
6322.0,3830.0,2023.0
6322.0,3843.0,2023.0
6331.0,3843.0,2009.0
6331.0,3858.0,2009.0
6348.0,3858.0,2015.0
6348.0,3869.0,2015.0
6358.0,3869.0,2012.0
6358.0,3879.0,2012.0
6374.0,3879.0,2012.0
6374.0,3888.0,2012.0
6387.0,3888.0,2013.0
6387.0,3896.0,2013.0
6405.0,3896.0,2007.0
6405.0,3904.0,2007.0
6418.0,3904.0,2000.0
6418.0,3910.0,2000.0
6437.0,3910.0,2000.0
6437.0,3913.0,2000.0
6452.0,3913.0,1994.0
6452.0,3916.0,1994.0
6470.0,3916.0,1982.0
6470.0,3919.0,1982.0
6485.0,3919.0,1979.0
6485.0,3920.0,1979.0
6501.0,3920.0,1980.0
6513.0,3920.0,1980.0
6513.0,3919.0,1980.0
6512.0,3919.0,1980.0
6512.0,3927.0,1980.0
6512.0,3927.0,1980.0
6518.0,3927.0,1980.0
6518.0,3926.0,1980.0
6537.0,3926.0,1967.0
6537.0,3923.0,1967.0
6553.0,3923.0,1972.0
6553.0,3920.0,1972.0
6569.0,3920.0,1973.0
6587.0,3920.0,1970.0
6587.0,3914.0,1970.0
6601.0,3914.0,1954.0
6601.0,3908.0,1954.0
6601.0,3901.0,1954.0
6617.0,3901.0,1957.0
6617.0,3892.0,1957.0
6633.0,3892.0,1953.0
6633.0,3882.0,1953.0
6647.0,3882.0,1939.0
6647.0,3870.0,1939.0
6664.0,3870.0,1940.0
6664.0,3858.0,1940.0
6675.0,3858.0,1939.0
6675.0,3848.0,1939.0
6687.0,3848.0,1939.0
6687.0,3831.0,1939.0
6697.0,3831.0,1936.0
6697.0,3818.0,1936.0
6708.0,3818.0,1923.0
6708.0,3801.0,1923.0
6717.0,3801.0,1921.0
6717.0,3787.0,1921.0
6725.0,3787.0,1925.0
6725.0,3770.0,1925.0
6731.0,3770.0,1925.0
6731.0,3755.0,1925.0
6737.0,3755.0,1925.0
6737.0,3738.0,1925.0
6740.0,3738.0,1925.0
6740.0,3721.0,1925.0
6745.0,3721.0,1925.0
6745.0,3706.0,1925.0
6745.0,3706.0,1925.0
6745.0,3689.0,1925.0
6746.0,3689.0,1919.0
6746.0,3689.0,1914.0
6746.0,3674.0,1914.0
6746.0,3659.0,1914.0
6745.0,3659.0,1914.0
6745.0,3642.0,1914.0
6743.0,3642.0,1914.0
6743.0,3623.0,1914.0
6739.0,3623.0,1915.0
6739.0,3606.0,1915.0
6734.0,3606.0,1915.0
6734.0,3589.0,1915.0
6728.0,3589.0,1915.0
6728.0,3578.0,1915.0
6721.0,3578.0,1915.0
6721.0,3562.0,1915.0
6713.0,3562.0,1915.0
6713.0,3545.0,1915.0
6703.0,3545.0,1915.0
6703.0,3530.0,1915.0
6692.0,3530.0,1915.0
6692.0,3518.0,1915.0
6681.0,3518.0,1915.0
6681.0,3507.0,1915.0
6668.0,3507.0,1917.0
6668.0,3497.0,1917.0
6657.0,3497.0,1927.0
6657.0,3484.0,1927.0
6641.0,3484.0,1930.0
6627.0,3484.0,1931.0
6627.0,3475.0,1931.0
6627.0,3467.0,1931.0
6610.0,3467.0,1931.0
6594.0,3467.0,1932.0
6594.0,3460.0,1932.0
6594.0,3454.0,1932.0
6581.0,3454.0,1941.0
6581.0,3449.0,1941.0
6562.0,3449.0,1942.0
6562.0,3445.0,1942.0
6544.0,3445.0,1942.0
6544.0,3443.0,1942.0
6529.0,3443.0,1957.0
6529.0,3442.0,1957.0
6512.0,3442.0,1954.0
6512.0,3442.0,1954.0
6495.0,3442.0,1966.0
6495.0,3443.0,1966.0
6478.0,3443.0,1969.0
6478.0,3445.0,1969.0
6461.0,3445.0,1969.0
6461.0,3448.0,1969.0
6445.0,3448.0,1969.0
6445.0,3453.0,1969.0
6427.0,3453.0,1969.0
6427.0,3458.0,1969.0
6416.0,3458.0,1984.0
6416.0,3465.0,1984.0
6396.0,3465.0,1980.0
6396.0,3474.0,1980.0
6381.0,3474.0,1987.0
6381.0,3484.0,1987.0
6366.0,3484.0,1987.0
6366.0,3495.0,1987.0
6351.0,3495.0,1987.0
6351.0,3506.0,1987.0
6340.0,3506.0,2003.0
6340.0,3518.0,2003.0
6327.0,3518.0,2004.0
6327.0,3531.0,2004.0
6316.0,3531.0,1999.0
6316.0,3547.0,1999.0
6303.0,3547.0,2002.0
6303.0,3563.0,2002.0
6296.0,3563.0,2002.0
6296.0,3576.0,2002.0
6289.0,3576.0,2002.0
6289.0,3591.0,2002.0
6281.0,3591.0,2010.0
6281.0,3605.0,2010.0
6276.0,3605.0,2017.0
6276.0,3620.0,2017.0
6271.0,3620.0,2012.0
6271.0,3638.0,2012.0
6267.0,3638.0,2012.0
6267.0,3655.0,2012.0
6265.0,3655.0,2025.0
6264.0,3655.0,2017.0
6264.0,3671.0,2017.0
6263.0,3671.0,2025.0
6263.0,3689.0,2025.0
6263.0,3703.0,2025.0
6264.0,3703.0,2020.0
6264.0,3723.0,2020.0
6265.0,3723.0,2020.0
6265.0,3740.0,2020.0
6269.0,3740.0,2021.0
6269.0,3754.0,2021.0
6273.0,3754.0,2021.0
6273.0,3766.0,2021.0
6277.0,3766.0,2021.0
6277.0,3784.0,2021.0
6283.0,3784.0,2021.0
6283.0,3799.0,2021.0
6291.0,3799.0,2021.0
6291.0,3812.0,2021.0
6299.0,3812.0,2021.0
6299.0,3829.0,2021.0
6311.0,3829.0,2021.0
6311.0,3841.0,2021.0
6319.0,3841.0,2021.0
6319.0,3855.0,2021.0
6333.0,3855.0,2008.0
6333.0,3869.0,2008.0
6346.0,3869.0,2014.0
6346.0,3880.0,2014.0
6362.0,3880.0,2006.0
6362.0,3889.0,2006.0
6373.0,3889.0,2006.0
6373.0,3899.0,2006.0
6390.0,3899.0,2006.0
6390.0,3906.0,2006.0
6402.0,3906.0,2006.0
6402.0,3912.0,2006.0
6421.0,3912.0,2006.0
6421.0,3918.0,2006.0
6435.0,3918.0,1989.0
6435.0,3922.0,1989.0
6453.0,3922.0,1989.0
6453.0,3925.0,1989.0
6467.0,3925.0,1989.0
6467.0,3927.0,1989.0
6487.0,3927.0,1989.0
6487.0,3928.0,1989.0
6503.0,3928.0,1989.0
6503.0,3927.0,1989.0
6515.0,3927.0,1975.0
6515.0,3927.0,1975.0
6516.0,3927.0,1978.0
6516.0,3915.0,1978.0
6514.0,3915.0,1978.0
6514.0,3913.0,1978.0
6509.0,3913.0,1977.0
6509.0,3912.0,1977.0
6493.0,3912.0,1977.0
6493.0,3911.0,1977.0
6477.0,3911.0,1977.0
6477.0,3908.0,1977.0
6463.0,3908.0,1977.0
6463.0,3905.0,1977.0
6444.0,3905.0,1985.0
6444.0,3900.0,1985.0
6431.0,3900.0,1986.0
6431.0,3895.0,1986.0
6411.0,3895.0,2003.0
6411.0,3886.0,2003.0
6399.0,3886.0,2003.0
6399.0,3878.0,2003.0
6382.0,3878.0,2003.0
6382.0,3868.0,2003.0
6369.0,3868.0,2003.0
6369.0,3856.0,2003.0
6353.0,3856.0,2003.0
6353.0,3844.0,2003.0
6342.0,3844.0,2003.0
6342.0,3829.0,2003.0
6329.0,3829.0,2017.0
6329.0,3817.0,2017.0
6320.0,3817.0,2015.0
6320.0,3800.0,2015.0
6308.0,3800.0,2015.0
6302.0,3800.0,2015.0
6302.0,3785.0,2015.0
6302.0,3773.0,2015.0
6294.0,3773.0,2016.0
6294.0,3757.0,2016.0
6291.0,3757.0,2016.0
6291.0,3740.0,2016.0
6286.0,3740.0,2016.0
6286.0,3724.0,2016.0
6282.0,3724.0,2016.0
6282.0,3710.0,2016.0
6280.0,3710.0,2016.0
6280.0,3695.0,2016.0
6279.0,3695.0,2016.0
6279.0,3675.0,2016.0
6279.0,3675.0,2016.0
6279.0,3656.0,2016.0
6280.0,3656.0,2016.0
6280.0,3642.0,2016.0
6281.0,3642.0,2016.0
6281.0,3626.0,2016.0
6286.0,3626.0,2016.0
6286.0,3612.0,2016.0
6290.0,3612.0,2016.0
6290.0,3596.0,2016.0
6296.0,3596.0,2016.0
6296.0,3579.0,2016.0
6303.0,3579.0,2016.0
6303.0,3567.0,2016.0
6311.0,3567.0,2016.0
6311.0,3552.0,2016.0
6321.0,3552.0,2003.0
6333.0,3552.0,2000.0
6333.0,3538.0,2000.0
6333.0,3524.0,2000.0
6345.0,3524.0,2001.0
6345.0,3511.0,2001.0
6359.0,3511.0,1988.0
6359.0,3501.0,1988.0
6372.0,3501.0,1980.0
6372.0,3491.0,1980.0
6386.0,3491.0,1994.0
6400.0,3491.0,1993.0
6400.0,3483.0,1993.0
6400.0,3475.0,1993.0
6418.0,3475.0,1978.0
6418.0,3469.0,1978.0
6433.0,3469.0,1973.0
6433.0,3464.0,1973.0
6450.0,3464.0,1974.0
6450.0,3461.0,1974.0
6463.0,3461.0,1975.0
6463.0,3459.0,1975.0
6485.0,3459.0,1961.0
6485.0,3458.0,1961.0
6497.0,3458.0,1959.0
6497.0,3457.0,1959.0
6515.0,3457.0,1960.0
6515.0,3459.0,1960.0
6533.0,3459.0,1960.0
6533.0,3461.0,1960.0
6546.0,3461.0,1945.0
6546.0,3465.0,1945.0
6565.0,3465.0,1946.0
6565.0,3470.0,1946.0
6579.0,3470.0,1946.0
6579.0,3476.0,1946.0
6596.0,3476.0,1946.0
6596.0,3483.0,1946.0
6611.0,3483.0,1946.0
6611.0,3491.0,1946.0
6625.0,3491.0,1930.0
6625.0,3501.0,1930.0
6637.0,3501.0,1930.0
6653.0,3501.0,1930.0
6653.0,3512.0,1930.0
6653.0,3523.0,1930.0
6664.0,3523.0,1922.0
6664.0,3534.0,1922.0
6675.0,3534.0,1929.0
6675.0,3548.0,1929.0
6686.0,3548.0,1916.0
6686.0,3564.0,1916.0
6697.0,3564.0,1916.0
6697.0,3579.0,1916.0
6705.0,3579.0,1917.0
6705.0,3592.0,1917.0
6713.0,3592.0,1917.0
6713.0,3610.0,1917.0
6719.0,3610.0,1917.0
6719.0,3623.0,1917.0
6722.0,3623.0,1917.0
6722.0,3639.0,1917.0
6726.0,3639.0,1917.0
6726.0,3655.0,1917.0
6729.0,3655.0,1917.0
6729.0,3675.0,1917.0
6730.0,3675.0,1917.0
6730.0,3691.0,1917.0
6731.0,3691.0,1917.0
6730.0,3691.0,1917.0
6730.0,3706.0,1917.0
6730.0,3721.0,1917.0
6728.0,3721.0,1917.0
6728.0,3740.0,1917.0
6725.0,3740.0,1917.0
6725.0,3756.0,1917.0
6720.0,3756.0,1917.0
6720.0,3773.0,1917.0
6714.0,3773.0,1917.0
6714.0,3782.0,1917.0
6709.0,3782.0,1920.0
6699.0,3782.0,1930.0
6699.0,3800.0,1930.0
6699.0,3816.0,1930.0
6690.0,3816.0,1934.0
6680.0,3816.0,1934.0
6680.0,3831.0,1934.0
6680.0,3842.0,1934.0
6667.0,3842.0,1934.0
6656.0,3842.0,1934.0
6656.0,3853.0,1934.0
6656.0,3864.0,1934.0
6643.0,3864.0,1935.0
6643.0,3876.0,1935.0
6626.0,3876.0,1943.0
6626.0,3882.0,1943.0
6617.0,3882.0,1945.0
6617.0,3891.0,1945.0
6597.0,3891.0,1958.0
6597.0,3897.0,1958.0
6585.0,3897.0,1967.0
6585.0,3903.0,1967.0
6568.0,3903.0,1967.0
6568.0,3906.0,1967.0
6553.0,3906.0,1967.0
6553.0,3909.0,1967.0
6537.0,3909.0,1967.0
6537.0,3911.0,1967.0
6519.0,3911.0,1967.0
6519.0,3912.0,1967.0
6513.0,3912.0,1979.0
6513.0,3906.0,1979.0
6524.0,3906.0,1975.0
6524.0,3887.0,1975.0
6559.0,3887.0,1974.0
6559.0,3855.0,1974.0
6612.0,3855.0,1957.0
6663.0,3855.0,1937.0
6663.0,3825.0,1937.0
6663.0,3807.0,1937.0
6686.0,3807.0,1938.0
6686.0,3802.0,1938.0
6697.0,3802.0,1930.0
6697.0,3811.0,1930.0
6683.0,3811.0,1936.0
6683.0,3825.0,1936.0
6670.0,3825.0,1938.0
6670.0,3840.0,1938.0
6654.0,3840.0,1938.0
6654.0,3854.0,1938.0
6642.0,3854.0,1938.0
6642.0,3869.0,1938.0
6626.0,3869.0,1938.0
6626.0,3877.0,1938.0
6619.0,3877.0,1953.0
6619.0,3882.0,1953.0
6609.0,3882.0,1948.0
6609.0,3888.0,1948.0
6594.0,3888.0,1958.0
6609.0,3888.0,1957.0
6609.0,3880.0,1957.0
6619.0,3880.0,1949.0
6619.0,3866.0,1949.0
6619.0,3851.0,1949.0
6637.0,3851.0,1942.0
6637.0,3836.0,1942.0
6649.0,3836.0,1944.0
6649.0,3822.0,1944.0
6665.0,3822.0,1944.0
6665.0,3807.0,1944.0
6678.0,3807.0,1944.0
6678.0,3793.0,1944.0
6694.0,3793.0,1939.0
6694.0,3778.0,1939.0
6706.0,3778.0,1925.0
6706.0,3775.0,1925.0
6709.0,3775.0,1926.0
6709.0,3759.0,1926.0
6714.0,3759.0,1930.0
6714.0,3761.0,1930.0
6711.0,3761.0,1926.0
6711.0,3776.0,1926.0
6695.0,3776.0,1934.0
6695.0,3791.0,1934.0
6682.0,3791.0,1936.0
6682.0,3805.0,1936.0
6666.0,3805.0,1936.0
6666.0,3819.0,1936.0
6653.0,3819.0,1936.0
6653.0,3834.0,1936.0
6638.0,3834.0,1936.0
6638.0,3849.0,1936.0
6625.0,3849.0,1949.0
6625.0,3863.0,1949.0
6609.0,3863.0,1959.0
6609.0,3877.0,1959.0
6595.0,3877.0,1965.0
6595.0,3892.0,1965.0
6580.0,3892.0,1954.0
6580.0,3897.0,1954.0
6575.0,3897.0,1956.0
6575.0,3900.0,1956.0
6563.0,3900.0,1956.0
6563.0,3898.0,1956.0
6564.0,3898.0,1956.0
6564.0,3883.0,1956.0
6582.0,3883.0,1956.0
6582.0,3869.0,1956.0
6593.0,3869.0,1957.0
6593.0,3854.0,1957.0
6611.0,3854.0,1957.0
6611.0,3840.0,1957.0
6621.0,3840.0,1951.0
6621.0,3826.0,1951.0
6639.0,3826.0,1939.0
6639.0,3811.0,1939.0
6651.0,3811.0,1935.0
6651.0,3796.0,1935.0
6668.0,3796.0,1936.0
6668.0,3781.0,1936.0
6681.0,3781.0,1936.0
6681.0,3767.0,1936.0
6697.0,3767.0,1933.0
6697.0,3752.0,1933.0
6709.0,3752.0,1929.0
6709.0,3742.0,1929.0
6721.0,3742.0,1926.0
6721.0,3734.0,1926.0
6720.0,3734.0,1925.0
6720.0,3727.0,1925.0
6724.0,3727.0,1925.0
6724.0,3739.0,1925.0
6709.0,3739.0,1926.0
6709.0,3753.0,1926.0
6696.0,3753.0,1926.0
6696.0,3768.0,1926.0
6681.0,3768.0,1926.0
6681.0,3783.0,1926.0
6666.0,3783.0,1940.0
6666.0,3797.0,1940.0
6652.0,3797.0,1939.0
6652.0,3812.0,1939.0
6637.0,3812.0,1939.0
6637.0,3826.0,1939.0
6623.0,3826.0,1939.0
6623.0,3841.0,1939.0
6608.0,3841.0,1950.0
6608.0,3855.0,1950.0
6593.0,3855.0,1959.0
6593.0,3870.0,1959.0
6579.0,3870.0,1960.0
6579.0,3885.0,1960.0
6565.0,3885.0,1960.0
6565.0,3900.0,1960.0
6550.0,3900.0,1960.0
6545.0,3900.0,1960.0
6545.0,3904.0,1960.0
6545.0,3906.0,1960.0
6534.0,3906.0,1973.0
6534.0,3902.0,1973.0
6537.0,3902.0,1970.0
6537.0,3887.0,1970.0
6555.0,3887.0,1967.0
6555.0,3872.0,1967.0
6566.0,3872.0,1967.0
6566.0,3858.0,1967.0
6584.0,3858.0,1967.0
6595.0,3858.0,1964.0
6595.0,3844.0,1964.0
6595.0,3829.0,1964.0
6613.0,3829.0,1955.0
6613.0,3814.0,1955.0
6624.0,3814.0,1941.0
6624.0,3800.0,1941.0
6641.0,3800.0,1938.0
6641.0,3785.0,1938.0
6654.0,3785.0,1938.0
6654.0,3771.0,1938.0
6670.0,3771.0,1938.0
6670.0,3756.0,1938.0
6683.0,3756.0,1938.0
6683.0,3742.0,1938.0
6699.0,3742.0,1923.0
6699.0,3727.0,1923.0
6712.0,3727.0,1925.0
6712.0,3714.0,1925.0
6725.0,3714.0,1925.0
6725.0,3710.0,1925.0
6725.0,3710.0,1925.0
6725.0,3701.0,1925.0
6726.0,3701.0,1925.0
6726.0,3711.0,1925.0
6715.0,3711.0,1925.0
6715.0,3725.0,1925.0
6700.0,3725.0,1925.0
6700.0,3740.0,1925.0
6686.0,3740.0,1924.0
6686.0,3756.0,1924.0
6671.0,3756.0,1931.0
6671.0,3770.0,1931.0
6657.0,3770.0,1944.0
6657.0,3784.0,1944.0
6642.0,3784.0,1936.0
6642.0,3798.0,1936.0
6628.0,3798.0,1936.0
6628.0,3813.0,1936.0
6613.0,3813.0,1953.0
6613.0,3828.0,1953.0
6599.0,3828.0,1949.0
6599.0,3843.0,1949.0
6584.0,3843.0,1962.0
6584.0,3857.0,1962.0
6570.0,3857.0,1956.0
6570.0,3871.0,1956.0
6555.0,3871.0,1959.0
6555.0,3886.0,1959.0
6541.0,3886.0,1959.0
6541.0,3900.0,1959.0
6525.0,3900.0,1972.0
6525.0,3907.0,1972.0
6520.0,3907.0,1968.0
6520.0,3908.0,1968.0
6510.0,3908.0,1980.0
6510.0,3904.0,1980.0
6512.0,3904.0,1970.0
6530.0,3904.0,1976.0
6530.0,3889.0,1976.0
6530.0,3874.0,1976.0
6541.0,3874.0,1975.0
6541.0,3860.0,1975.0
6559.0,3860.0,1970.0
6559.0,3846.0,1970.0
6570.0,3846.0,1969.0
6570.0,3831.0,1969.0
6587.0,3831.0,1969.0
6587.0,3817.0,1969.0
6599.0,3817.0,1958.0
6599.0,3802.0,1958.0
6616.0,3802.0,1949.0
6616.0,3788.0,1949.0
6629.0,3788.0,1936.0
6629.0,3773.0,1936.0
6645.0,3773.0,1939.0
6645.0,3759.0,1939.0
6658.0,3759.0,1939.0
6658.0,3744.0,1939.0
6674.0,3744.0,1939.0
6674.0,3729.0,1939.0
6688.0,3729.0,1925.0
6688.0,3715.0,1925.0
6703.0,3715.0,1930.0
6703.0,3700.0,1930.0
6717.0,3700.0,1925.0
6717.0,3689.0,1925.0
6728.0,3689.0,1925.0
6728.0,3683.0,1925.0
6726.0,3683.0,1925.0
6726.0,3679.0,1925.0
6726.0,3679.0,1926.0
6726.0,3691.0,1926.0
6712.0,3691.0,1926.0
6712.0,3705.0,1926.0
6698.0,3705.0,1926.0
6698.0,3720.0,1926.0
6684.0,3720.0,1926.0
6684.0,3735.0,1926.0
6669.0,3735.0,1942.0
6669.0,3749.0,1942.0
6655.0,3749.0,1935.0
6655.0,3764.0,1935.0
6640.0,3764.0,1938.0
6640.0,3778.0,1938.0
6626.0,3778.0,1938.0
6626.0,3792.0,1938.0
6611.0,3792.0,1945.0
6611.0,3807.0,1945.0
6596.0,3807.0,1955.0
6596.0,3822.0,1955.0
6582.0,3822.0,1955.0
6582.0,3836.0,1955.0
6568.0,3836.0,1955.0
6568.0,3851.0,1955.0
6553.0,3851.0,1955.0
6553.0,3865.0,1955.0
6538.0,3865.0,1965.0
6538.0,3880.0,1965.0
6524.0,3880.0,1967.0
6509.0,3880.0,1980.0
6509.0,3895.0,1980.0
6509.0,3908.0,1980.0
6497.0,3908.0,1981.0
6497.0,3908.0,1981.0
6493.0,3908.0,1984.0
6493.0,3907.0,1984.0
6485.0,3907.0,1978.0
6485.0,3895.0,1978.0
6501.0,3895.0,1978.0
6501.0,3881.0,1978.0
6513.0,3881.0,1978.0
6513.0,3866.0,1978.0
6529.0,3866.0,1976.0
6529.0,3851.0,1976.0
6543.0,3851.0,1973.0
6543.0,3837.0,1973.0
6557.0,3837.0,1973.0
6557.0,3823.0,1973.0
6572.0,3823.0,1972.0
6572.0,3808.0,1972.0
6587.0,3808.0,1954.0
6587.0,3793.0,1954.0
6601.0,3793.0,1949.0
6601.0,3779.0,1949.0
6616.0,3779.0,1949.0
6616.0,3764.0,1949.0
6630.0,3764.0,1949.0
6630.0,3749.0,1949.0
6644.0,3749.0,1949.0
6644.0,3735.0,1949.0
6659.0,3735.0,1936.0
6659.0,3720.0,1936.0
6674.0,3720.0,1933.0
6674.0,3706.0,1933.0
6689.0,3706.0,1933.0
6689.0,3691.0,1933.0
6702.0,3691.0,1920.0
6702.0,3677.0,1920.0
6717.0,3677.0,1927.0
6717.0,3667.0,1927.0
6727.0,3667.0,1926.0
6727.0,3659.0,1926.0
6725.0,3659.0,1926.0
6725.0,3659.0,1926.0
6723.0,3659.0,1926.0
6723.0,3673.0,1926.0
6708.0,3673.0,1926.0
6694.0,3673.0,1926.0
6694.0,3687.0,1926.0
6679.0,3687.0,1926.0
6679.0,3701.0,1926.0
6665.0,3701.0,1942.0
6665.0,3716.0,1942.0
6665.0,3730.0,1942.0
6651.0,3730.0,1933.0
6651.0,3745.0,1933.0
6636.0,3745.0,1935.0
6621.0,3745.0,1935.0
6621.0,3759.0,1935.0
6621.0,3773.0,1935.0
6607.0,3773.0,1953.0
6607.0,3788.0,1953.0
6593.0,3788.0,1955.0
6593.0,3803.0,1955.0
6578.0,3803.0,1955.0
6578.0,3817.0,1955.0
6563.0,3817.0,1955.0
6563.0,3832.0,1955.0
6548.0,3832.0,1955.0
6548.0,3847.0,1955.0
6534.0,3847.0,1965.0
6534.0,3861.0,1965.0
6520.0,3861.0,1968.0
6520.0,3876.0,1968.0
6505.0,3876.0,1983.0
6505.0,3890.0,1983.0
6490.0,3890.0,1974.0
6490.0,3904.0,1974.0
6477.0,3904.0,1982.0
6477.0,3906.0,1982.0
6473.0,3906.0,1984.0
6473.0,3905.0,1984.0
6465.0,3905.0,1984.0
6465.0,3894.0,1984.0
6478.0,3894.0,1984.0
6478.0,3880.0,1984.0
6492.0,3880.0,1984.0
6492.0,3865.0,1984.0
6507.0,3865.0,1982.0
6507.0,3850.0,1982.0
6521.0,3850.0,1967.0
6521.0,3836.0,1967.0
6535.0,3836.0,1974.0
6535.0,3821.0,1974.0
6550.0,3821.0,1973.0
6550.0,3807.0,1973.0
6565.0,3807.0,1968.0
6565.0,3792.0,1968.0
6579.0,3792.0,1965.0
6579.0,3778.0,1965.0
6593.0,3778.0,1946.0
6593.0,3763.0,1946.0
6609.0,3763.0,1950.0
6609.0,3749.0,1950.0
6622.0,3749.0,1943.0
6622.0,3734.0,1943.0
6637.0,3734.0,1942.0
6637.0,3719.0,1942.0
6651.0,3719.0,1942.0
6651.0,3705.0,1942.0
6667.0,3705.0,1942.0
6667.0,3691.0,1942.0
6681.0,3691.0,1935.0
6681.0,3676.0,1935.0
6696.0,3676.0,1926.0
6696.0,3661.0,1926.0
6709.0,3661.0,1927.0
6709.0,3648.0,1927.0
6723.0,3648.0,1927.0
6723.0,3644.0,1927.0
6723.0,3644.0,1927.0
6723.0,3637.0,1927.0
6721.0,3637.0,1927.0
6721.0,3648.0,1927.0
6709.0,3648.0,1927.0
6709.0,3663.0,1927.0
6693.0,3663.0,1927.0
6693.0,3678.0,1927.0
6681.0,3678.0,1927.0
6681.0,3693.0,1927.0
6665.0,3693.0,1930.0
6665.0,3707.0,1930.0
6652.0,3707.0,1938.0
6652.0,3721.0,1938.0
6636.0,3721.0,1939.0
6636.0,3736.0,1939.0
6622.0,3736.0,1939.0
6622.0,3750.0,1939.0
6606.0,3750.0,1939.0
6606.0,3765.0,1939.0
6593.0,3765.0,1950.0
6593.0,3780.0,1950.0
6578.0,3780.0,1962.0
6564.0,3780.0,1956.0
6564.0,3794.0,1956.0
6564.0,3809.0,1956.0
6549.0,3809.0,1962.0
6549.0,3823.0,1962.0
6534.0,3823.0,1962.0
6534.0,3838.0,1962.0
6520.0,3838.0,1962.0
6520.0,3852.0,1962.0
6506.0,3852.0,1976.0
6506.0,3867.0,1976.0
6491.0,3867.0,1974.0
6491.0,3882.0,1974.0
6477.0,3882.0,1980.0
6477.0,3896.0,1980.0
6462.0,3896.0,1981.0
6462.0,3903.0,1981.0
6456.0,3903.0,1981.0
6456.0,3900.0,1981.0
6449.0,3900.0,1981.0
6449.0,3895.0,1981.0
6453.0,3895.0,1981.0
6453.0,3880.0,1981.0
6471.0,3880.0,1981.0
6471.0,3865.0,1981.0
6482.0,3865.0,1981.0
6482.0,3850.0,1981.0
6500.0,3850.0,1981.0
6500.0,3836.0,1981.0
6512.0,3836.0,1981.0
6512.0,3822.0,1981.0
6528.0,3822.0,1972.0
6540.0,3822.0,1966.0
6540.0,3807.0,1966.0
6540.0,3793.0,1966.0
6557.0,3793.0,1962.0
6557.0,3778.0,1962.0
6570.0,3778.0,1963.0
6570.0,3763.0,1963.0
6586.0,3763.0,1963.0
6586.0,3749.0,1963.0
6599.0,3749.0,1951.0
6599.0,3735.0,1951.0
6614.0,3735.0,1937.0
6614.0,3720.0,1937.0
6628.0,3720.0,1939.0
6628.0,3705.0,1939.0
6644.0,3705.0,1940.0
6658.0,3705.0,1940.0
6658.0,3691.0,1940.0
6658.0,3676.0,1940.0
6673.0,3676.0,1924.0
6673.0,3662.0,1924.0
6687.0,3662.0,1925.0
6687.0,3647.0,1925.0
6701.0,3647.0,1916.0
6701.0,3633.0,1916.0
6716.0,3633.0,1916.0
6716.0,3628.0,1916.0
6721.0,3628.0,1917.0
6721.0,3618.0,1917.0
6717.0,3618.0,1917.0
6717.0,3626.0,1917.0
6710.0,3626.0,1917.0
6710.0,3641.0,1917.0
6693.0,3641.0,1917.0
6693.0,3655.0,1917.0
6681.0,3655.0,1931.0
6681.0,3670.0,1931.0
6665.0,3670.0,1934.0
6665.0,3684.0,1934.0
6652.0,3684.0,1937.0
6652.0,3698.0,1937.0
6636.0,3698.0,1938.0
6636.0,3713.0,1938.0
6623.0,3713.0,1937.0
6607.0,3713.0,1937.0
6607.0,3727.0,1937.0
6607.0,3742.0,1937.0
6593.0,3742.0,1949.0
6593.0,3757.0,1949.0
6578.0,3757.0,1955.0
6578.0,3771.0,1955.0
6564.0,3771.0,1968.0
6564.0,3785.0,1968.0
6549.0,3785.0,1963.0
6549.0,3800.0,1963.0
6535.0,3800.0,1962.0
6535.0,3815.0,1962.0
6520.0,3815.0,1962.0
6520.0,3829.0,1962.0
6505.0,3829.0,1977.0
6505.0,3844.0,1977.0
6491.0,3844.0,1974.0
6491.0,3858.0,1974.0
6477.0,3858.0,1980.0
6477.0,3873.0,1980.0
6462.0,3873.0,1981.0
6462.0,3888.0,1981.0
6448.0,3888.0,1981.0
6448.0,3898.0,1981.0
6437.0,3898.0,1981.0
6437.0,3896.0,1981.0
6432.0,3896.0,1998.0
6432.0,3892.0,1998.0
6432.0,3892.0,1991.0
6432.0,3877.0,1991.0
6451.0,3877.0,1989.0
6451.0,3863.0,1989.0
6461.0,3863.0,1990.0
6461.0,3848.0,1990.0
6480.0,3848.0,1990.0
6480.0,3834.0,1990.0
6491.0,3834.0,1983.0
6491.0,3819.0,1983.0
6508.0,3819.0,1977.0
6508.0,3805.0,1977.0
6520.0,3805.0,1975.0
6520.0,3790.0,1975.0
6537.0,3790.0,1973.0
6537.0,3775.0,1973.0
6549.0,3775.0,1972.0
6549.0,3761.0,1972.0
6565.0,3761.0,1969.0
6565.0,3747.0,1969.0
6579.0,3747.0,1949.0
6579.0,3732.0,1949.0
6594.0,3732.0,1954.0
6594.0,3717.0,1954.0
6608.0,3717.0,1948.0
6608.0,3703.0,1948.0
6623.0,3703.0,1937.0
6623.0,3689.0,1937.0
6637.0,3689.0,1936.0
6637.0,3674.0,1936.0
6652.0,3674.0,1936.0
6652.0,3659.0,1936.0
6666.0,3659.0,1936.0
6666.0,3645.0,1936.0
6681.0,3645.0,1922.0
6681.0,3631.0,1922.0
6696.0,3631.0,1928.0
6696.0,3616.0,1928.0
6696.0,3610.0,1928.0
6710.0,3610.0,1925.0
6715.0,3610.0,1925.0
6715.0,3601.0,1925.0
6710.0,3601.0,1926.0
6710.0,3611.0,1926.0
6704.0,3611.0,1926.0
6704.0,3625.0,1926.0
6686.0,3625.0,1926.0
6686.0,3639.0,1926.0
6674.0,3639.0,1926.0
6674.0,3653.0,1926.0
6657.0,3653.0,1928.0
6657.0,3668.0,1928.0
6645.0,3668.0,1934.0
6645.0,3683.0,1934.0
6629.0,3683.0,1937.0
6629.0,3697.0,1937.0
6616.0,3697.0,1940.0
6616.0,3712.0,1940.0
6600.0,3712.0,1940.0
6600.0,3726.0,1940.0
6587.0,3726.0,1956.0
6587.0,3741.0,1956.0
6571.0,3741.0,1964.0
6571.0,3755.0,1964.0
6557.0,3755.0,1955.0
6557.0,3769.0,1955.0
6542.0,3769.0,1963.0
6542.0,3784.0,1963.0
6528.0,3784.0,1964.0
6528.0,3799.0,1964.0
6513.0,3799.0,1964.0
6513.0,3814.0,1964.0
6499.0,3814.0,1970.0
6499.0,3828.0,1970.0
6485.0,3828.0,1974.0
6485.0,3843.0,1974.0
6470.0,3843.0,1980.0
6470.0,3857.0,1980.0
6455.0,3857.0,1981.0
6455.0,3872.0,1981.0
6441.0,3872.0,1981.0
6441.0,3886.0,1981.0
6426.0,3886.0,1994.0
6426.0,3892.0,1994.0
6421.0,3892.0,1998.0
6421.0,3888.0,1998.0
6414.0,3888.0,1998.0
6414.0,3881.0,1998.0
6421.0,3881.0,1998.0
6421.0,3867.0,1998.0
6438.0,3867.0,1992.0
6438.0,3852.0,1992.0
6450.0,3852.0,1995.0
6450.0,3837.0,1995.0
6467.0,3837.0,1990.0
6467.0,3823.0,1990.0
6479.0,3823.0,1990.0
6479.0,3808.0,1990.0
6496.0,3808.0,1978.0
6496.0,3794.0,1978.0
6508.0,3794.0,1966.0
6508.0,3779.0,1966.0
6525.0,3779.0,1970.0
6525.0,3765.0,1970.0
6538.0,3765.0,1958.0
6538.0,3750.0,1958.0
6553.0,3750.0,1958.0
6553.0,3736.0,1958.0
6567.0,3736.0,1958.0
6567.0,3721.0,1958.0
6582.0,3721.0,1958.0
6582.0,3706.0,1958.0
6596.0,3706.0,1945.0
6596.0,3692.0,1945.0
6612.0,3692.0,1950.0
6612.0,3678.0,1950.0
6625.0,3678.0,1936.0
6625.0,3663.0,1936.0
6640.0,3663.0,1936.0
6640.0,3648.0,1936.0
6654.0,3648.0,1936.0
6654.0,3634.0,1936.0
6669.0,3634.0,1934.0
6669.0,3620.0,1934.0
6684.0,3620.0,1922.0
6684.0,3605.0,1922.0
6698.0,3605.0,1923.0
6698.0,3594.0,1923.0
6708.0,3594.0,1923.0
6708.0,3588.0,1923.0
6704.0,3588.0,1923.0
6704.0,3590.0,1923.0
6701.0,3590.0,1923.0
6701.0,3605.0,1923.0
6685.0,3605.0,1923.0
6685.0,3619.0,1923.0
6672.0,3619.0,1923.0
6672.0,3632.0,1923.0
6656.0,3632.0,1935.0
6656.0,3647.0,1935.0
6642.0,3647.0,1930.0
6642.0,3662.0,1930.0
6628.0,3662.0,1939.0
6628.0,3676.0,1939.0
6613.0,3676.0,1940.0
6613.0,3691.0,1940.0
6599.0,3691.0,1940.0
6599.0,3705.0,1940.0
6584.0,3705.0,1957.0
6584.0,3720.0,1957.0
6569.0,3720.0,1950.0
6569.0,3734.0,1950.0
6555.0,3734.0,1956.0
6555.0,3749.0,1956.0
6541.0,3749.0,1964.0
6541.0,3763.0,1964.0
6525.0,3763.0,1965.0
6525.0,3778.0,1965.0
6512.0,3778.0,1965.0
6512.0,3792.0,1965.0
6497.0,3792.0,1978.0
6497.0,3807.0,1978.0
6483.0,3807.0,1973.0
6483.0,3822.0,1973.0
6468.0,3822.0,1977.0
6468.0,3836.0,1977.0
6453.0,3836.0,1977.0
6453.0,3851.0,1977.0
6438.0,3851.0,1984.0
6438.0,3865.0,1984.0
6425.0,3865.0,1988.0
6425.0,3880.0,1988.0
6409.0,3880.0,2004.0
6409.0,3885.0,2004.0
6405.0,3885.0,1998.0
6405.0,3881.0,1998.0
6398.0,3881.0,2004.0
6398.0,3873.0,2004.0
6407.0,3873.0,1996.0
6407.0,3859.0,1996.0
6423.0,3859.0,1995.0
6423.0,3844.0,1995.0
6436.0,3844.0,1995.0
6436.0,3829.0,1995.0
6452.0,3829.0,1994.0
6452.0,3814.0,1994.0
6465.0,3814.0,1992.0
6465.0,3800.0,1992.0
6481.0,3800.0,1979.0
6481.0,3785.0,1979.0
6493.0,3785.0,1973.0
6493.0,3771.0,1973.0
6510.0,3771.0,1973.0
6510.0,3756.0,1973.0
6523.0,3756.0,1973.0
6523.0,3742.0,1973.0
6539.0,3742.0,1973.0
6539.0,3727.0,1973.0
6552.0,3727.0,1965.0
6552.0,3713.0,1965.0
6568.0,3713.0,1960.0
6568.0,3698.0,1960.0
6582.0,3698.0,1946.0
6582.0,3683.0,1946.0
6597.0,3683.0,1946.0
6597.0,3669.0,1946.0
6611.0,3669.0,1946.0
6611.0,3655.0,1946.0
6625.0,3655.0,1946.0
6625.0,3640.0,1946.0
6640.0,3640.0,1946.0
6640.0,3625.0,1946.0
6655.0,3625.0,1932.0
6655.0,3611.0,1932.0
6669.0,3611.0,1924.0
6669.0,3597.0,1924.0
6684.0,3597.0,1924.0
6684.0,3582.0,1924.0
6697.0,3582.0,1919.0
6697.0,3579.0,1919.0
6700.0,3579.0,1920.0
6700.0,3571.0,1920.0
6695.0,3571.0,1920.0
6695.0,3582.0,1920.0
6686.0,3582.0,1920.0
6686.0,3596.0,1920.0
6669.0,3596.0,1921.0
6669.0,3611.0,1921.0
6656.0,3611.0,1934.0
6656.0,3626.0,1934.0
6640.0,3626.0,1933.0
6640.0,3640.0,1933.0
6628.0,3640.0,1946.0
6628.0,3654.0,1946.0
6612.0,3654.0,1946.0
6612.0,3669.0,1946.0
6598.0,3669.0,1946.0
6598.0,3683.0,1946.0
6582.0,3683.0,1946.0
6582.0,3698.0,1946.0
6569.0,3698.0,1962.0
6569.0,3713.0,1962.0
6553.0,3713.0,1954.0
6553.0,3727.0,1954.0
6540.0,3727.0,1960.0
6540.0,3742.0,1960.0
6525.0,3742.0,1961.0
6525.0,3756.0,1961.0
6510.0,3756.0,1961.0
6510.0,3771.0,1961.0
6495.0,3771.0,1975.0
6495.0,3785.0,1975.0
6482.0,3785.0,1975.0
6482.0,3800.0,1975.0
6467.0,3800.0,1984.0
6467.0,3814.0,1984.0
6452.0,3814.0,1985.0
6452.0,3829.0,1985.0
6437.0,3829.0,1985.0
6437.0,3844.0,1985.0
6423.0,3844.0,1985.0
6423.0,3858.0,1985.0
6409.0,3858.0,1997.0
6409.0,3873.0,1997.0
6394.0,3873.0,2002.0
6394.0,3877.0,2002.0
6389.0,3877.0,2003.0
6389.0,3873.0,2003.0
6384.0,3873.0,2003.0
6384.0,3863.0,2003.0
6393.0,3863.0,2003.0
6393.0,3849.0,2003.0
6409.0,3849.0,2003.0
6409.0,3835.0,2003.0
6423.0,3835.0,1989.0
6423.0,3820.0,1989.0
6438.0,3820.0,1988.0
6451.0,3820.0,1979.0
6451.0,3805.0,1979.0
6451.0,3791.0,1979.0
6467.0,3791.0,1979.0
6467.0,3776.0,1979.0
6481.0,3776.0,1979.0
6481.0,3762.0,1979.0
6497.0,3762.0,1979.0
6497.0,3747.0,1979.0
6509.0,3747.0,1961.0
6509.0,3732.0,1961.0
6525.0,3732.0,1973.0
6525.0,3717.0,1973.0
6538.0,3717.0,1971.0
6538.0,3703.0,1971.0
6554.0,3703.0,1971.0
6554.0,3689.0,1971.0
6569.0,3689.0,1953.0
6569.0,3675.0,1953.0
6583.0,3675.0,1951.0
6583.0,3660.0,1951.0
6597.0,3660.0,1949.0
6597.0,3645.0,1949.0
6612.0,3645.0,1938.0
6612.0,3631.0,1938.0
6627.0,3631.0,1940.0
6627.0,3616.0,1940.0
6642.0,3616.0,1940.0
6642.0,3602.0,1940.0
6656.0,3602.0,1940.0
6656.0,3587.0,1940.0
6670.0,3587.0,1926.0
6670.0,3573.0,1926.0
6685.0,3573.0,1924.0
6685.0,3564.0,1924.0
6693.0,3564.0,1926.0
6693.0,3557.0,1926.0
6687.0,3557.0,1926.0
6687.0,3564.0,1926.0
6682.0,3564.0,1926.0
6682.0,3579.0,1926.0
6664.0,3579.0,1926.0
6664.0,3593.0,1926.0
6652.0,3593.0,1926.0
6652.0,3607.0,1926.0
6636.0,3607.0,1940.0
6623.0,3607.0,1940.0
6623.0,3622.0,1940.0
6623.0,3637.0,1940.0
6607.0,3637.0,1940.0
6607.0,3651.0,1940.0
6593.0,3651.0,1940.0
6593.0,3665.0,1940.0
6577.0,3665.0,1952.0
6577.0,3680.0,1952.0
6564.0,3680.0,1949.0
6564.0,3694.0,1949.0
6549.0,3694.0,1967.0
6549.0,3709.0,1967.0
6535.0,3709.0,1970.0
6535.0,3723.0,1970.0
6520.0,3723.0,1970.0
6520.0,3738.0,1970.0
6505.0,3738.0,1970.0
6505.0,3753.0,1970.0
6491.0,3753.0,1970.0
6491.0,3767.0,1970.0
6477.0,3767.0,1985.0
6477.0,3781.0,1985.0
6462.0,3781.0,1982.0
6462.0,3796.0,1982.0
6447.0,3796.0,1982.0
6447.0,3811.0,1982.0
6433.0,3811.0,1982.0
6433.0,3825.0,1982.0
6418.0,3825.0,1987.0
6418.0,3840.0,1987.0
6404.0,3840.0,2003.0
6404.0,3854.0,2003.0
6389.0,3854.0,2003.0
6389.0,3868.0,2003.0
6377.0,3868.0,2003.0
6377.0,3866.0,2003.0
6373.0,3866.0,2003.0
6373.0,3862.0,2003.0
6372.0,3862.0,2004.0
6372.0,3848.0,2004.0
6389.0,3848.0,2004.0
6389.0,3833.0,2004.0
6400.0,3833.0,2004.0
6400.0,3820.0,2004.0
6416.0,3820.0,1990.0
6416.0,3805.0,1990.0
6429.0,3805.0,1995.0
6429.0,3791.0,1995.0
6445.0,3791.0,1994.0
6445.0,3775.0,1994.0
6459.0,3775.0,1988.0
6459.0,3761.0,1988.0
6474.0,3761.0,1985.0
6474.0,3747.0,1985.0
6488.0,3747.0,1968.0
6488.0,3732.0,1968.0
6503.0,3732.0,1965.0
6503.0,3717.0,1965.0
6517.0,3717.0,1963.0
6517.0,3703.0,1963.0
6532.0,3703.0,1966.0
6532.0,3689.0,1966.0
6546.0,3689.0,1966.0
6546.0,3674.0,1966.0
6561.0,3674.0,1962.0
6561.0,3659.0,1962.0
6575.0,3659.0,1952.0
6575.0,3645.0,1952.0
6590.0,3645.0,1943.0
6590.0,3631.0,1943.0
6605.0,3631.0,1947.0
6605.0,3616.0,1947.0
6619.0,3616.0,1947.0
6619.0,3601.0,1947.0
6634.0,3601.0,1947.0
6634.0,3587.0,1947.0
6648.0,3587.0,1932.0
6648.0,3572.0,1932.0
6663.0,3572.0,1935.0
6663.0,3557.0,1935.0
6677.0,3557.0,1920.0
6677.0,3551.0,1920.0
6684.0,3551.0,1920.0
6684.0,3544.0,1920.0
6677.0,3544.0,1920.0
6677.0,3553.0,1920.0
6671.0,3553.0,1920.0
6652.0,3553.0,1933.0
6652.0,3567.0,1933.0
6652.0,3581.0,1933.0
6641.0,3581.0,1928.0
6641.0,3595.0,1928.0
6624.0,3595.0,1936.0
6624.0,3610.0,1936.0
6612.0,3610.0,1934.0
6612.0,3625.0,1934.0
6595.0,3625.0,1936.0
6595.0,3639.0,1936.0
6582.0,3639.0,1947.0
6582.0,3654.0,1947.0
6567.0,3654.0,1949.0
6567.0,3668.0,1949.0
6553.0,3668.0,1965.0
6553.0,3683.0,1965.0
6537.0,3683.0,1965.0
6537.0,3697.0,1965.0
6523.0,3697.0,1965.0
6523.0,3712.0,1965.0
6509.0,3712.0,1965.0
6509.0,3726.0,1965.0
6494.0,3726.0,1965.0
6494.0,3741.0,1965.0
6480.0,3741.0,1978.0
6480.0,3756.0,1978.0
6466.0,3756.0,1988.0
6466.0,3770.0,1988.0
6450.0,3770.0,1977.0
6450.0,3784.0,1977.0
6436.0,3784.0,1977.0
6421.0,3784.0,1988.0
6421.0,3799.0,1988.0
6421.0,3814.0,1988.0
6407.0,3814.0,1997.0
6407.0,3828.0,1997.0
6393.0,3828.0,1997.0
6393.0,3843.0,1997.0
6378.0,3843.0,2011.0
6378.0,3856.0,2011.0
6365.0,3856.0,2000.0
6365.0,3856.0,2000.0
6362.0,3856.0,2001.0
6362.0,3852.0,2001.0
6358.0,3852.0,2001.0
6358.0,3839.0,2001.0
6373.0,3839.0,2001.0
6373.0,3826.0,2001.0
6386.0,3826.0,2001.0
6386.0,3811.0,2001.0
6401.0,3811.0,2001.0
6401.0,3797.0,2001.0
6415.0,3797.0,1995.0
6415.0,3782.0,1995.0
6429.0,3782.0,1993.0
6429.0,3767.0,1993.0
6445.0,3767.0,1993.0
6445.0,3753.0,1993.0
6458.0,3753.0,1993.0
6458.0,3739.0,1993.0
6474.0,3739.0,1974.0
6474.0,3724.0,1974.0
6487.0,3724.0,1972.0
6487.0,3709.0,1972.0
6503.0,3709.0,1972.0
6503.0,3695.0,1972.0
6517.0,3695.0,1972.0
6517.0,3680.0,1972.0
6532.0,3680.0,1972.0
6532.0,3666.0,1972.0
6545.0,3666.0,1967.0
6545.0,3651.0,1967.0
6561.0,3651.0,1952.0
6561.0,3637.0,1952.0
6575.0,3637.0,1951.0
6575.0,3623.0,1951.0
6590.0,3623.0,1951.0
6590.0,3608.0,1951.0
6604.0,3608.0,1949.0
6604.0,3593.0,1949.0
6619.0,3593.0,1949.0
6619.0,3579.0,1949.0
6633.0,3579.0,1938.0
6633.0,3564.0,1938.0
6648.0,3564.0,1937.0
6648.0,3550.0,1937.0
6662.0,3550.0,1922.0
6662.0,3538.0,1922.0
6673.0,3538.0,1923.0
6673.0,3533.0,1923.0
6667.0,3533.0,1923.0
6667.0,3536.0,1923.0
6663.0,3536.0,1923.0
6663.0,3551.0,1923.0
6647.0,3551.0,1932.0
6647.0,3565.0,1932.0
6633.0,3565.0,1933.0
6618.0,3565.0,1938.0
6618.0,3579.0,1938.0
6604.0,3579.0,1940.0
6604.0,3594.0,1940.0
6590.0,3594.0,1940.0
6590.0,3609.0,1940.0
6575.0,3609.0,1942.0
6575.0,3623.0,1942.0
6575.0,3638.0,1942.0
6561.0,3638.0,1948.0
6561.0,3652.0,1948.0
6545.0,3652.0,1954.0
6545.0,3667.0,1954.0
6532.0,3667.0,1965.0
6532.0,3681.0,1965.0
6517.0,3681.0,1968.0
6517.0,3696.0,1968.0
6502.0,3696.0,1968.0
6502.0,3710.0,1968.0
6488.0,3710.0,1968.0
6488.0,3725.0,1968.0
6473.0,3725.0,1982.0
6473.0,3739.0,1982.0
6459.0,3739.0,1979.0
6459.0,3754.0,1979.0
6444.0,3754.0,1978.0
6444.0,3768.0,1978.0
6429.0,3768.0,1978.0
6429.0,3783.0,1978.0
6415.0,3783.0,1993.0
6415.0,3798.0,1993.0
6400.0,3798.0,1989.0
6400.0,3812.0,1989.0
6386.0,3812.0,2005.0
6386.0,3827.0,2005.0
6372.0,3827.0,2005.0
6372.0,3841.0,2005.0
6357.0,3841.0,2005.0
6357.0,3848.0,2005.0
6351.0,3848.0,2005.0
6351.0,3841.0,2005.0
6347.0,3841.0,2005.0
6347.0,3834.0,2005.0
6355.0,3834.0,2005.0
6355.0,3820.0,2005.0
6372.0,3820.0,2004.0
6372.0,3805.0,2004.0
6384.0,3805.0,2004.0
6384.0,3790.0,2004.0
6400.0,3790.0,2004.0
6412.0,3790.0,1991.0
6412.0,3775.0,1991.0
6412.0,3761.0,1991.0
6429.0,3761.0,1992.0
6429.0,3747.0,1992.0
6441.0,3747.0,1992.0
6441.0,3732.0,1992.0
6457.0,3732.0,1991.0
6457.0,3717.0,1991.0
6471.0,3717.0,1974.0
6471.0,3703.0,1974.0
6486.0,3703.0,1968.0
6500.0,3703.0,1967.0
6500.0,3688.0,1967.0
6500.0,3674.0,1967.0
6516.0,3674.0,1966.0
6516.0,3659.0,1966.0
6529.0,3659.0,1966.0
6529.0,3645.0,1966.0
6545.0,3645.0,1966.0
6545.0,3631.0,1966.0
6558.0,3631.0,1947.0
6558.0,3616.0,1947.0
6574.0,3616.0,1942.0
6574.0,3601.0,1942.0
6587.0,3601.0,1945.0
6587.0,3587.0,1945.0
6603.0,3587.0,1948.0
6603.0,3572.0,1948.0
6617.0,3572.0,1948.0
6617.0,3558.0,1948.0
6632.0,3558.0,1934.0
6632.0,3543.0,1934.0
6646.0,3543.0,1928.0
6646.0,3529.0,1928.0
6660.0,3529.0,1928.0
6660.0,3526.0,1928.0
6660.0,3526.0,1928.0
6660.0,3521.0,1928.0
6653.0,3521.0,1928.0
6653.0,3532.0,1928.0
6643.0,3532.0,1928.0
6643.0,3547.0,1928.0
6626.0,3547.0,1940.0
6626.0,3562.0,1940.0
6614.0,3562.0,1933.0
6614.0,3577.0,1933.0
6597.0,3577.0,1938.0
6597.0,3591.0,1938.0
6586.0,3591.0,1939.0
6586.0,3605.0,1939.0
6569.0,3605.0,1946.0
6569.0,3620.0,1946.0
6556.0,3620.0,1960.0
6556.0,3635.0,1960.0
6540.0,3635.0,1964.0
6540.0,3649.0,1964.0
6527.0,3649.0,1964.0
6527.0,3663.0,1964.0
6511.0,3663.0,1964.0
6511.0,3678.0,1964.0
6497.0,3678.0,1964.0
6497.0,3692.0,1964.0
6482.0,3692.0,1964.0
6482.0,3707.0,1964.0
6469.0,3707.0,1976.0
6469.0,3721.0,1976.0
6453.0,3721.0,1979.0
6453.0,3736.0,1979.0
6439.0,3736.0,1978.0
6439.0,3751.0,1978.0
6424.0,3751.0,1978.0
6424.0,3765.0,1978.0
6410.0,3765.0,1992.0
6410.0,3780.0,1992.0
6395.0,3780.0,1990.0
6395.0,3794.0,1990.0
6381.0,3794.0,2002.0
6381.0,3809.0,2002.0
6366.0,3809.0,2007.0
6366.0,3823.0,2007.0
6352.0,3823.0,2007.0
6352.0,3836.0,2007.0
6341.0,3836.0,2007.0
6341.0,3832.0,2007.0
6338.0,3832.0,2007.0
6338.0,3832.0,2007.0
6338.0,3828.0,2007.0
6338.0,3813.0,2007.0
6355.0,3813.0,2007.0
6367.0,3813.0,2007.0
6367.0,3799.0,2007.0
6367.0,3784.0,2007.0
6383.0,3784.0,2007.0
6383.0,3770.0,2007.0
6396.0,3770.0,1992.0
6396.0,3755.0,1992.0
6411.0,3755.0,1997.0
6411.0,3741.0,1997.0
6425.0,3741.0,1984.0
6425.0,3726.0,1984.0
6440.0,3726.0,1985.0
6440.0,3712.0,1985.0
6454.0,3712.0,1985.0
6454.0,3697.0,1985.0
6469.0,3697.0,1985.0
6469.0,3683.0,1985.0
6483.0,3683.0,1966.0
6483.0,3668.0,1966.0
6498.0,3668.0,1976.0
6498.0,3654.0,1976.0
6512.0,3654.0,1958.0
6512.0,3639.0,1958.0
6528.0,3639.0,1959.0
6528.0,3625.0,1959.0
6541.0,3625.0,1959.0
6541.0,3610.0,1959.0
6557.0,3610.0,1959.0
6571.0,3610.0,1943.0
6571.0,3596.0,1943.0
6571.0,3581.0,1943.0
6585.0,3581.0,1949.0
6585.0,3567.0,1949.0
6600.0,3567.0,1939.0
6600.0,3552.0,1939.0
6614.0,3552.0,1939.0
6614.0,3537.0,1939.0
6629.0,3537.0,1939.0
6629.0,3523.0,1939.0
6644.0,3523.0,1931.0
6644.0,3515.0,1931.0
6650.0,3515.0,1936.0
6650.0,3510.0,1936.0
6642.0,3510.0,1932.0
6642.0,3518.0,1932.0
6637.0,3518.0,1932.0
6637.0,3533.0,1932.0
6618.0,3533.0,1932.0
6618.0,3547.0,1932.0
6607.0,3547.0,1940.0
6607.0,3561.0,1940.0
6590.0,3561.0,1942.0
6590.0,3576.0,1942.0
6577.0,3576.0,1942.0
6577.0,3590.0,1942.0
6561.0,3590.0,1947.0
6561.0,3605.0,1947.0
6548.0,3605.0,1951.0
6548.0,3619.0,1951.0
6532.0,3619.0,1965.0
6532.0,3634.0,1965.0
6519.0,3634.0,1962.0
6519.0,3649.0,1962.0
6504.0,3649.0,1962.0
6504.0,3663.0,1962.0
6490.0,3663.0,1962.0
6490.0,3678.0,1962.0
6475.0,3678.0,1977.0
6475.0,3692.0,1977.0
6460.0,3692.0,1979.0
6460.0,3707.0,1979.0
6445.0,3707.0,1988.0
6445.0,3721.0,1988.0
6431.0,3721.0,1989.0
6431.0,3736.0,1989.0
6417.0,3736.0,1989.0
6417.0,3750.0,1989.0
6402.0,3750.0,1989.0
6402.0,3764.0,1989.0
6388.0,3764.0,2001.0
6388.0,3779.0,2001.0
6373.0,3779.0,1998.0
6373.0,3794.0,1998.0
6359.0,3794.0,2014.0
6359.0,3809.0,2014.0
6345.0,3809.0,2013.0
6345.0,3822.0,2013.0
6331.0,3822.0,2013.0
6331.0,3822.0,2013.0
6328.0,3822.0,2013.0
6328.0,3817.0,2013.0
6326.0,3817.0,2013.0
6326.0,3803.0,2013.0
6341.0,3803.0,2013.0
6341.0,3789.0,2013.0
6355.0,3789.0,2013.0
6355.0,3775.0,2013.0
6369.0,3775.0,2013.0
6369.0,3760.0,2013.0
6383.0,3760.0,2002.0
6383.0,3746.0,2002.0
6397.0,3746.0,1997.0
6397.0,3731.0,1997.0
6412.0,3731.0,1989.0
6412.0,3717.0,1989.0
6426.0,3717.0,1980.0
6426.0,3702.0,1980.0
6441.0,3702.0,1980.0
6441.0,3687.0,1980.0
6455.0,3687.0,1980.0
6455.0,3673.0,1980.0
6470.0,3673.0,1980.0
6470.0,3659.0,1980.0
6485.0,3659.0,1961.0
6485.0,3644.0,1961.0
6500.0,3644.0,1965.0
6500.0,3630.0,1965.0
6514.0,3630.0,1966.0
6514.0,3615.0,1966.0
6529.0,3615.0,1966.0
6529.0,3600.0,1966.0
6542.0,3600.0,1966.0
6542.0,3586.0,1966.0
6557.0,3586.0,1949.0
6557.0,3571.0,1949.0
6572.0,3571.0,1954.0
6572.0,3557.0,1954.0
6586.0,3557.0,1939.0
6586.0,3542.0,1939.0
6601.0,3542.0,1941.0
6601.0,3528.0,1941.0
6616.0,3528.0,1941.0
6616.0,3513.0,1941.0
6630.0,3513.0,1941.0
6637.0,3513.0,1940.0
6637.0,3505.0,1940.0
6637.0,3500.0,1940.0
6629.0,3500.0,1935.0
6629.0,3507.0,1935.0
6624.0,3507.0,1935.0
6624.0,3522.0,1935.0
6606.0,3522.0,1936.0
6606.0,3536.0,1936.0
6594.0,3536.0,1936.0
6594.0,3551.0,1936.0
6578.0,3551.0,1936.0
6578.0,3565.0,1936.0
6565.0,3565.0,1949.0
6565.0,3579.0,1949.0
6549.0,3579.0,1955.0
6549.0,3594.0,1955.0
6535.0,3594.0,1956.0
6535.0,3609.0,1956.0
6521.0,3609.0,1956.0
6521.0,3623.0,1956.0
6506.0,3623.0,1956.0
6506.0,3638.0,1956.0
6492.0,3638.0,1960.0
6492.0,3652.0,1960.0
6477.0,3652.0,1979.0
6477.0,3667.0,1979.0
6463.0,3667.0,1973.0
6463.0,3682.0,1973.0
6448.0,3682.0,1983.0
6448.0,3696.0,1983.0
6433.0,3696.0,1984.0
6433.0,3710.0,1984.0
6419.0,3710.0,1984.0
6419.0,3725.0,1984.0
6405.0,3725.0,1984.0
6405.0,3739.0,1984.0
6389.0,3739.0,2001.0
6389.0,3754.0,2001.0
6376.0,3754.0,2006.0
6376.0,3768.0,2006.0
6361.0,3768.0,1999.0
6361.0,3783.0,1999.0
6347.0,3783.0,2000.0
6347.0,3798.0,2000.0
6333.0,3798.0,2007.0
6333.0,3810.0,2007.0
6321.0,3810.0,2013.0
6321.0,3807.0,2013.0
6318.0,3807.0,2013.0
6318.0,3802.0,2013.0
6318.0,3802.0,2013.0
6318.0,3787.0,2013.0
6335.0,3787.0,2013.0
6335.0,3773.0,2013.0
6347.0,3773.0,2013.0
6347.0,3759.0,2013.0
6362.0,3759.0,2013.0
6362.0,3745.0,2013.0
6376.0,3745.0,1997.0
6390.0,3745.0,2002.0
6390.0,3730.0,2002.0
6390.0,3716.0,2002.0
6405.0,3716.0,1986.0
6405.0,3700.0,1986.0
6419.0,3700.0,1987.0
6419.0,3686.0,1987.0
6434.0,3686.0,1987.0
6434.0,3672.0,1987.0
6449.0,3672.0,1987.0
6449.0,3657.0,1987.0
6463.0,3657.0,1980.0
6463.0,3643.0,1980.0
6477.0,3643.0,1973.0
6477.0,3628.0,1973.0
6493.0,3628.0,1974.0
6507.0,3628.0,1974.0
6507.0,3613.0,1974.0
6507.0,3599.0,1974.0
6521.0,3599.0,1970.0
6521.0,3585.0,1970.0
6536.0,3585.0,1965.0
6536.0,3570.0,1965.0
6551.0,3570.0,1948.0
6551.0,3556.0,1948.0
6565.0,3556.0,1953.0
6565.0,3541.0,1953.0
6580.0,3541.0,1941.0
6580.0,3526.0,1941.0
6594.0,3526.0,1946.0
6594.0,3512.0,1946.0
6609.0,3512.0,1946.0
6609.0,3498.0,1946.0
6622.0,3498.0,1936.0
6622.0,3496.0,1936.0
6621.0,3496.0,1931.0
6621.0,3492.0,1931.0
6613.0,3492.0,1929.0
6613.0,3504.0,1929.0
6604.0,3504.0,1936.0
6586.0,3504.0,1945.0
6586.0,3518.0,1945.0
6586.0,3533.0,1945.0
6575.0,3533.0,1945.0
6575.0,3548.0,1945.0
6557.0,3548.0,1945.0
6557.0,3563.0,1945.0
6545.0,3563.0,1961.0
6545.0,3577.0,1961.0
6529.0,3577.0,1955.0
6529.0,3592.0,1955.0
6516.0,3592.0,1967.0
6516.0,3606.0,1967.0
6500.0,3606.0,1969.0
6500.0,3621.0,1969.0
6488.0,3621.0,1969.0
6488.0,3635.0,1969.0
6471.0,3635.0,1970.0
6471.0,3649.0,1970.0
6458.0,3649.0,1970.0
6458.0,3664.0,1970.0
6441.0,3664.0,1975.0
6441.0,3679.0,1975.0
6428.0,3679.0,1990.0
6428.0,3693.0,1990.0
6413.0,3693.0,1987.0
6413.0,3708.0,1987.0
6399.0,3708.0,1987.0
6399.0,3722.0,1987.0
6384.0,3722.0,1992.0
6370.0,3722.0,2004.0
6370.0,3737.0,2004.0
6370.0,3751.0,2004.0
6355.0,3751.0,2004.0
6355.0,3766.0,2004.0
6342.0,3766.0,2004.0
6342.0,3780.0,2004.0
6326.0,3780.0,2005.0
6326.0,3795.0,2005.0
6313.0,3795.0,2014.0
6313.0,3795.0,2014.0
6311.0,3795.0,2021.0
6311.0,3789.0,2021.0
6309.0,3789.0,2017.0
6309.0,3776.0,2017.0
6321.0,3776.0,2017.0
6336.0,3776.0,2016.0
6336.0,3763.0,2016.0
6349.0,3763.0,2016.0
6349.0,3749.0,2016.0
6364.0,3749.0,2006.0
6364.0,3734.0,2006.0
6377.0,3734.0,1998.0
6377.0,3719.0,1998.0
6377.0,3704.0,1998.0
6393.0,3704.0,1998.0
6393.0,3690.0,1998.0
6406.0,3690.0,1982.0
6406.0,3676.0,1982.0
6422.0,3676.0,1982.0
6422.0,3661.0,1982.0
6436.0,3661.0,1982.0
6436.0,3646.0,1982.0
6451.0,3646.0,1982.0
6451.0,3632.0,1982.0
6465.0,3632.0,1982.0
6465.0,3618.0,1982.0
6480.0,3618.0,1978.0
6480.0,3603.0,1978.0
6494.0,3603.0,1960.0
6494.0,3588.0,1960.0
6509.0,3588.0,1961.0
6509.0,3574.0,1961.0
6524.0,3574.0,1961.0
6524.0,3560.0,1961.0
6538.0,3560.0,1961.0
6538.0,3545.0,1961.0
6553.0,3545.0,1947.0
6553.0,3530.0,1947.0
6568.0,3530.0,1945.0
6568.0,3516.0,1945.0
6581.0,3516.0,1945.0
6581.0,3502.0,1945.0
6597.0,3502.0,1942.0
6597.0,3489.0,1942.0
6609.0,3489.0,1942.0
6609.0,3486.0,1942.0
6604.0,3486.0,1942.0
6604.0,3485.0,1942.0
6598.0,3485.0,1942.0
6598.0,3499.0,1942.0
6586.0,3499.0,1942.0
6586.0,3513.0,1942.0
6569.0,3513.0,1942.0
6569.0,3528.0,1942.0
6557.0,3528.0,1942.0
6557.0,3542.0,1942.0
6541.0,3542.0,1958.0
6541.0,3557.0,1958.0
6528.0,3557.0,1957.0
6528.0,3571.0,1957.0
6512.0,3571.0,1957.0
6512.0,3586.0,1957.0
6499.0,3586.0,1957.0
6499.0,3600.0,1957.0
6483.0,3600.0,1962.0
6483.0,3614.0,1962.0
6470.0,3614.0,1965.0
6470.0,3629.0,1965.0
6454.0,3629.0,1981.0
6454.0,3644.0,1981.0
6440.0,3644.0,1981.0
6440.0,3659.0,1981.0
6425.0,3659.0,1981.0
6425.0,3673.0,1981.0
6411.0,3673.0,1981.0
6411.0,3687.0,1981.0
6396.0,3687.0,1981.0
6396.0,3702.0,1981.0
6382.0,3702.0,1998.0
6382.0,3717.0,1998.0
6368.0,3717.0,2002.0
6368.0,3731.0,2002.0
6353.0,3731.0,2010.0
6353.0,3746.0,2010.0
6339.0,3746.0,2009.0
6339.0,3760.0,2009.0
6325.0,3760.0,2009.0
6325.0,3774.0,2009.0
6310.0,3774.0,2009.0
6310.0,3782.0,2009.0
6303.0,3782.0,2017.0
6303.0,3773.0,2017.0
6301.0,3773.0,2019.0
6301.0,3768.0,2019.0
6307.0,3768.0,2019.0
6307.0,3754.0,2019.0
6324.0,3754.0,2010.0
6324.0,3739.0,2010.0
6336.0,3739.0,2006.0
6336.0,3723.0,2006.0
6353.0,3723.0,2006.0
6353.0,3709.0,2006.0
6364.0,3709.0,2006.0
6364.0,3695.0,2006.0
6381.0,3695.0,1993.0
6381.0,3681.0,1993.0
6393.0,3681.0,1995.0
6393.0,3666.0,1995.0
6409.0,3666.0,1989.0
6409.0,3651.0,1989.0
6423.0,3651.0,1985.0
6423.0,3637.0,1985.0
6438.0,3637.0,1985.0
6438.0,3622.0,1985.0
6452.0,3622.0,1985.0
6452.0,3608.0,1985.0
6468.0,3608.0,1968.0
6468.0,3593.0,1968.0
6481.0,3593.0,1974.0
6481.0,3579.0,1974.0
6497.0,3579.0,1974.0
6497.0,3564.0,1974.0
6511.0,3564.0,1971.0
6511.0,3550.0,1971.0
6525.0,3550.0,1971.0
6525.0,3535.0,1971.0
6540.0,3535.0,1954.0
6540.0,3521.0,1954.0
6555.0,3521.0,1954.0
6555.0,3506.0,1954.0
6569.0,3506.0,1943.0
6569.0,3491.0,1943.0
6584.0,3491.0,1943.0
6584.0,3480.0,1943.0
6594.0,3480.0,1943.0
6594.0,3478.0,1943.0
6586.0,3478.0,1943.0
6586.0,3479.0,1943.0
6581.0,3479.0,1943.0
6581.0,3494.0,1943.0
6567.0,3494.0,1943.0
6567.0,3509.0,1943.0
6552.0,3509.0,1943.0
6552.0,3523.0,1943.0
6538.0,3523.0,1949.0
6538.0,3537.0,1949.0
6523.0,3537.0,1960.0
6523.0,3552.0,1960.0
6510.0,3552.0,1960.0
6510.0,3567.0,1960.0
6494.0,3567.0,1965.0
6494.0,3581.0,1965.0
6480.0,3581.0,1965.0
6480.0,3596.0,1965.0
6465.0,3596.0,1965.0
6451.0,3596.0,1982.0
6451.0,3610.0,1982.0
6451.0,3625.0,1982.0
6436.0,3625.0,1983.0
6436.0,3639.0,1983.0
6422.0,3639.0,1982.0
6422.0,3654.0,1982.0
6406.0,3654.0,1982.0
6406.0,3669.0,1982.0
6393.0,3669.0,1982.0
6393.0,3683.0,1982.0
6378.0,3683.0,2000.0
6378.0,3697.0,2000.0
6365.0,3697.0,1993.0
6365.0,3712.0,1993.0
6349.0,3712.0,2006.0
6349.0,3726.0,2006.0
6336.0,3726.0,2000.0
6336.0,3741.0,2000.0
6320.0,3741.0,2005.0
6320.0,3756.0,2005.0
6307.0,3756.0,2010.0
6307.0,3766.0,2010.0
6297.0,3766.0,2010.0
6297.0,3758.0,2010.0
6296.0,3758.0,2019.0
6296.0,3755.0,2019.0
6297.0,3755.0,2019.0
6297.0,3740.0,2019.0
6314.0,3740.0,2017.0
6314.0,3725.0,2017.0
6326.0,3725.0,2017.0
6326.0,3711.0,2017.0
6343.0,3711.0,2016.0
6343.0,3696.0,2016.0
6355.0,3696.0,2011.0
6355.0,3683.0,2011.0
6370.0,3683.0,1994.0
6370.0,3668.0,1994.0
6384.0,3668.0,1995.0
6384.0,3653.0,1995.0
6399.0,3653.0,1995.0
6399.0,3639.0,1995.0
6413.0,3639.0,1992.0
6413.0,3624.0,1992.0
6428.0,3624.0,1992.0
6428.0,3610.0,1992.0
6442.0,3610.0,1977.0
6442.0,3595.0,1977.0
6457.0,3595.0,1970.0
6457.0,3581.0,1970.0
6472.0,3581.0,1970.0
6472.0,3566.0,1970.0
6486.0,3566.0,1971.0
6486.0,3551.0,1971.0
6501.0,3551.0,1971.0
6501.0,3537.0,1971.0
6515.0,3537.0,1971.0
6515.0,3522.0,1971.0
6530.0,3522.0,1954.0
6530.0,3508.0,1954.0
6544.0,3508.0,1949.0
6544.0,3493.0,1949.0
6559.0,3493.0,1949.0
6559.0,3479.0,1949.0
6573.0,3479.0,1949.0
6573.0,3474.0,1949.0
6576.0,3474.0,1949.0
6576.0,3471.0,1949.0
6566.0,3471.0,1949.0
6566.0,3479.0,1949.0
6561.0,3479.0,1949.0
6561.0,3494.0,1949.0
6542.0,3494.0,1949.0
6542.0,3509.0,1949.0
6532.0,3509.0,1950.0
6532.0,3523.0,1950.0
6513.0,3523.0,1963.0
6513.0,3538.0,1963.0
6502.0,3538.0,1955.0
6502.0,3552.0,1955.0
6485.0,3552.0,1956.0
6485.0,3567.0,1956.0
6473.0,3567.0,1968.0
6473.0,3581.0,1968.0
6457.0,3581.0,1972.0
6457.0,3596.0,1972.0
6443.0,3596.0,1973.0
6443.0,3611.0,1973.0
6428.0,3611.0,1981.0
6428.0,3625.0,1981.0
6413.0,3625.0,1976.0
6413.0,3639.0,1976.0
6399.0,3639.0,1983.0
6399.0,3654.0,1983.0
6385.0,3654.0,1986.0
6385.0,3668.0,1986.0
6370.0,3668.0,1999.0
6370.0,3683.0,1999.0
6356.0,3683.0,1995.0
6356.0,3697.0,1995.0
6342.0,3697.0,1999.0
6342.0,3712.0,1999.0
6327.0,3712.0,2001.0
6327.0,3726.0,2001.0
6313.0,3726.0,2011.0
6313.0,3741.0,2011.0
6298.0,3741.0,2019.0
6298.0,3749.0,2019.0
6291.0,3749.0,2015.0
6291.0,3739.0,2015.0
6291.0,3739.0,2015.0
6291.0,3735.0,2015.0
6295.0,3735.0,2015.0
6295.0,3720.0,2015.0
6311.0,3720.0,2015.0
6311.0,3705.0,2015.0
6323.0,3705.0,2015.0
6323.0,3691.0,2015.0
6340.0,3691.0,2015.0
6340.0,3677.0,2015.0
6352.0,3677.0,2012.0
6352.0,3662.0,2012.0
6368.0,3662.0,1994.0
6368.0,3648.0,1994.0
6381.0,3648.0,1997.0
6381.0,3633.0,1997.0
6396.0,3633.0,1982.0
6396.0,3619.0,1982.0
6410.0,3619.0,1979.0
6410.0,3604.0,1979.0
6425.0,3604.0,1980.0
6425.0,3590.0,1980.0
6439.0,3590.0,1980.0
6439.0,3576.0,1980.0
6454.0,3576.0,1980.0
6454.0,3561.0,1980.0
6469.0,3561.0,1965.0
6469.0,3546.0,1965.0
6483.0,3546.0,1968.0
6483.0,3532.0,1968.0
6498.0,3532.0,1970.0
6498.0,3517.0,1970.0
6513.0,3517.0,1970.0
6513.0,3503.0,1970.0
6527.0,3503.0,1961.0
6527.0,3488.0,1961.0
6541.0,3488.0,1958.0
6541.0,3473.0,1958.0
6556.0,3473.0,1951.0
6556.0,3468.0,1951.0
6559.0,3468.0,1941.0
6559.0,3466.0,1941.0
6548.0,3466.0,1946.0
6548.0,3474.0,1946.0
6543.0,3474.0,1947.0
6543.0,3489.0,1947.0
6524.0,3489.0,1953.0
6524.0,3504.0,1953.0
6513.0,3504.0,1962.0
6513.0,3518.0,1962.0
6497.0,3518.0,1962.0
6497.0,3533.0,1962.0
6484.0,3533.0,1962.0
6484.0,3547.0,1962.0
6468.0,3547.0,1962.0
6468.0,3562.0,1962.0
6454.0,3562.0,1980.0
6454.0,3576.0,1980.0
6439.0,3576.0,1983.0
6439.0,3591.0,1983.0
6425.0,3591.0,1978.0
6425.0,3605.0,1978.0
6410.0,3605.0,1977.0
6410.0,3620.0,1977.0
6396.0,3620.0,1982.0
6396.0,3635.0,1982.0
6381.0,3635.0,1985.0
6381.0,3649.0,1985.0
6367.0,3649.0,2001.0
6367.0,3663.0,2001.0
6353.0,3663.0,2005.0
6353.0,3678.0,2005.0
6338.0,3678.0,1999.0
6338.0,3693.0,1999.0
6323.0,3693.0,2000.0
6323.0,3707.0,2000.0
6309.0,3707.0,2008.0
6309.0,3722.0,2008.0
6295.0,3722.0,2010.0
6295.0,3731.0,2010.0
6287.0,3731.0,2020.0
6287.0,3721.0,2020.0
6287.0,3721.0,2011.0
6287.0,3718.0,2011.0
6289.0,3718.0,2011.0
6289.0,3704.0,2011.0
6305.0,3704.0,2011.0
6305.0,3688.0,2011.0
6317.0,3688.0,2011.0
6317.0,3674.0,2011.0
6333.0,3674.0,2011.0
6333.0,3660.0,2011.0
6346.0,3660.0,2011.0
6346.0,3646.0,2011.0
6362.0,3646.0,1993.0
6362.0,3631.0,1993.0
6375.0,3631.0,1995.0
6375.0,3616.0,1995.0
6390.0,3616.0,1995.0
6390.0,3602.0,1995.0
6404.0,3602.0,1987.0
6404.0,3587.0,1987.0
6419.0,3587.0,1987.0
6419.0,3573.0,1987.0
6433.0,3573.0,1987.0
6433.0,3558.0,1987.0
6448.0,3558.0,1974.0
6448.0,3544.0,1974.0
6463.0,3544.0,1976.0
6463.0,3529.0,1976.0
6477.0,3529.0,1959.0
6477.0,3514.0,1959.0
6492.0,3514.0,1960.0
6492.0,3500.0,1960.0
6506.0,3500.0,1960.0
6506.0,3485.0,1960.0
6521.0,3485.0,1960.0
6536.0,3485.0,1960.0
6536.0,3471.0,1960.0
6536.0,3464.0,1960.0
6541.0,3464.0,1950.0
6541.0,3463.0,1950.0
6529.0,3463.0,1959.0
6529.0,3469.0,1959.0
6525.0,3469.0,1959.0
6525.0,3484.0,1959.0
6506.0,3484.0,1959.0
6506.0,3499.0,1959.0
6495.0,3499.0,1959.0
6495.0,3513.0,1959.0
6479.0,3513.0,1959.0
6479.0,3528.0,1959.0
6466.0,3528.0,1963.0
6466.0,3542.0,1963.0
6450.0,3542.0,1972.0
6450.0,3556.0,1972.0
6436.0,3556.0,1983.0
6436.0,3571.0,1983.0
6421.0,3571.0,1985.0
6421.0,3586.0,1985.0
6407.0,3586.0,1985.0
6407.0,3600.0,1985.0
6393.0,3600.0,1985.0
6393.0,3615.0,1985.0
6378.0,3615.0,1985.0
6378.0,3629.0,1985.0
6364.0,3629.0,1999.0
6364.0,3644.0,1999.0
6349.0,3644.0,2008.0
6349.0,3658.0,2008.0
6336.0,3658.0,2005.0
6336.0,3673.0,2005.0
6320.0,3673.0,2005.0
6320.0,3687.0,2005.0
6306.0,3687.0,2005.0
6306.0,3702.0,2005.0
6292.0,3702.0,2021.0
6292.0,3711.0,2021.0
6283.0,3711.0,2013.0
6283.0,3702.0,2013.0
6284.0,3702.0,2012.0
6284.0,3699.0,2012.0
6286.0,3699.0,2012.0
6301.0,3699.0,2013.0
6301.0,3684.0,2013.0
6301.0,3669.0,2013.0
6315.0,3669.0,2013.0
6315.0,3654.0,2013.0
6329.0,3654.0,2013.0
6329.0,3640.0,2013.0
6344.0,3640.0,2013.0
6344.0,3626.0,2013.0
6358.0,3626.0,2003.0
6358.0,3612.0,2003.0
6372.0,3612.0,1988.0
6372.0,3597.0,1988.0
6387.0,3597.0,1990.0
6387.0,3582.0,1990.0
6401.0,3582.0,1991.0
6401.0,3568.0,1991.0
6416.0,3568.0,1991.0
6416.0,3553.0,1991.0
6430.0,3553.0,1984.0
6430.0,3539.0,1984.0
6445.0,3539.0,1974.0
6445.0,3524.0,1974.0
6459.0,3524.0,1977.0
6459.0,3510.0,1977.0
6474.0,3510.0,1966.0
6474.0,3495.0,1966.0
6489.0,3495.0,1971.0
6489.0,3480.0,1971.0
6503.0,3480.0,1971.0
6503.0,3466.0,1971.0
6517.0,3466.0,1957.0
6517.0,3462.0,1957.0
6519.0,3462.0,1962.0
6519.0,3461.0,1962.0
6508.0,3461.0,1966.0
6508.0,3469.0,1966.0
6503.0,3469.0,1967.0
6503.0,3484.0,1967.0
6483.0,3484.0,1967.0
6483.0,3498.0,1967.0
6473.0,3498.0,1967.0
6473.0,3513.0,1967.0
6455.0,3513.0,1967.0
6455.0,3528.0,1967.0
6443.0,3528.0,1967.0
6443.0,3542.0,1967.0
6427.0,3542.0,1977.0
6427.0,3556.0,1977.0
6413.0,3556.0,1982.0
6413.0,3571.0,1982.0
6398.0,3571.0,1984.0
6398.0,3586.0,1984.0
6385.0,3586.0,1984.0
6385.0,3600.0,1984.0
6370.0,3600.0,1987.0
6370.0,3615.0,1987.0
6356.0,3615.0,2002.0
6356.0,3629.0,2002.0
6341.0,3629.0,2003.0
6341.0,3644.0,2003.0
6326.0,3644.0,2003.0
6326.0,3658.0,2003.0
6312.0,3658.0,2003.0
6312.0,3673.0,2003.0
6298.0,3673.0,2007.0
6298.0,3687.0,2007.0
6285.0,3687.0,2016.0
6285.0,3688.0,2016.0
6281.0,3688.0,2017.0
6281.0,3678.0,2017.0
6283.0,3678.0,2017.0
6283.0,3670.0,2017.0
6291.0,3670.0,2017.0
6291.0,3656.0,2017.0
6308.0,3656.0,2018.0
6308.0,3641.0,2018.0
6320.0,3641.0,2016.0
6320.0,3627.0,2016.0
6336.0,3627.0,2010.0
6336.0,3611.0,2010.0
6348.0,3611.0,2001.0
6348.0,3597.0,2001.0
6364.0,3597.0,2000.0
6364.0,3583.0,2000.0
6377.0,3583.0,1983.0
6377.0,3569.0,1983.0
6393.0,3569.0,1994.0
6393.0,3554.0,1994.0
6405.0,3554.0,1993.0
6405.0,3539.0,1993.0
6421.0,3539.0,1982.0
6421.0,3525.0,1982.0
6435.0,3525.0,1977.0
6435.0,3510.0,1977.0
6451.0,3510.0,1978.0
6451.0,3496.0,1978.0
6465.0,3496.0,1972.0
6465.0,3481.0,1972.0
6480.0,3481.0,1971.0
6480.0,3466.0,1971.0
6493.0,3466.0,1971.0
6493.0,3461.0,1971.0
6497.0,3461.0,1972.0
6497.0,3462.0,1972.0
6484.0,3462.0,1972.0
6484.0,3467.0,1972.0
6481.0,3467.0,1972.0
6481.0,3483.0,1972.0
6461.0,3483.0,1972.0
6461.0,3497.0,1972.0
6450.0,3497.0,1972.0
6450.0,3512.0,1972.0
6434.0,3512.0,1972.0
6434.0,3527.0,1972.0
6421.0,3527.0,1984.0
6421.0,3541.0,1984.0
6405.0,3541.0,1987.0
6405.0,3556.0,1987.0
6391.0,3556.0,1986.0
6391.0,3570.0,1986.0
6377.0,3570.0,1987.0
6377.0,3585.0,1987.0
6363.0,3585.0,1987.0
6363.0,3599.0,1987.0
6349.0,3599.0,2003.0
6349.0,3614.0,2003.0
6334.0,3614.0,2003.0
6334.0,3628.0,2003.0
6319.0,3628.0,2003.0
6319.0,3643.0,2003.0
6304.0,3643.0,2003.0
6304.0,3657.0,2003.0
6291.0,3657.0,2011.0
6291.0,3667.0,2011.0
6282.0,3667.0,2017.0
6282.0,3657.0,2017.0
6285.0,3657.0,2012.0
6285.0,3653.0,2012.0
6286.0,3653.0,2012.0
6286.0,3638.0,2012.0
6301.0,3638.0,2012.0
6301.0,3623.0,2012.0
6315.0,3623.0,2012.0
6315.0,3609.0,2012.0
6330.0,3609.0,2012.0
6330.0,3595.0,2012.0
6344.0,3595.0,2001.0
6344.0,3581.0,2001.0
6358.0,3581.0,1990.0
6358.0,3565.0,1990.0
6372.0,3565.0,1993.0
6372.0,3551.0,1993.0
6387.0,3551.0,1994.0
6387.0,3536.0,1994.0
6401.0,3536.0,1993.0
6401.0,3522.0,1993.0
6416.0,3522.0,1987.0
6416.0,3507.0,1987.0
6430.0,3507.0,1978.0
6430.0,3493.0,1978.0
6445.0,3493.0,1976.0
6445.0,3478.0,1976.0
6460.0,3478.0,1962.0
6460.0,3464.0,1962.0
6473.0,3464.0,1962.0
6473.0,3464.0,1962.0
6468.0,3464.0,1963.0
6468.0,3466.0,1963.0
6456.0,3466.0,1963.0
6456.0,3476.0,1963.0
6450.0,3476.0,1963.0
6450.0,3490.0,1963.0
6430.0,3490.0,1981.0
6430.0,3505.0,1981.0
6421.0,3505.0,1977.0
6421.0,3519.0,1977.0
6403.0,3519.0,1976.0
6403.0,3535.0,1976.0
6392.0,3535.0,1977.0
6392.0,3549.0,1977.0
6374.0,3549.0,1986.0
6374.0,3563.0,1986.0
6362.0,3563.0,1989.0
6362.0,3577.0,1989.0
6346.0,3577.0,2006.0
6346.0,3592.0,2006.0
6333.0,3592.0,2006.0
6333.0,3607.0,2006.0
6317.0,3607.0,2000.0
6317.0,3622.0,2000.0
6304.0,3622.0,2001.0
6304.0,3636.0,2001.0
6290.0,3636.0,2011.0
6290.0,3639.0,2011.0
6287.0,3639.0,2017.0
6287.0,3625.0,2017.0
6291.0,3625.0,2005.0
6291.0,3621.0,2005.0
6295.0,3621.0,2003.0
6295.0,3606.0,2003.0
6312.0,3606.0,2017.0
6312.0,3591.0,2017.0
6324.0,3591.0,2015.0
6324.0,3576.0,2015.0
6340.0,3576.0,2002.0
6340.0,3562.0,2002.0
6353.0,3562.0,1998.0
6353.0,3548.0,1998.0
6368.0,3548.0,1989.0
6368.0,3534.0,1989.0
6381.0,3534.0,1990.0
6381.0,3519.0,1990.0
6397.0,3519.0,1992.0
6397.0,3504.0,1992.0
6411.0,3504.0,1990.0
6411.0,3489.0,1990.0
6425.0,3489.0,1973.0
6425.0,3475.0,1973.0
6440.0,3475.0,1977.0
6440.0,3468.0,1977.0
6445.0,3468.0,1979.0
6445.0,3473.0,1979.0
6431.0,3473.0,1979.0
6424.0,3473.0,1979.0
6424.0,3476.0,1979.0
6412.0,3476.0,1979.0
6412.0,3490.0,1979.0
6412.0,3505.0,1979.0
6395.0,3505.0,1979.0
6384.0,3505.0,1979.0
6384.0,3519.0,1979.0
6384.0,3533.0,1979.0
6367.0,3533.0,1986.0
6367.0,3548.0,1986.0
6355.0,3548.0,1999.0
6355.0,3563.0,1999.0
6338.0,3563.0,2001.0
6338.0,3577.0,2001.0
6325.0,3577.0,2001.0
6325.0,3592.0,2001.0
6309.0,3592.0,2001.0
6309.0,3606.0,2001.0
6297.0,3606.0,2001.0
6297.0,3609.0,2001.0
6294.0,3609.0,2013.0
6294.0,3592.0,2013.0
6303.0,3592.0,2013.0
6303.0,3587.0,2013.0
6306.0,3587.0,2013.0
6306.0,3572.0,2013.0
6321.0,3572.0,2013.0
6321.0,3558.0,2013.0
6335.0,3558.0,1998.0
6335.0,3543.0,1998.0
6349.0,3543.0,1995.0
6349.0,3529.0,1995.0
6364.0,3529.0,1995.0
6364.0,3515.0,1995.0
6377.0,3515.0,1993.0
6393.0,3515.0,1991.0
6393.0,3500.0,1991.0
6393.0,3486.0,1991.0
6405.0,3486.0,1991.0
6405.0,3484.0,1991.0
6405.0,3484.0,1979.0
6405.0,3494.0,1979.0
6386.0,3494.0,1979.0
6386.0,3499.0,1979.0
6379.0,3499.0,1979.0
6379.0,3512.0,1979.0
6367.0,3512.0,1983.0
6367.0,3527.0,1983.0
6351.0,3527.0,1997.0
6340.0,3527.0,1991.0
6340.0,3541.0,1991.0
6340.0,3556.0,1991.0
6322.0,3556.0,2008.0
6322.0,3564.0,2008.0
6317.0,3564.0,2008.0
6317.0,3563.0,2008.0
6317.0,3563.0,2043.0
6317.0,3563.0,2043.0
6317.0,3563.0,2095.0
6317.0,3564.0,2095.0
6317.0,3564.0,2154.0
6317.0,3563.0,2154.0
6317.0,3563.0,2238.0
6317.0,3563.0,2238.0
6317.0,3563.0,2319.0
6317.0,3564.0,2319.0
6317.0,3564.0,2416.0
6317.0,3564.0,2416.0
6317.0,3564.0,2474.0
6317.0,3577.0,2474.0
6307.0,3577.0,2466.0
6307.0,3589.0,2466.0
6295.0,3589.0,2461.0
6295.0,3588.0,2461.0
6297.0,3588.0,2479.0
6297.0,3590.0,2479.0
6297.0,3590.0,2479.0
6297.0,3573.0,2479.0
6310.0,3573.0,2468.0
6310.0,3540.0,2468.0
6333.0,3540.0,2475.0
6333.0,3523.0,2475.0
6343.0,3523.0,2459.0
6341.0,3523.0,2455.0
6341.0,3521.0,2455.0
6341.0,3523.0,2455.0
6343.0,3523.0,2457.0
6343.0,3513.0,2457.0
6357.0,3513.0,2457.0
6357.0,3491.0,2457.0
6392.0,3491.0,2454.0
6392.0,3478.0,2454.0
6408.0,3478.0,2444.0
6408.0,3478.0,2443.0
6408.0,3475.0,2443.0
6408.0,3476.0,2443.0
6409.0,3476.0,2443.0
6409.0,3473.0,2443.0
6424.0,3473.0,2443.0
6424.0,3464.0,2443.0
6466.0,3464.0,2429.0
6466.0,3457.0,2429.0
6497.0,3457.0,2419.0
6497.0,3456.0,2419.0
6501.0,3456.0,2420.0
6501.0,3454.0,2420.0
6501.0,3454.0,2432.0
6501.0,3455.0,2432.0
6504.0,3455.0,2432.0
6504.0,3452.0,2432.0
6506.0,3452.0,2432.0
6509.0,3452.0,2432.0
6509.0,3456.0,2432.0
6509.0,3461.0,2432.0
6533.0,3461.0,2423.0
6533.0,3470.0,2423.0
6575.0,3470.0,2416.0
6575.0,3475.0,2416.0
6597.0,3475.0,2397.0
6597.0,3475.0,2397.0
6599.0,3475.0,2406.0
6599.0,3477.0,2406.0
6599.0,3477.0,2409.0
6599.0,3488.0,2409.0
6587.0,3488.0,2408.0
6587.0,3516.0,2408.0
6555.0,3516.0,2409.0
6555.0,3547.0,2409.0
6523.0,3547.0,2429.0
6523.0,3562.0,2429.0
6513.0,3562.0,2428.0
6513.0,3567.0,2428.0
6513.0,3567.0,2428.0
6513.0,3581.0,2428.0
6515.0,3581.0,2428.0
6515.0,3588.0,2428.0
6521.0,3588.0,2428.0
6521.0,3588.0,2428.0
6520.0,3588.0,2428.0
6520.0,3586.0,2428.0
6492.0,3586.0,2428.0
6492.0,3586.0,2428.0
6489.0,3586.0,2428.0
6489.0,3594.0,2428.0
6481.0,3594.0,2428.0
6481.0,3600.0,2428.0
6475.0,3600.0,2431.0
6475.0,3624.0,2431.0
6448.0,3624.0,2451.0
6448.0,3643.0,2451.0
6429.0,3643.0,2446.0
6429.0,3645.0,2446.0
6432.0,3645.0,2446.0
6432.0,3638.0,2446.0
6449.0,3638.0,2446.0
6449.0,3635.0,2446.0
6457.0,3635.0,2446.0
6457.0,3621.0,2446.0
6437.0,3621.0,2446.0
6437.0,3601.0,2446.0
6421.0,3601.0,2446.0
6421.0,3600.0,2446.0
6418.0,3600.0,2446.0
6418.0,3617.0,2446.0
6437.0,3617.0,2446.0
6437.0,3651.0,2446.0
6468.0,3651.0,2446.0
6468.0,3679.0,2446.0
6496.0,3679.0,2442.0
6496.0,3689.0,2442.0
6500.0,3689.0,2433.0
6500.0,3693.0,2433.0
6496.0,3693.0,2431.0
6496.0,3688.0,2431.0
6503.0,3688.0,2432.0
6503.0,3689.0,2432.0
6510.0,3689.0,2432.0
6510.0,3693.0,2432.0
6505.0,3693.0,2432.0
6505.0,3710.0,2432.0
6483.0,3710.0,2445.0
6483.0,3720.0,2445.0
6465.0,3720.0,2443.0
6465.0,3733.0,2443.0
6457.0,3733.0,2441.0
6457.0,3741.0,2441.0
6442.0,3741.0,2441.0
6442.0,3750.0,2441.0
6462.0,3750.0,2441.0
6462.0,3771.0,2441.0
6477.0,3771.0,2441.0
6477.0,3775.0,2441.0
6484.0,3775.0,2441.0
6484.0,3789.0,2441.0
6492.0,3789.0,2441.0
6492.0,3793.0,2441.0
6501.0,3793.0,2440.0
6501.0,3803.0,2440.0
6498.0,3803.0,2440.0
6498.0,3810.0,2440.0
6496.0,3810.0,2440.0
6496.0,3805.0,2440.0
6496.0,3805.0,2440.0
6496.0,3785.0,2440.0
6520.0,3785.0,2440.0
6520.0,3775.0,2440.0
6525.0,3775.0,2427.0
6525.0,3772.0,2427.0
6537.0,3772.0,2431.0
6537.0,3758.0,2431.0
6566.0,3758.0,2426.0
6566.0,3753.0,2426.0
6573.0,3753.0,2431.0
6573.0,3762.0,2431.0
6580.0,3762.0,2426.0
6580.0,3766.0,2426.0
6587.0,3766.0,2416.0
6587.0,3748.0,2416.0
6580.0,3748.0,2414.0
6580.0,3727.0,2414.0
6579.0,3727.0,2414.0
6579.0,3722.0,2414.0
6581.0,3722.0,2424.0
6581.0,3707.0,2424.0
6596.0,3707.0,2408.0
6596.0,3704.0,2408.0
6593.0,3704.0,2422.0
6593.0,3676.0,2422.0
6590.0,3676.0,2422.0
6590.0,3652.0,2422.0
6583.0,3652.0,2422.0
6583.0,3648.0,2422.0
6581.0,3648.0,2422.0
6581.0,3633.0,2422.0
6563.0,3633.0,2423.0
6563.0,3629.0,2423.0
6564.0,3629.0,2423.0
6564.0,3624.0,2423.0
6565.0,3624.0,2423.0
6565.0,3607.0,2423.0
6584.0,3607.0,2423.0
6584.0,3601.0,2423.0
6589.0,3601.0,2419.0
6589.0,3615.0,2419.0
6590.0,3615.0,2418.0
6590.0,3652.0,2418.0
6606.0,3652.0,2411.0
6606.0,3710.0,2411.0
6623.0,3710.0,2407.0
6623.0,3777.0,2407.0
6648.0,3777.0,2399.0
6648.0,3822.0,2399.0
6657.0,3822.0,2398.0
6657.0,3844.0,2398.0
6666.0,3844.0,2398.0
6666.0,3848.0,2398.0
6665.0,3848.0,2398.0
6665.0,3847.0,2398.0
6666.0,3847.0,2398.0
6666.0,3854.0,2398.0
6654.0,3854.0,2398.0
6654.0,3874.0,2398.0
6624.0,3874.0,2419.0
6624.0,3890.0,2419.0
6600.0,3890.0,2421.0
6600.0,3893.0,2421.0
6600.0,3893.0,2416.0
6599.0,3893.0,2416.0
6599.0,3893.0,2416.0
6599.0,3896.0,2416.0
6590.0,3896.0,2417.0
6590.0,3903.0,2417.0
6552.0,3903.0,2427.0
6552.0,3910.0,2427.0
6515.0,3910.0,2447.0
6515.0,3914.0,2447.0
6507.0,3914.0,2443.0
6507.0,3916.0,2443.0
6507.0,3916.0,2443.0
6507.0,3914.0,2443.0
6504.0,3914.0,2443.0
6504.0,3915.0,2443.0
6502.0,3915.0,2443.0
6502.0,3913.0,2443.0
6496.0,3913.0,2443.0
6496.0,3906.0,2443.0
6461.0,3906.0,2444.0
6461.0,3897.0,2444.0
6421.0,3897.0,2460.0
6421.0,3893.0,2460.0
6410.0,3893.0,2469.0
6410.0,3896.0,2469.0
6409.0,3896.0,2470.0
6409.0,3893.0,2470.0
6409.0,3893.0,2469.0
6409.0,3883.0,2469.0
6393.0,3883.0,2469.0
6393.0,3861.0,2469.0
6359.0,3861.0,2468.0
6359.0,3848.0,2468.0
6344.0,3848.0,2468.0
6344.0,3849.0,2468.0
6342.0,3849.0,2468.0
6342.0,3846.0,2468.0
6343.0,3846.0,2468.0
6343.0,3836.0,2468.0
6336.0,3836.0,2468.0
6336.0,3807.0,2468.0
6313.0,3807.0,2480.0
6313.0,3784.0,2480.0
6299.0,3784.0,2482.0
6299.0,3781.0,2482.0
6296.0,3781.0,2487.0
6296.0,3778.0,2487.0
6297.0,3778.0,2487.0
6297.0,3771.0,2487.0
6297.0,3771.0,2487.0
6297.0,3741.0,2487.0
6289.0,3741.0,2487.0
6280.0,3741.0,2487.0
6280.0,3703.0,2487.0
6280.0,3688.0,2487.0
6277.0,3688.0,2487.0
6277.0,3688.0,2487.0
6274.0,3688.0,2487.0
6274.0,3685.0,2487.0
6277.0,3685.0,2487.0
6277.0,3682.0,2487.0
6274.0,3682.0,2487.0
6274.0,3683.0,2487.0
6281.0,3683.0,2487.0
6297.0,3683.0,2487.0
6297.0,3702.0,2487.0
6297.0,3737.0,2487.0
6336.0,3737.0,2477.0
6336.0,3788.0,2477.0
6387.0,3788.0,2463.0
6387.0,3844.0,2463.0
6445.0,3844.0,2456.0
6445.0,3884.0,2456.0
6479.0,3884.0,2455.0
6479.0,3907.0,2455.0
6502.0,3907.0,2455.0
6502.0,3914.0,2455.0
6505.0,3914.0,2452.0
6505.0,3914.0,2452.0
6505.0,3920.0,2452.0
6505.0,3919.0,2452.0
6519.0,3919.0,2451.0
6519.0,3918.0,2451.0
6537.0,3918.0,2434.0
6537.0,3914.0,2434.0
6554.0,3914.0,2438.0
6554.0,3910.0,2438.0
6570.0,3910.0,2420.0
6570.0,3905.0,2420.0
6586.0,3905.0,2425.0
6586.0,3899.0,2425.0
6603.0,3899.0,2426.0
6603.0,3889.0,2426.0
6618.0,3889.0,2426.0
6618.0,3881.0,2426.0
6635.0,3881.0,2408.0
6635.0,3871.0,2408.0
6645.0,3871.0,2409.0
6645.0,3859.0,2409.0
6663.0,3859.0,2409.0
6663.0,3847.0,2409.0
6673.0,3847.0,2409.0
6673.0,3831.0,2409.0
6688.0,3831.0,2409.0
6688.0,3819.0,2409.0
6694.0,3819.0,2405.0
6694.0,3805.0,2405.0
6706.0,3805.0,2393.0
6706.0,3791.0,2393.0
6711.0,3791.0,2390.0
6711.0,3770.0,2390.0
6721.0,3770.0,2390.0
6721.0,3756.0,2390.0
6725.0,3756.0,2390.0
6725.0,3741.0,2390.0
6730.0,3741.0,2390.0
6730.0,3727.0,2390.0
6733.0,3727.0,2390.0
6733.0,3708.0,2390.0
6735.0,3708.0,2384.0
6735.0,3687.0,2384.0
6737.0,3687.0,2382.0
6737.0,3669.0,2382.0
6736.0,3669.0,2382.0
6736.0,3654.0,2382.0
6735.0,3654.0,2382.0
6732.0,3654.0,2382.0
6732.0,3638.0,2382.0
6732.0,3621.0,2382.0
6728.0,3621.0,2382.0
6728.0,3607.0,2382.0
6723.0,3607.0,2382.0
6723.0,3589.0,2382.0
6717.0,3589.0,2382.0
6717.0,3574.0,2382.0
6709.0,3574.0,2383.0
6709.0,3559.0,2383.0
6700.0,3559.0,2383.0
6700.0,3545.0,2383.0
6691.0,3545.0,2383.0
6691.0,3534.0,2383.0
6681.0,3534.0,2383.0
6681.0,3520.0,2383.0
6669.0,3520.0,2383.0
6669.0,3505.0,2383.0
6653.0,3505.0,2397.0
6653.0,3495.0,2397.0
6639.0,3495.0,2392.0
6639.0,3485.0,2392.0
6623.0,3485.0,2398.0
6623.0,3478.0,2398.0
6610.0,3478.0,2398.0
6592.0,3478.0,2398.0
6592.0,3468.0,2398.0
6592.0,3462.0,2398.0
6579.0,3462.0,2398.0
6579.0,3457.0,2398.0
6558.0,3457.0,2409.0
6558.0,3454.0,2409.0
6542.0,3454.0,2407.0
6542.0,3451.0,2407.0
6527.0,3451.0,2424.0
6527.0,3450.0,2424.0
6510.0,3450.0,2424.0
6510.0,3450.0,2424.0
6491.0,3450.0,2424.0
6491.0,3451.0,2424.0
6476.0,3451.0,2424.0
6476.0,3453.0,2424.0
6460.0,3453.0,2424.0
6460.0,3457.0,2424.0
6443.0,3457.0,2437.0
6425.0,3457.0,2437.0
6425.0,3461.0,2437.0
6411.0,3461.0,2448.0
6411.0,3467.0,2448.0
6411.0,3475.0,2448.0
6394.0,3475.0,2445.0
6380.0,3475.0,2445.0
6380.0,3484.0,2445.0
6365.0,3484.0,2445.0
6365.0,3493.0,2445.0
6365.0,3503.0,2445.0
6353.0,3503.0,2465.0
6353.0,3515.0,2465.0
6338.0,3515.0,2464.0
6338.0,3530.0,2464.0
6325.0,3530.0,2464.0
6325.0,3544.0,2464.0
6315.0,3544.0,2464.0
6315.0,3558.0,2464.0
6304.0,3558.0,2464.0
6304.0,3573.0,2464.0
6296.0,3573.0,2464.0
6296.0,3590.0,2464.0
6289.0,3590.0,2475.0
6289.0,3607.0,2475.0
6281.0,3607.0,2467.0
6281.0,3622.0,2467.0
6277.0,3622.0,2477.0
6277.0,3636.0,2477.0
6277.0,3657.0,2477.0
6273.0,3657.0,2487.0
6273.0,3675.0,2487.0
6271.0,3675.0,2477.0
6269.0,3675.0,2485.0
6269.0,3689.0,2485.0
6269.0,3689.0,2487.0
6269.0,3707.0,2487.0
6270.0,3707.0,2487.0
6270.0,3724.0,2487.0
6272.0,3724.0,2487.0
6272.0,3740.0,2487.0
6275.0,3740.0,2487.0
6275.0,3754.0,2487.0
6279.0,3754.0,2487.0
6279.0,3773.0,2487.0
6286.0,3773.0,2487.0
6286.0,3790.0,2487.0
6293.0,3790.0,2487.0
6293.0,3805.0,2487.0
6301.0,3805.0,2487.0
6301.0,3819.0,2487.0
6311.0,3819.0,2487.0
6311.0,3834.0,2487.0
6322.0,3834.0,2487.0
6322.0,3848.0,2487.0
6333.0,3848.0,2487.0
6333.0,3861.0,2487.0
6346.0,3861.0,2466.0
6346.0,3870.0,2466.0
6359.0,3870.0,2467.0
6359.0,3879.0,2467.0
6373.0,3879.0,2466.0
6373.0,3889.0,2466.0
6387.0,3889.0,2466.0
6387.0,3897.0,2466.0
6403.0,3897.0,2466.0
6403.0,3904.0,2466.0
6418.0,3904.0,2466.0
6418.0,3909.0,2466.0
6435.0,3909.0,2466.0
6435.0,3913.0,2466.0
6451.0,3913.0,2453.0
6451.0,3916.0,2453.0
6468.0,3916.0,2442.0
6486.0,3916.0,2440.0
6486.0,3918.0,2440.0
6500.0,3918.0,2440.0
6500.0,3919.0,2440.0
6508.0,3919.0,2440.0
6508.0,3920.0,2440.0
6504.0,3920.0,2440.0
6504.0,3929.0,2440.0
6504.0,3927.0,2440.0
6522.0,3927.0,2440.0
6522.0,3925.0,2440.0
6538.0,3925.0,2440.0
6538.0,3922.0,2440.0
6553.0,3922.0,2433.0
6553.0,3918.0,2433.0
6572.0,3918.0,2431.0
6572.0,3914.0,2431.0
6587.0,3914.0,2431.0
6587.0,3907.0,2431.0
6604.0,3907.0,2430.0
6604.0,3899.0,2430.0
6617.0,3899.0,2423.0
6617.0,3889.0,2423.0
6635.0,3889.0,2415.0
6635.0,3880.0,2415.0
6647.0,3880.0,2413.0
6647.0,3870.0,2413.0
6662.0,3870.0,2409.0
6662.0,3857.0,2409.0
6674.0,3857.0,2395.0
6674.0,3843.0,2395.0
6687.0,3843.0,2395.0
6687.0,3831.0,2395.0
6697.0,3831.0,2395.0
6697.0,3815.0,2395.0
6707.0,3815.0,2395.0
6707.0,3801.0,2395.0
6716.0,3801.0,2395.0
6716.0,3786.0,2395.0
6724.0,3786.0,2395.0
6724.0,3772.0,2395.0
6729.0,3772.0,2386.0
6729.0,3754.0,2386.0
6735.0,3754.0,2390.0
6735.0,3735.0,2390.0
6739.0,3735.0,2389.0
6739.0,3720.0,2389.0
6742.0,3720.0,2389.0
6742.0,3703.0,2389.0
6743.0,3703.0,2387.0
6743.0,3686.0,2387.0
6744.0,3686.0,2385.0
6744.0,3668.0,2385.0
6744.0,3668.0,2386.0
6744.0,3650.0,2386.0
6743.0,3650.0,2386.0
6740.0,3650.0,2386.0
6740.0,3635.0,2386.0
6740.0,3619.0,2386.0
6735.0,3619.0,2386.0
6735.0,3604.0,2386.0
6731.0,3604.0,2386.0
6731.0,3584.0,2386.0
6723.0,3584.0,2386.0
6723.0,3572.0,2386.0
6718.0,3572.0,2386.0
6718.0,3557.0,2386.0
6708.0,3557.0,2386.0
6708.0,3542.0,2386.0
6698.0,3542.0,2386.0
6698.0,3530.0,2386.0
6689.0,3530.0,2386.0
6689.0,3517.0,2386.0
6677.0,3517.0,2386.0
6677.0,3505.0,2386.0
6665.0,3505.0,2386.0
6665.0,3495.0,2386.0
6653.0,3495.0,2386.0
6653.0,3485.0,2386.0
6639.0,3485.0,2401.0
6639.0,3476.0,2401.0
6625.0,3476.0,2394.0
6625.0,3466.0,2394.0
6608.0,3466.0,2393.0
6608.0,3459.0,2393.0
6595.0,3459.0,2393.0
6595.0,3454.0,2393.0
6577.0,3454.0,2398.0
6577.0,3450.0,2398.0
6561.0,3450.0,2400.0
6561.0,3446.0,2400.0
6543.0,3446.0,2409.0
6543.0,3443.0,2409.0
6528.0,3443.0,2423.0
6528.0,3441.0,2423.0
6510.0,3441.0,2424.0
6510.0,3441.0,2424.0
6494.0,3441.0,2422.0
6494.0,3443.0,2422.0
6475.0,3443.0,2422.0
6475.0,3445.0,2422.0
6459.0,3445.0,2427.0
6459.0,3448.0,2427.0
6443.0,3448.0,2439.0
6443.0,3453.0,2439.0
6427.0,3453.0,2438.0
6427.0,3458.0,2438.0
6412.0,3458.0,2438.0
6412.0,3466.0,2438.0
6393.0,3466.0,2438.0
6393.0,3473.0,2438.0
6380.0,3473.0,2442.0
6380.0,3484.0,2442.0
6363.0,3484.0,2450.0
6363.0,3493.0,2450.0
6353.0,3493.0,2450.0
6337.0,3493.0,2467.0
6337.0,3506.0,2467.0
6325.0,3506.0,2464.0
6325.0,3519.0,2464.0
6311.0,3519.0,2464.0
6311.0,3531.0,2464.0
6311.0,3547.0,2464.0
6303.0,3547.0,2464.0
6303.0,3563.0,2464.0
6293.0,3563.0,2463.0
6286.0,3563.0,2465.0
6286.0,3577.0,2465.0
6286.0,3592.0,2465.0
6278.0,3592.0,2471.0
6278.0,3609.0,2471.0
6271.0,3609.0,2490.0
6271.0,3625.0,2490.0
6268.0,3625.0,2491.0
6268.0,3644.0,2491.0
6265.0,3644.0,2486.0
6265.0,3660.0,2486.0
6263.0,3660.0,2492.0
6263.0,3676.0,2492.0
6261.0,3676.0,2480.0
6261.0,3691.0,2480.0
6261.0,3691.0,2484.0
6261.0,3706.0,2484.0
6262.0,3706.0,2484.0
6262.0,3725.0,2484.0
6264.0,3725.0,2484.0
6267.0,3725.0,2484.0
6267.0,3742.0,2484.0
6267.0,3756.0,2484.0
6271.0,3756.0,2484.0
6271.0,3772.0,2484.0
6277.0,3772.0,2484.0
6277.0,3789.0,2484.0
6284.0,3789.0,2484.0
6284.0,3806.0,2484.0
6292.0,3806.0,2484.0
6292.0,3821.0,2484.0
6302.0,3821.0,2484.0
6302.0,3834.0,2484.0
6311.0,3834.0,2484.0
6311.0,3846.0,2484.0
6323.0,3846.0,2484.0
6323.0,3861.0,2484.0
6336.0,3861.0,2484.0
6336.0,3873.0,2484.0
6350.0,3873.0,2466.0
6350.0,3883.0,2466.0
6363.0,3883.0,2477.0
6363.0,3893.0,2477.0
6379.0,3893.0,2464.0
6379.0,3901.0,2464.0
6393.0,3901.0,2460.0
6393.0,3907.0,2460.0
6408.0,3907.0,2460.0
6408.0,3915.0,2460.0
6426.0,3915.0,2460.0
6426.0,3920.0,2460.0
6443.0,3920.0,2461.0
6443.0,3923.0,2461.0
6458.0,3923.0,2461.0
6458.0,3926.0,2461.0
6475.0,3926.0,2445.0
6475.0,3927.0,2445.0
6491.0,3927.0,2453.0
6491.0,3928.0,2453.0
6509.0,3928.0,2456.0
6507.0,3928.0,2455.0
6507.0,3928.0,2455.0
6507.0,3919.0,2455.0
6511.0,3919.0,2455.0
6511.0,3902.0,2455.0
6507.0,3902.0,2454.0
6507.0,3865.0,2454.0
6510.0,3865.0,2445.0
6510.0,3804.0,2445.0
6509.0,3804.0,2441.0
6509.0,3742.0,2441.0
6511.0,3742.0,2441.0
6511.0,3702.0,2441.0
6511.0,3702.0,2440.0
6511.0,3687.0,2440.0
6511.0,3687.0,2434.0
6511.0,3692.0,2434.0
6513.0,3692.0,2438.0
6513.0,3692.0,2438.0
6518.0,3692.0,2428.0
6518.0,3690.0,2428.0
6532.0,3690.0,2422.0
6532.0,3692.0,2422.0
6542.0,3692.0,2431.0
6542.0,3695.0,2431.0
6549.0,3695.0,2418.0
6549.0,3692.0,2418.0
6551.0,3692.0,2433.0
6551.0,3687.0,2433.0
6552.0,3687.0,2435.0
6552.0,3672.0,2435.0
6550.0,3672.0,2435.0
6550.0,3671.0,2435.0
6548.0,3671.0,2435.0
6548.0,3671.0,2435.0
6542.0,3671.0,2435.0
6531.0,3671.0,2435.0
6531.0,3678.0,2435.0
6531.0,3681.0,2435.0
6519.0,3681.0,2435.0
6519.0,3683.0,2435.0
6511.0,3683.0,2435.0
6511.0,3687.0,2435.0
6514.0,3687.0,2435.0
6514.0,3699.0,2435.0
6510.0,3699.0,2435.0
6510.0,3734.0,2435.0
6507.0,3734.0,2435.0
6507.0,3787.0,2435.0
6500.0,3787.0,2435.0
6500.0,3821.0,2435.0
6497.0,3821.0,2452.0
6497.0,3830.0,2452.0
6495.0,3830.0,2449.0
6495.0,3828.0,2449.0
6504.0,3828.0,2449.0
6504.0,3826.0,2449.0
6505.0,3826.0,2450.0
6505.0,3816.0,2450.0
6504.0,3816.0,2450.0
6504.0,3796.0,2450.0
6499.0,3796.0,2450.0
6499.0,3790.0,2450.0
6500.0,3790.0,2450.0
6500.0,3787.0,2450.0
6517.0,3787.0,2443.0
6517.0,3783.0,2443.0
6539.0,3783.0,2429.0
6539.0,3781.0,2429.0
6549.0,3781.0,2421.0
6549.0,3791.0,2421.0
6550.0,3791.0,2438.0
6550.0,3811.0,2438.0
6554.0,3811.0,2437.0
6554.0,3816.0,2437.0
6555.0,3816.0,2437.0
6555.0,3817.0,2437.0
6560.0,3817.0,2420.0
6560.0,3816.0,2420.0
6567.0,3816.0,2423.0
6567.0,3813.0,2423.0
6568.0,3813.0,2422.0
6568.0,3800.0,2422.0
6566.0,3800.0,2422.0
6566.0,3781.0,2422.0
6562.0,3781.0,2422.0
6562.0,3779.0,2422.0
6564.0,3779.0,2422.0
6564.0,3770.0,2422.0
6581.0,3770.0,2422.0
6581.0,3765.0,2422.0
6588.0,3765.0,2422.0
6588.0,3759.0,2422.0
6597.0,3759.0,2422.0
6597.0,3751.0,2422.0
6600.0,3751.0,2422.0
6600.0,3741.0,2422.0
6604.0,3741.0,2422.0
6604.0,3730.0,2422.0
6604.0,3730.0,2422.0
6604.0,3720.0,2422.0
6603.0,3720.0,2422.0
6603.0,3714.0,2422.0
6599.0,3714.0,2422.0
6599.0,3704.0,2422.0
6592.0,3704.0,2422.0
6592.0,3699.0,2422.0
6584.0,3699.0,2422.0
6584.0,3695.0,2422.0
6575.0,3695.0,2422.0
6575.0,3693.0,2422.0
6564.0,3693.0,2422.0
6564.0,3693.0,2422.0
6560.0,3693.0,2422.0
6560.0,3697.0,2422.0
6559.0,3697.0,2422.0
6559.0,3700.0,2422.0
6560.0,3700.0,2422.0
6560.0,3708.0,2422.0
6567.0,3708.0,2422.0
6567.0,3716.0,2422.0
6571.0,3716.0,2422.0
6571.0,3726.0,2422.0
6573.0,3726.0,2422.0
6573.0,3735.0,2422.0
6573.0,3735.0,2422.0
6573.0,3743.0,2422.0
6571.0,3743.0,2422.0
6571.0,3754.0,2422.0
6566.0,3754.0,2422.0
6566.0,3759.0,2422.0
6560.0,3759.0,2422.0
6560.0,3764.0,2422.0
6550.0,3764.0,2422.0
6550.0,3768.0,2422.0
6540.0,3768.0,2422.0
6540.0,3772.0,2422.0
6523.0,3772.0,2424.0
6523.0,3775.0,2424.0
6506.0,3775.0,2442.0
6506.0,3779.0,2442.0
6486.0,3779.0,2452.0
6486.0,3780.0,2452.0
6483.0,3780.0,2443.0
6483.0,3763.0,2443.0
6479.0,3763.0,2440.0
6479.0,3743.0,2440.0
6475.0,3743.0,2440.0
6475.0,3722.0,2440.0
6473.0,3722.0,2440.0
6473.0,3702.0,2440.0
6469.0,3702.0,2439.0
6469.0,3682.0,2439.0
6465.0,3682.0,2439.0
6465.0,3662.0,2439.0
6460.0,3662.0,2439.0
6460.0,3642.0,2439.0
6458.0,3642.0,2439.0
6458.0,3625.0,2439.0
6455.0,3625.0,2439.0
6455.0,3613.0,2439.0
6454.0,3613.0,2439.0
6454.0,3603.0,2439.0
6458.0,3603.0,2439.0
6458.0,3601.0,2439.0
6463.0,3601.0,2439.0
6463.0,3597.0,2439.0
6476.0,3597.0,2439.0
6476.0,3594.0,2439.0
6493.0,3594.0,2439.0
6493.0,3592.0,2439.0
6507.0,3592.0,2427.0
6507.0,3593.0,2427.0
6518.0,3593.0,2429.0
6518.0,3594.0,2429.0
6527.0,3594.0,2427.0
6527.0,3597.0,2427.0
6537.0,3597.0,2427.0
6537.0,3602.0,2427.0
6543.0,3602.0,2427.0
6543.0,3609.0,2427.0
6551.0,3609.0,2427.0
6551.0,3620.0,2427.0
6556.0,3620.0,2427.0
6556.0,3631.0,2427.0
6559.0,3631.0,2427.0
6559.0,3640.0,2427.0
6559.0,3640.0,2427.0
6559.0,3647.0,2427.0
6559.0,3647.0,2427.0
6559.0,3656.0,2427.0
6555.0,3656.0,2427.0
6555.0,3664.0,2427.0
6553.0,3664.0,2427.0
6556.0,3664.0,2427.0
6556.0,3669.0,2427.0
6556.0,3668.0,2427.0
6559.0,3668.0,2427.0
6559.0,3661.0,2427.0
6573.0,3661.0,2427.0
6573.0,3655.0,2427.0
6581.0,3655.0,2427.0
6581.0,3648.0,2427.0
6587.0,3648.0,2418.0
6587.0,3641.0,2418.0
6591.0,3641.0,2411.0
6591.0,3631.0,2411.0
6592.0,3631.0,2410.0
6592.0,3622.0,2410.0
6593.0,3622.0,2410.0
6593.0,3612.0,2410.0
6591.0,3612.0,2410.0
6591.0,3602.0,2410.0
6587.0,3602.0,2410.0
6587.0,3596.0,2410.0
6580.0,3596.0,2410.0
6580.0,3589.0,2410.0
6573.0,3589.0,2410.0
6564.0,3589.0,2424.0
6564.0,3582.0,2424.0
6564.0,3579.0,2424.0
6554.0,3579.0,2416.0
6554.0,3578.0,2416.0
6543.0,3578.0,2415.0
6543.0,3576.0,2415.0
6523.0,3576.0,2417.0
6523.0,3573.0,2417.0
6525.0,3573.0,2418.0
6525.0,3553.0,2418.0
6519.0,3553.0,2418.0
6519.0,3541.0,2418.0
6519.0,3541.0,2418.0
6519.0,3539.0,2418.0
6515.0,3539.0,2417.0
6515.0,3541.0,2417.0
6508.0,3541.0,2417.0
6508.0,3543.0,2417.0
6504.0,3543.0,2417.0
6504.0,3549.0,2417.0
6506.0,3549.0,2422.0
6506.0,3568.0,2422.0
6509.0,3568.0,2422.0
6509.0,3578.0,2422.0
6511.0,3578.0,2422.0
6511.0,3580.0,2422.0
6498.0,3580.0,2422.0
6498.0,3584.0,2422.0
6475.0,3584.0,2440.0
6475.0,3587.0,2440.0
6461.0,3587.0,2435.0
6461.0,3582.0,2435.0
6460.0,3582.0,2435.0
6460.0,3562.0,2435.0
6457.0,3562.0,2435.0
6457.0,3553.0,2435.0
6455.0,3553.0,2435.0
6455.0,3550.0,2435.0
6451.0,3550.0,2435.0
6451.0,3553.0,2435.0
6442.0,3553.0,2447.0
6442.0,3557.0,2447.0
6441.0,3557.0,2441.0
6441.0,3571.0,2441.0
6443.0,3571.0,2440.0
6443.0,3589.0,2440.0
6447.0,3589.0,2440.0
6447.0,3590.0,2440.0
6443.0,3590.0,2440.0
6443.0,3594.0,2440.0
6421.0,3594.0,2440.0
6421.0,3598.0,2440.0
6403.0,3598.0,2448.0
6403.0,3600.0,2448.0
6400.0,3600.0,2457.0
6400.0,3605.0,2457.0
6400.0,3605.0,2457.0
6403.0,3605.0,2457.0
6403.0,3608.0,2457.0
6411.0,3608.0,2457.0
6411.0,3611.0,2457.0
6416.0,3611.0,2457.0
6416.0,3617.0,2457.0
6416.0,3624.0,2457.0
6420.0,3624.0,2457.0
6420.0,3635.0,2457.0
6422.0,3635.0,2457.0
6422.0,3657.0,2457.0
6427.0,3657.0,2457.0
6427.0,3677.0,2457.0
6430.0,3677.0,2457.0
6430.0,3697.0,2457.0
6434.0,3697.0,2457.0
6434.0,3716.0,2457.0
6437.0,3716.0,2457.0
6437.0,3736.0,2457.0
6441.0,3736.0,2457.0
6441.0,3757.0,2457.0
6445.0,3757.0,2457.0
6445.0,3770.0,2457.0
6447.0,3770.0,2457.0
6447.0,3779.0,2457.0
6447.0,3779.0,2457.0
6447.0,3788.0,2457.0
6443.0,3788.0,2457.0
6443.0,3792.0,2457.0
6436.0,3792.0,2457.0
6436.0,3796.0,2457.0
6434.0,3796.0,2457.0
6434.0,3800.0,2457.0
6438.0,3800.0,2457.0
6438.0,3801.0,2457.0
6442.0,3801.0,2457.0
6442.0,3798.0,2457.0
6463.0,3798.0,2457.0
6463.0,3794.0,2457.0
6482.0,3794.0,2455.0
6482.0,3793.0,2455.0
6486.0,3793.0,2447.0
6486.0,3811.0,2447.0
6488.0,3811.0,2447.0
6488.0,3827.0,2447.0
6491.0,3827.0,2447.0
6491.0,3830.0,2447.0
6494.0,3830.0,2447.0
6494.0,3839.0,2447.0
6496.0,3839.0,2447.0
6503.0,3839.0,2447.0
6503.0,3873.0,2447.0
6503.0,3904.0,2447.0
6509.0,3904.0,2447.0
6509.0,3911.0,2447.0
6507.0,3911.0,2447.0
6507.0,3911.0,2447.0
6492.0,3911.0,2447.0
6492.0,3909.0,2447.0
6475.0,3909.0,2447.0
6475.0,3907.0,2447.0
6462.0,3907.0,2447.0
6462.0,3903.0,2447.0
6444.0,3903.0,2447.0
6444.0,3898.0,2447.0
6427.0,3898.0,2459.0
6427.0,3891.0,2459.0
6408.0,3891.0,2475.0
6408.0,3884.0,2475.0
6395.0,3884.0,2475.0
6395.0,3874.0,2475.0
6377.0,3874.0,2475.0
6377.0,3863.0,2475.0
6364.0,3863.0,2475.0
6364.0,3851.0,2475.0
6349.0,3851.0,2475.0
6349.0,3836.0,2475.0
6336.0,3836.0,2475.0
6336.0,3823.0,2475.0
6323.0,3823.0,2475.0
6323.0,3809.0,2475.0
6315.0,3809.0,2487.0
6315.0,3795.0,2487.0
6305.0,3795.0,2494.0
6305.0,3778.0,2494.0
6298.0,3778.0,2481.0
6298.0,3760.0,2481.0
6290.0,3760.0,2480.0
6290.0,3748.0,2480.0
6288.0,3748.0,2480.0
6288.0,3729.0,2480.0
6283.0,3729.0,2480.0
6283.0,3717.0,2480.0
6281.0,3717.0,2480.0
6281.0,3696.0,2480.0
6279.0,3696.0,2480.0
6279.0,3678.0,2480.0
6279.0,3678.0,2480.0
6279.0,3661.0,2480.0
6279.0,3661.0,2480.0
6279.0,3647.0,2480.0
6281.0,3647.0,2480.0
6281.0,3629.0,2480.0
6285.0,3629.0,2480.0
6285.0,3614.0,2480.0
6289.0,3614.0,2480.0
6289.0,3600.0,2480.0
6295.0,3600.0,2480.0
6301.0,3600.0,2479.0
6301.0,3583.0,2479.0
6301.0,3569.0,2479.0
6311.0,3569.0,2479.0
6311.0,3553.0,2479.0
6320.0,3553.0,2479.0
6320.0,3537.0,2479.0
6333.0,3537.0,2476.0
6333.0,3523.0,2476.0
6344.0,3523.0,2467.0
6344.0,3511.0,2467.0
6359.0,3511.0,2455.0
6374.0,3511.0,2451.0
6374.0,3500.0,2451.0
6374.0,3491.0,2451.0
6388.0,3491.0,2451.0
6404.0,3491.0,2451.0
6404.0,3481.0,2451.0
6419.0,3481.0,2451.0
6419.0,3474.0,2451.0
6419.0,3468.0,2451.0
6438.0,3468.0,2451.0
6438.0,3464.0,2451.0
6455.0,3464.0,2442.0
6455.0,3461.0,2442.0
6468.0,3461.0,2435.0
6486.0,3461.0,2434.0
6486.0,3459.0,2434.0
6486.0,3458.0,2434.0
6505.0,3458.0,2434.0
6505.0,3458.0,2434.0
6520.0,3458.0,2430.0
6520.0,3460.0,2430.0
6540.0,3460.0,2418.0
6540.0,3463.0,2418.0
6556.0,3463.0,2417.0
6556.0,3468.0,2417.0
6572.0,3468.0,2410.0
6572.0,3474.0,2410.0
6590.0,3474.0,2402.0
6590.0,3482.0,2402.0
6606.0,3482.0,2405.0
6606.0,3489.0,2405.0
6620.0,3489.0,2405.0
6620.0,3499.0,2405.0
6635.0,3499.0,2405.0
6635.0,3509.0,2405.0
6647.0,3509.0,2405.0
6647.0,3522.0,2405.0
6662.0,3522.0,2399.0
6662.0,3534.0,2399.0
6672.0,3534.0,2391.0
6672.0,3547.0,2391.0
6686.0,3547.0,2390.0
6686.0,3561.0,2390.0
6693.0,3561.0,2389.0
6693.0,3576.0,2389.0
6702.0,3576.0,2389.0
6702.0,3590.0,2389.0
6709.0,3590.0,2389.0
6709.0,3605.0,2389.0
6715.0,3605.0,2389.0
6715.0,3623.0,2389.0
6720.0,3623.0,2389.0
6720.0,3640.0,2389.0
6724.0,3640.0,2389.0
6724.0,3656.0,2389.0
6727.0,3656.0,2389.0
6727.0,3672.0,2389.0
6728.0,3672.0,2389.0
6728.0,3688.0,2389.0
6728.0,3688.0,2389.0
6727.0,3688.0,2389.0
6727.0,3709.0,2389.0
6727.0,3727.0,2389.0
6726.0,3727.0,2389.0
6726.0,3743.0,2389.0
6722.0,3743.0,2389.0
6722.0,3759.0,2389.0
6716.0,3759.0,2389.0
6716.0,3773.0,2389.0
6711.0,3773.0,2389.0
6711.0,3791.0,2389.0
6703.0,3791.0,2389.0
6703.0,3803.0,2389.0
6697.0,3803.0,2392.0
6697.0,3819.0,2392.0
6684.0,3819.0,2410.0
6684.0,3834.0,2410.0
6674.0,3834.0,2409.0
6674.0,3845.0,2409.0
6662.0,3845.0,2409.0
6662.0,3857.0,2409.0
6650.0,3857.0,2409.0
6650.0,3868.0,2409.0
6634.0,3868.0,2409.0
6634.0,3878.0,2409.0
6620.0,3878.0,2418.0
6620.0,3888.0,2418.0
6601.0,3888.0,2422.0
6601.0,3894.0,2422.0
6587.0,3894.0,2419.0
6587.0,3900.0,2419.0
6570.0,3900.0,2419.0
6570.0,3904.0,2419.0
6554.0,3904.0,2429.0
6554.0,3907.0,2429.0
6538.0,3907.0,2439.0
6538.0,3909.0,2439.0
6523.0,3909.0,2435.0
6523.0,3910.0,2435.0
6506.0,3910.0,2450.0
6506.0,3908.0,2450.0
6503.0,3908.0,2454.0
6503.0,3899.0,2454.0
6463.0,3899.0,2451.0
6463.0,3885.0,2451.0
6419.0,3885.0,2468.0
6419.0,3878.0,2468.0
6391.0,3878.0,2472.0
6391.0,3875.0,2472.0
6389.0,3875.0,2472.0
6389.0,3861.0,2472.0
6375.0,3861.0,2472.0
6375.0,3847.0,2472.0
6361.0,3847.0,2472.0
6361.0,3832.0,2472.0
6347.0,3832.0,2472.0
6347.0,3818.0,2472.0
6331.0,3818.0,2472.0
6331.0,3803.0,2472.0
6317.0,3803.0,2473.0
6317.0,3795.0,2473.0
6308.0,3795.0,2486.0
6308.0,3784.0,2486.0
6307.0,3784.0,2481.0
6307.0,3774.0,2481.0
6299.0,3774.0,2480.0
6299.0,3782.0,2480.0
6311.0,3782.0,2480.0
6311.0,3797.0,2480.0
6323.0,3797.0,2480.0
6323.0,3811.0,2480.0
6340.0,3811.0,2479.0
6340.0,3826.0,2479.0
6354.0,3826.0,2479.0
6354.0,3840.0,2479.0
6369.0,3840.0,2479.0
6369.0,3855.0,2479.0
6382.0,3855.0,2479.0
6382.0,3870.0,2479.0
6396.0,3870.0,2476.0
6396.0,3884.0,2476.0
6411.0,3884.0,2468.0
6411.0,3889.0,2468.0
6416.0,3889.0,2466.0
6416.0,3894.0,2466.0
6429.0,3894.0,2467.0
6429.0,3894.0,2467.0
6431.0,3894.0,2467.0
6431.0,3879.0,2467.0
6412.0,3879.0,2467.0
6412.0,3865.0,2467.0
6402.0,3865.0,2467.0
6402.0,3850.0,2467.0
6385.0,3850.0,2467.0
6385.0,3836.0,2467.0
6375.0,3836.0,2467.0
6375.0,3821.0,2467.0
6356.0,3821.0,2467.0
6356.0,3807.0,2467.0
6344.0,3807.0,2467.0
6344.0,3792.0,2467.0
6328.0,3792.0,2467.0
6328.0,3778.0,2467.0
6315.0,3778.0,2471.0
6315.0,3763.0,2471.0
6300.0,3763.0,2483.0
6300.0,3754.0,2483.0
6292.0,3754.0,2477.0
6292.0,3743.0,2477.0
6291.0,3743.0,2496.0
6291.0,3740.0,2496.0
6290.0,3740.0,2483.0
6290.0,3753.0,2483.0
6305.0,3753.0,2478.0
6305.0,3767.0,2478.0
6318.0,3767.0,2477.0
6318.0,3781.0,2477.0
6333.0,3781.0,2477.0
6333.0,3796.0,2477.0
6346.0,3796.0,2477.0
6346.0,3811.0,2477.0
6361.0,3811.0,2477.0
6361.0,3826.0,2477.0
6376.0,3826.0,2477.0
6376.0,3840.0,2477.0
6390.0,3840.0,2477.0
6390.0,3854.0,2477.0
6404.0,3854.0,2476.0
6404.0,3869.0,2476.0
6418.0,3869.0,2460.0
6418.0,3884.0,2460.0
6434.0,3884.0,2455.0
6434.0,3898.0,2455.0
6447.0,3898.0,2454.0
6447.0,3900.0,2454.0
6451.0,3900.0,2454.0
6451.0,3903.0,2454.0
6463.0,3903.0,2454.0
6463.0,3896.0,2454.0
6454.0,3896.0,2454.0
6454.0,3882.0,2454.0
6439.0,3882.0,2454.0
6439.0,3867.0,2454.0
6427.0,3867.0,2454.0
6427.0,3852.0,2454.0
6411.0,3852.0,2470.0
6411.0,3838.0,2470.0
6398.0,3838.0,2467.0
6398.0,3823.0,2467.0
6381.0,3823.0,2476.0
6381.0,3809.0,2476.0
6369.0,3809.0,2476.0
6369.0,3795.0,2476.0
6353.0,3795.0,2476.0
6353.0,3780.0,2476.0
6340.0,3780.0,2476.0
6340.0,3765.0,2476.0
6324.0,3765.0,2476.0
6324.0,3751.0,2476.0
6311.0,3751.0,2476.0
6311.0,3736.0,2476.0
6296.0,3736.0,2476.0
6296.0,3724.0,2476.0
6286.0,3724.0,2489.0
6286.0,3718.0,2489.0
6286.0,3718.0,2478.0
6286.0,3711.0,2478.0
6285.0,3711.0,2486.0
6285.0,3722.0,2486.0
6296.0,3722.0,2488.0
6296.0,3737.0,2488.0
6312.0,3737.0,2487.0
6312.0,3751.0,2487.0
6325.0,3751.0,2471.0
6325.0,3766.0,2471.0
6341.0,3766.0,2471.0
6341.0,3781.0,2471.0
6353.0,3781.0,2471.0
6353.0,3795.0,2471.0
6368.0,3795.0,2471.0
6368.0,3810.0,2471.0
6382.0,3810.0,2471.0
6382.0,3824.0,2471.0
6398.0,3824.0,2471.0
6398.0,3839.0,2471.0
6411.0,3839.0,2470.0
6411.0,3854.0,2470.0
6426.0,3854.0,2470.0
6426.0,3868.0,2470.0
6440.0,3868.0,2450.0
6440.0,3883.0,2450.0
6455.0,3883.0,2449.0
6455.0,3897.0,2449.0
6470.0,3897.0,2449.0
6470.0,3905.0,2449.0
6478.0,3905.0,2449.0
6478.0,3906.0,2449.0
6486.0,3906.0,2449.0
6486.0,3904.0,2449.0
6488.0,3904.0,2449.0
6488.0,3889.0,2449.0
6468.0,3889.0,2449.0
6468.0,3875.0,2449.0
6459.0,3875.0,2449.0
6459.0,3860.0,2449.0
6440.0,3860.0,2449.0
6440.0,3846.0,2449.0
6429.0,3846.0,2456.0
6411.0,3846.0,2464.0
6411.0,3831.0,2464.0
6411.0,3817.0,2464.0
6399.0,3817.0,2465.0
6399.0,3802.0,2465.0
6383.0,3802.0,2465.0
6383.0,3787.0,2465.0
6371.0,3787.0,2465.0
6371.0,3773.0,2465.0
6355.0,3773.0,2465.0
6355.0,3758.0,2465.0
6341.0,3758.0,2465.0
6341.0,3744.0,2465.0
6327.0,3744.0,2465.0
6327.0,3729.0,2465.0
6312.0,3729.0,2483.0
6312.0,3715.0,2483.0
6298.0,3715.0,2482.0
6298.0,3701.0,2482.0
6284.0,3701.0,2482.0
6284.0,3697.0,2482.0
6282.0,3697.0,2482.0
6282.0,3686.0,2482.0
6283.0,3686.0,2482.0
6283.0,3695.0,2482.0
6291.0,3695.0,2482.0
6291.0,3709.0,2482.0
6307.0,3709.0,2482.0
6307.0,3724.0,2482.0
6319.0,3724.0,2482.0
6319.0,3739.0,2482.0
6335.0,3739.0,2480.0
6335.0,3753.0,2480.0
6348.0,3753.0,2470.0
6348.0,3767.0,2470.0
6364.0,3767.0,2477.0
6364.0,3781.0,2477.0
6377.0,3781.0,2477.0
6377.0,3796.0,2477.0
6392.0,3796.0,2477.0
6392.0,3811.0,2477.0
6406.0,3811.0,2473.0
6406.0,3826.0,2473.0
6421.0,3826.0,2458.0
6421.0,3840.0,2458.0
6435.0,3840.0,2463.0
6435.0,3854.0,2463.0
6451.0,3854.0,2446.0
6451.0,3869.0,2446.0
6464.0,3869.0,2454.0
6464.0,3884.0,2454.0
6479.0,3884.0,2454.0
6479.0,3899.0,2454.0
6494.0,3899.0,2454.0
6494.0,3907.0,2454.0
6503.0,3907.0,2454.0
6503.0,3906.0,2454.0
6510.0,3906.0,2454.0
6510.0,3904.0,2454.0
6510.0,3904.0,2454.0
6510.0,3889.0,2454.0
6491.0,3889.0,2454.0
6491.0,3874.0,2454.0
6480.0,3874.0,2454.0
6480.0,3860.0,2454.0
6463.0,3860.0,2454.0
6463.0,3845.0,2454.0
6451.0,3845.0,2454.0
6451.0,3831.0,2454.0
6434.0,3831.0,2454.0
6434.0,3816.0,2454.0
6422.0,3816.0,2453.0
6422.0,3801.0,2453.0
6406.0,3801.0,2462.0
6406.0,3787.0,2462.0
6392.0,3787.0,2471.0
6392.0,3772.0,2471.0
6377.0,3772.0,2471.0
6377.0,3758.0,2471.0
6363.0,3758.0,2471.0
6363.0,3743.0,2471.0
6348.0,3743.0,2471.0
6348.0,3729.0,2471.0
6335.0,3729.0,2471.0
6335.0,3714.0,2471.0
6319.0,3714.0,2470.0
6319.0,3700.0,2470.0
6305.0,3700.0,2470.0
6305.0,3685.0,2470.0
6291.0,3685.0,2490.0
6291.0,3675.0,2490.0
6282.0,3675.0,2476.0
6282.0,3667.0,2476.0
6283.0,3667.0,2478.0
6283.0,3667.0,2478.0
6285.0,3667.0,2478.0
6285.0,3680.0,2478.0
6300.0,3680.0,2478.0
6300.0,3694.0,2478.0
6314.0,3694.0,2478.0
6314.0,3708.0,2478.0
6328.0,3708.0,2478.0
6328.0,3723.0,2478.0
6342.0,3723.0,2477.0
6342.0,3738.0,2477.0
6356.0,3738.0,2477.0
6356.0,3753.0,2477.0
6371.0,3753.0,2477.0
6371.0,3767.0,2477.0
6385.0,3767.0,2477.0
6385.0,3781.0,2477.0
6400.0,3781.0,2469.0
6400.0,3796.0,2469.0
6414.0,3796.0,2467.0
6414.0,3811.0,2467.0
6429.0,3811.0,2448.0
6429.0,3825.0,2448.0
6443.0,3825.0,2461.0
6443.0,3840.0,2461.0
6458.0,3840.0,2443.0
6458.0,3854.0,2443.0
6472.0,3854.0,2443.0
6472.0,3869.0,2443.0
6487.0,3869.0,2443.0
6487.0,3883.0,2443.0
6502.0,3883.0,2443.0
6502.0,3898.0,2443.0
6517.0,3898.0,2443.0
6517.0,3906.0,2443.0
6523.0,3906.0,2443.0
6523.0,3905.0,2443.0
6531.0,3905.0,2443.0
6531.0,3900.0,2443.0
6529.0,3900.0,2443.0
6529.0,3885.0,2443.0
6511.0,3885.0,2443.0
6511.0,3871.0,2443.0
6500.0,3871.0,2443.0
6500.0,3856.0,2443.0
6482.0,3856.0,2443.0
6482.0,3842.0,2443.0
6471.0,3842.0,2443.0
6471.0,3828.0,2443.0
6454.0,3828.0,2443.0
6454.0,3813.0,2443.0
6442.0,3813.0,2443.0
6442.0,3798.0,2443.0
6425.0,3798.0,2457.0
6425.0,3784.0,2457.0
6412.0,3784.0,2454.0
6412.0,3769.0,2454.0
6396.0,3769.0,2469.0
6396.0,3754.0,2469.0
6383.0,3754.0,2468.0
6383.0,3740.0,2468.0
6367.0,3740.0,2468.0
6367.0,3726.0,2468.0
6354.0,3726.0,2468.0
6354.0,3711.0,2468.0
6339.0,3711.0,2468.0
6339.0,3697.0,2468.0
6325.0,3697.0,2468.0
6325.0,3682.0,2468.0
6310.0,3682.0,2468.0
6310.0,3667.0,2468.0
6296.0,3667.0,2472.0
6296.0,3654.0,2472.0
6284.0,3654.0,2477.0
6284.0,3650.0,2477.0
6285.0,3650.0,2475.0
6285.0,3645.0,2475.0
6287.0,3645.0,2477.0
6287.0,3657.0,2477.0
6300.0,3657.0,2477.0
6300.0,3672.0,2477.0
6315.0,3672.0,2477.0
6315.0,3687.0,2477.0
6328.0,3687.0,2477.0
6328.0,3702.0,2477.0
6343.0,3702.0,2477.0
6343.0,3716.0,2477.0
6357.0,3716.0,2477.0
6357.0,3730.0,2477.0
6372.0,3730.0,2477.0
6372.0,3745.0,2477.0
6386.0,3745.0,2476.0
6386.0,3759.0,2476.0
6401.0,3759.0,2460.0
6401.0,3774.0,2460.0
6415.0,3774.0,2452.0
6415.0,3788.0,2452.0
6429.0,3788.0,2454.0
6429.0,3791.0,2454.0
6433.0,3791.0,2454.0
6433.0,3786.0,2454.0
6438.0,3786.0,2454.0
6438.0,3775.0,2454.0
6426.0,3775.0,2454.0
6426.0,3761.0,2454.0
6411.0,3761.0,2454.0
6411.0,3747.0,2454.0
6397.0,3747.0,2454.0
6397.0,3733.0,2454.0
6382.0,3733.0,2471.0
6382.0,3717.0,2471.0
6369.0,3717.0,2468.0
6369.0,3703.0,2468.0
6354.0,3703.0,2468.0
6354.0,3688.0,2468.0
6340.0,3688.0,2468.0
6340.0,3675.0,2468.0
6325.0,3675.0,2468.0
6325.0,3660.0,2468.0
6311.0,3660.0,2468.0
6311.0,3645.0,2468.0
6296.0,3645.0,2468.0
6296.0,3634.0,2468.0
6287.0,3634.0,2479.0
6287.0,3627.0,2479.0
6290.0,3627.0,2470.0
6290.0,3629.0,2470.0
6293.0,3629.0,2471.0
6293.0,3643.0,2471.0
6308.0,3643.0,2470.0
6308.0,3657.0,2470.0
6322.0,3657.0,2470.0
6322.0,3671.0,2470.0
6337.0,3671.0,2470.0
6337.0,3685.0,2470.0
6350.0,3685.0,2470.0
6350.0,3701.0,2470.0
6365.0,3701.0,2470.0
6365.0,3715.0,2470.0
6379.0,3715.0,2470.0
6379.0,3729.0,2470.0
6393.0,3729.0,2470.0
6393.0,3744.0,2470.0
6408.0,3744.0,2466.0
6408.0,3758.0,2466.0
6422.0,3758.0,2461.0
6422.0,3773.0,2461.0
6437.0,3773.0,2446.0
6437.0,3779.0,2446.0
6442.0,3779.0,2457.0
6442.0,3768.0,2457.0
6442.0,3768.0,2457.0
6442.0,3764.0,2457.0
6437.0,3764.0,2456.0
6437.0,3749.0,2456.0
6420.0,3749.0,2456.0
6420.0,3734.0,2456.0
6407.0,3734.0,2456.0
6407.0,3719.0,2456.0
6391.0,3719.0,2456.0
6391.0,3705.0,2456.0
6379.0,3705.0,2458.0
6379.0,3691.0,2458.0
6364.0,3691.0,2470.0
6350.0,3691.0,2461.0
6350.0,3677.0,2461.0
6350.0,3662.0,2461.0
6335.0,3662.0,2461.0
6321.0,3662.0,2461.0
6321.0,3647.0,2461.0
6306.0,3647.0,2482.0
6306.0,3632.0,2482.0
6306.0,3619.0,2482.0
6294.0,3619.0,2476.0
6294.0,3616.0,2476.0
6294.0,3616.0,2475.0
6294.0,3609.0,2475.0
6296.0,3609.0,2475.0
6296.0,3620.0,2475.0
6307.0,3620.0,2475.0
6307.0,3635.0,2475.0
6324.0,3635.0,2475.0
6324.0,3649.0,2475.0
6336.0,3649.0,2475.0
6336.0,3665.0,2475.0
6351.0,3665.0,2475.0
6351.0,3679.0,2475.0
6364.0,3679.0,2475.0
6364.0,3693.0,2475.0
6380.0,3693.0,2475.0
6380.0,3707.0,2475.0
6394.0,3707.0,2455.0
6394.0,3722.0,2455.0
6409.0,3722.0,2454.0
6409.0,3736.0,2454.0
6423.0,3736.0,2455.0
6423.0,3751.0,2455.0
6438.0,3751.0,2455.0
6438.0,3754.0,2455.0
6440.0,3754.0,2455.0
6440.0,3740.0,2455.0
6438.0,3740.0,2455.0
6438.0,3736.0,2455.0
6432.0,3736.0,2455.0
6432.0,3722.0,2455.0
6415.0,3722.0,2455.0
6415.0,3706.0,2455.0
6403.0,3706.0,2455.0
6403.0,3691.0,2455.0
6387.0,3691.0,2455.0
6387.0,3677.0,2455.0
6375.0,3677.0,2471.0
6359.0,3677.0,2460.0
6359.0,3663.0,2460.0
6359.0,3649.0,2460.0
6345.0,3649.0,2469.0
6330.0,3649.0,2469.0
6330.0,3634.0,2469.0
6330.0,3619.0,2469.0
6316.0,3619.0,2469.0
6316.0,3605.0,2469.0
6302.0,3605.0,2469.0
6302.0,3600.0,2469.0
6298.0,3600.0,2469.0
6298.0,3592.0,2469.0
6303.0,3592.0,2469.0
6303.0,3601.0,2469.0
6310.0,3601.0,2469.0
6310.0,3616.0,2469.0
6328.0,3616.0,2469.0
6339.0,3616.0,2469.0
6339.0,3630.0,2469.0
6339.0,3645.0,2469.0
6356.0,3645.0,2469.0
6356.0,3659.0,2469.0
6368.0,3659.0,2469.0
6368.0,3673.0,2469.0
6384.0,3673.0,2469.0
6384.0,3688.0,2469.0
6397.0,3688.0,2452.0
6397.0,3703.0,2452.0
6413.0,3703.0,2463.0
6413.0,3717.0,2463.0
6427.0,3717.0,2447.0
6427.0,3727.0,2447.0
6436.0,3727.0,2448.0
6436.0,3717.0,2448.0
6432.0,3717.0,2448.0
6432.0,3712.0,2448.0
6431.0,3712.0,2448.0
6431.0,3699.0,2448.0
6417.0,3699.0,2448.0
6417.0,3684.0,2448.0
6403.0,3684.0,2448.0
6403.0,3670.0,2448.0
6388.0,3670.0,2460.0
6388.0,3655.0,2460.0
6374.0,3655.0,2470.0
6360.0,3655.0,2468.0
6360.0,3641.0,2468.0
6360.0,3627.0,2468.0
6346.0,3627.0,2466.0
6346.0,3612.0,2466.0
6332.0,3612.0,2465.0
6332.0,3597.0,2465.0
6316.0,3597.0,2465.0
6316.0,3585.0,2465.0
6305.0,3585.0,2465.0
6305.0,3581.0,2465.0
6307.0,3581.0,2465.0
6307.0,3578.0,2465.0
6312.0,3578.0,2465.0
6312.0,3592.0,2465.0
6326.0,3592.0,2465.0
6326.0,3607.0,2465.0
6341.0,3607.0,2465.0
6341.0,3621.0,2465.0
6354.0,3621.0,2465.0
6354.0,3636.0,2465.0
6369.0,3636.0,2465.0
6369.0,3650.0,2465.0
6382.0,3650.0,2465.0
6382.0,3665.0,2465.0
6398.0,3665.0,2465.0
6398.0,3680.0,2465.0
6411.0,3680.0,2451.0
6411.0,3694.0,2451.0
6427.0,3694.0,2459.0
6427.0,3698.0,2459.0
6429.0,3698.0,2459.0
6429.0,3685.0,2459.0
6427.0,3685.0,2456.0
6427.0,3681.0,2456.0
6423.0,3681.0,2456.0
6406.0,3681.0,2456.0
6406.0,3667.0,2456.0
6406.0,3651.0,2456.0
6393.0,3651.0,2456.0
6393.0,3637.0,2456.0
6378.0,3637.0,2456.0
6365.0,3637.0,2456.0
6365.0,3622.0,2456.0
6365.0,3608.0,2456.0
6350.0,3608.0,2473.0
6350.0,3594.0,2473.0
6336.0,3594.0,2470.0
6336.0,3579.0,2470.0
6321.0,3579.0,2470.0
6321.0,3570.0,2470.0
6313.0,3570.0,2470.0
6313.0,3562.0,2470.0
6318.0,3562.0,2470.0
6318.0,3568.0,2470.0
6323.0,3568.0,2470.0
6323.0,3583.0,2470.0
6339.0,3583.0,2470.0
6339.0,3598.0,2470.0
6352.0,3598.0,2470.0
6352.0,3611.0,2470.0
6367.0,3611.0,2470.0
6367.0,3625.0,2470.0
6381.0,3625.0,2470.0
6381.0,3641.0,2470.0
6396.0,3641.0,2458.0
6396.0,3655.0,2458.0
6410.0,3655.0,2461.0
6410.0,3669.0,2461.0
6423.0,3669.0,2444.0
6423.0,3668.0,2444.0
6424.0,3668.0,2450.0
6424.0,3656.0,2450.0
6421.0,3656.0,2451.0
6421.0,3649.0,2451.0
6414.0,3649.0,2451.0
6414.0,3635.0,2451.0
6397.0,3635.0,2451.0
6397.0,3620.0,2451.0
6385.0,3620.0,2451.0
6385.0,3605.0,2451.0
6369.0,3605.0,2468.0
6369.0,3591.0,2468.0
6357.0,3591.0,2465.0
6357.0,3576.0,2465.0
6340.0,3576.0,2465.0
6340.0,3562.0,2465.0
6327.0,3562.0,2465.0
6327.0,3556.0,2465.0
6321.0,3556.0,2465.0
6321.0,3549.0,2465.0
6328.0,3549.0,2465.0
6328.0,3558.0,2465.0
6335.0,3558.0,2465.0
6335.0,3573.0,2465.0
6353.0,3573.0,2465.0
6353.0,3587.0,2465.0
6364.0,3587.0,2465.0
6364.0,3601.0,2465.0
6380.0,3601.0,2465.0
6380.0,3616.0,2465.0
6392.0,3616.0,2456.0
6409.0,3616.0,2454.0
6409.0,3630.0,2454.0
6419.0,3630.0,2456.0
6419.0,3642.0,2456.0
6419.0,3638.0,2456.0
6418.0,3638.0,2456.0
6418.0,3628.0,2456.0
6416.0,3628.0,2456.0
6416.0,3617.0,2456.0
6406.0,3617.0,2456.0
6406.0,3603.0,2456.0
6389.0,3603.0,2456.0
6389.0,3589.0,2456.0
6377.0,3589.0,2456.0
6377.0,3574.0,2456.0
6361.0,3574.0,2456.0
6361.0,3559.0,2456.0
6347.0,3559.0,2473.0
6347.0,3545.0,2473.0
6333.0,3545.0,2473.0
6333.0,3542.0,2473.0
6335.0,3542.0,2473.0
6335.0,3538.0,2473.0
6339.0,3538.0,2473.0
6351.0,3538.0,2473.0
6351.0,3550.0,2473.0
6351.0,3564.0,2473.0
6367.0,3564.0,2469.0
6367.0,3579.0,2469.0
6379.0,3579.0,2455.0
6379.0,3593.0,2455.0
6395.0,3593.0,2460.0
6395.0,3597.0,2460.0
6397.0,3597.0,2460.0
6397.0,3594.0,2460.0
6405.0,3594.0,2455.0
6405.0,3585.0,2455.0
6394.0,3585.0,2450.0
6394.0,3570.0,2450.0
6379.0,3570.0,2461.0
6379.0,3556.0,2461.0
6366.0,3556.0,2460.0
6366.0,3541.0,2460.0
6351.0,3541.0,2460.0
6351.0,3530.0,2460.0
6343.0,3530.0,2460.0
6343.0,3526.0,2460.0
6348.0,3526.0,2460.0
6348.0,3530.0,2460.0
6353.0,3530.0,2460.0
6353.0,3545.0,2460.0
6369.0,3545.0,2460.0
6369.0,3559.0,2460.0
6383.0,3559.0,2460.0
6383.0,3573.0,2460.0
6397.0,3573.0,2460.0
6397.0,3588.0,2460.0
6411.0,3588.0,2447.0
6411.0,3592.0,2447.0
6415.0,3592.0,2460.0
6415.0,3590.0,2460.0
6424.0,3590.0,2446.0
6424.0,3582.0,2446.0
6414.0,3582.0,2445.0
6414.0,3568.0,2445.0
6399.0,3568.0,2445.0
6399.0,3552.0,2445.0
6386.0,3552.0,2453.0
6386.0,3538.0,2453.0
6371.0,3538.0,2454.0
6371.0,3523.0,2454.0
6358.0,3523.0,2464.0
6358.0,3519.0,2464.0
6354.0,3519.0,2454.0
6354.0,3515.0,2454.0
6363.0,3515.0,2453.0
6363.0,3525.0,2453.0
6369.0,3525.0,2453.0
6369.0,3539.0,2453.0
6388.0,3539.0,2453.0
6388.0,3554.0,2453.0
6399.0,3554.0,2453.0
6416.0,3554.0,2453.0
6416.0,3569.0,2453.0
6416.0,3583.0,2453.0
6427.0,3583.0,2453.0
6427.0,3588.0,2453.0
6435.0,3588.0,2453.0
6440.0,3588.0,2453.0
6440.0,3585.0,2453.0
6440.0,3577.0,2453.0
6434.0,3577.0,2453.0
6434.0,3563.0,2453.0
6417.0,3563.0,2453.0
6417.0,3548.0,2453.0
6405.0,3548.0,2453.0
6405.0,3534.0,2453.0
6387.0,3534.0,2453.0
6387.0,3519.0,2453.0
6376.0,3519.0,2453.0
6376.0,3509.0,2453.0
6365.0,3509.0,2453.0
6365.0,3505.0,2453.0
6374.0,3505.0,2453.0
6374.0,3508.0,2453.0
6376.0,3508.0,2453.0
6394.0,3508.0,2453.0
6394.0,3523.0,2453.0
6394.0,3537.0,2453.0
6406.0,3537.0,2453.0
6406.0,3552.0,2453.0
6421.0,3552.0,2453.0
6421.0,3566.0,2453.0
6435.0,3566.0,2453.0
6435.0,3571.0,2453.0
6439.0,3571.0,2453.0
6439.0,3557.0,2453.0
6435.0,3557.0,2453.0
6435.0,3554.0,2453.0
6432.0,3554.0,2452.0
6432.0,3539.0,2452.0
6415.0,3539.0,2452.0
6415.0,3524.0,2452.0
6403.0,3524.0,2452.0
6403.0,3509.0,2452.0
6387.0,3509.0,2452.0
6387.0,3499.0,2452.0
6379.0,3499.0,2452.0
6379.0,3496.0,2452.0
6386.0,3496.0,2452.0
6386.0,3500.0,2452.0
6391.0,3500.0,2452.0
6391.0,3514.0,2452.0
6407.0,3514.0,2452.0
6407.0,3529.0,2452.0
6420.0,3529.0,2452.0
6420.0,3543.0,2452.0
6435.0,3543.0,2452.0
6435.0,3549.0,2452.0
6441.0,3549.0,2452.0
6441.0,3547.0,2452.0
6448.0,3547.0,2452.0
6442.0,3547.0,2450.0
6442.0,3540.0,2450.0
6442.0,3525.0,2450.0
6424.0,3525.0,2450.0
6424.0,3510.0,2450.0
6413.0,3510.0,2450.0
6413.0,3496.0,2450.0
6395.0,3496.0,2450.0
6395.0,3491.0,2450.0
6394.0,3491.0,2450.0
6402.0,3491.0,2450.0
6402.0,3487.0,2450.0
6402.0,3496.0,2450.0
6410.0,3496.0,2450.0
6410.0,3511.0,2450.0
6427.0,3511.0,2450.0
6427.0,3525.0,2450.0
6439.0,3525.0,2450.0
6439.0,3540.0,2450.0
6455.0,3540.0,2450.0
6455.0,3554.0,2450.0
6468.0,3554.0,2433.0
6468.0,3569.0,2433.0
6484.0,3569.0,2440.0
6484.0,3577.0,2440.0
6491.0,3577.0,2441.0
6491.0,3579.0,2441.0
6483.0,3579.0,2441.0
6483.0,3576.0,2441.0
6477.0,3576.0,2441.0
6477.0,3561.0,2441.0
6462.0,3561.0,2441.0
6462.0,3557.0,2441.0
6458.0,3557.0,2441.0
6458.0,3571.0,2441.0
6463.0,3571.0,2441.0
6463.0,3574.0,2441.0
6466.0,3574.0,2441.0
6466.0,3581.0,2441.0
6475.0,3581.0,2441.0
6475.0,3596.0,2441.0
6476.0,3596.0,2441.0
6476.0,3602.0,2441.0
6484.0,3602.0,2441.0
6484.0,3616.0,2441.0
6495.0,3616.0,2440.0
6495.0,3630.0,2440.0
6513.0,3630.0,2426.0
6513.0,3645.0,2426.0
6524.0,3645.0,2434.0
6524.0,3659.0,2434.0
6541.0,3659.0,2432.0
6541.0,3665.0,2432.0
6545.0,3665.0,2433.0
6545.0,3659.0,2433.0
6550.0,3659.0,2433.0
6550.0,3652.0,2433.0
6542.0,3652.0,2433.0
6542.0,3637.0,2433.0
6525.0,3637.0,2433.0
6525.0,3622.0,2433.0
6513.0,3622.0,2433.0
6513.0,3607.0,2433.0
6496.0,3607.0,2433.0
6496.0,3598.0,2433.0
6490.0,3598.0,2433.0
6490.0,3598.0,2433.0
6498.0,3598.0,2433.0
6498.0,3600.0,2433.0
6504.0,3600.0,2433.0
6504.0,3615.0,2433.0
6518.0,3615.0,2433.0
6518.0,3629.0,2433.0
6533.0,3629.0,2433.0
6533.0,3643.0,2433.0
6546.0,3643.0,2433.0
6546.0,3651.0,2433.0
6555.0,3651.0,2433.0
6555.0,3642.0,2433.0
6555.0,3642.0,2433.0
6555.0,3638.0,2433.0
6552.0,3638.0,2433.0
6552.0,3624.0,2433.0
6533.0,3624.0,2433.0
6533.0,3608.0,2433.0
6523.0,3608.0,2433.0
6523.0,3596.0,2433.0
6507.0,3596.0,2433.0
6507.0,3596.0,2433.0
6517.0,3596.0,2433.0
6524.0,3596.0,2433.0
6524.0,3597.0,2433.0
6524.0,3610.0,2433.0
6534.0,3610.0,2433.0
6534.0,3624.0,2433.0
6551.0,3624.0,2433.0
6551.0,3632.0,2433.0
6556.0,3632.0,2432.0
6556.0,3640.0,2432.0
6566.0,3640.0,2421.0
6566.0,3660.0,2421.0
6588.0,3660.0,2422.0
6588.0,3674.0,2422.0
6599.0,3674.0,2411.0
6599.0,3689.0,2411.0
6616.0,3689.0,2406.0
6616.0,3703.0,2406.0
6629.0,3703.0,2407.0
6629.0,3717.0,2407.0
6645.0,3717.0,2407.0
6645.0,3732.0,2407.0
6659.0,3732.0,2407.0
6659.0,3747.0,2407.0
6673.0,3747.0,2407.0
6673.0,3761.0,2407.0
6688.0,3761.0,2407.0
6688.0,3776.0,2407.0
6702.0,3776.0,2407.0
6702.0,3779.0,2407.0
6704.0,3779.0,2392.0
6704.0,3786.0,2392.0
6699.0,3786.0,2394.0
6699.0,3776.0,2394.0
6690.0,3776.0,2395.0
6690.0,3762.0,2395.0
6672.0,3762.0,2395.0
6672.0,3747.0,2395.0
6661.0,3747.0,2395.0
6661.0,3731.0,2395.0
6643.0,3731.0,2395.0
6643.0,3717.0,2395.0
6632.0,3717.0,2403.0
6632.0,3703.0,2403.0
6615.0,3703.0,2408.0
6615.0,3689.0,2408.0
6602.0,3689.0,2408.0
6586.0,3689.0,2415.0
6586.0,3674.0,2415.0
6578.0,3674.0,2417.0
6578.0,3663.0,2417.0
6572.0,3663.0,2417.0
6572.0,3667.0,2417.0
6573.0,3667.0,2421.0
6573.0,3671.0,2421.0
6573.0,3685.0,2421.0
6591.0,3685.0,2421.0
6591.0,3700.0,2421.0
6603.0,3700.0,2421.0
6603.0,3715.0,2421.0
6620.0,3715.0,2405.0
6620.0,3729.0,2405.0
6631.0,3729.0,2406.0
6631.0,3743.0,2406.0
6648.0,3743.0,2401.0
6648.0,3758.0,2401.0
6661.0,3758.0,2404.0
6661.0,3773.0,2404.0
6677.0,3773.0,2404.0
6677.0,3787.0,2404.0
6691.0,3787.0,2404.0
6691.0,3794.0,2404.0
6698.0,3794.0,2404.0
6691.0,3794.0,2404.0
6691.0,3802.0,2404.0
6691.0,3794.0,2404.0
6686.0,3794.0,2404.0
6686.0,3779.0,2404.0
6667.0,3779.0,2404.0
6667.0,3765.0,2404.0
6656.0,3765.0,2404.0
6656.0,3751.0,2404.0
6639.0,3751.0,2404.0
6639.0,3736.0,2404.0
6627.0,3736.0,2404.0
6627.0,3721.0,2404.0
6611.0,3721.0,2404.0
6611.0,3711.0,2404.0
6603.0,3711.0,2421.0
6603.0,3720.0,2421.0
6606.0,3720.0,2415.0
6606.0,3729.0,2415.0
6610.0,3729.0,2412.0
6610.0,3741.0,2412.0
6621.0,3741.0,2414.0
6621.0,3755.0,2414.0
6638.0,3755.0,2414.0
6638.0,3769.0,2414.0
6650.0,3769.0,2405.0
6650.0,3784.0,2405.0
6666.0,3784.0,2404.0
6666.0,3799.0,2404.0
6679.0,3799.0,2404.0
6689.0,3799.0,2404.0
6689.0,3808.0,2404.0
6689.0,3815.0,2404.0
6682.0,3815.0,2404.0
6682.0,3810.0,2404.0
6679.0,3810.0,2404.0
6679.0,3795.0,2404.0
6661.0,3795.0,2404.0
6661.0,3781.0,2404.0
6649.0,3781.0,2404.0
6633.0,3781.0,2404.0
6633.0,3767.0,2404.0
6620.0,3767.0,2404.0
6620.0,3752.0,2404.0
6620.0,3740.0,2404.0
6608.0,3740.0,2421.0
6608.0,3746.0,2421.0
6608.0,3746.0,2417.0
6608.0,3750.0,2417.0
6607.0,3750.0,2416.0
6607.0,3765.0,2416.0
6625.0,3765.0,2416.0
6625.0,3779.0,2416.0
6637.0,3779.0,2416.0
6637.0,3794.0,2416.0
6653.0,3794.0,2412.0
6653.0,3808.0,2412.0
6666.0,3808.0,2413.0
6666.0,3820.0,2413.0
6679.0,3820.0,2413.0
6679.0,3825.0,2413.0
6674.0,3825.0,2413.0
6674.0,3826.0,2413.0
6670.0,3826.0,2413.0
6670.0,3812.0,2413.0
6656.0,3812.0,2413.0
6656.0,3797.0,2413.0
6640.0,3797.0,2413.0
6640.0,3782.0,2413.0
6627.0,3782.0,2413.0
6627.0,3768.0,2413.0
6612.0,3768.0,2413.0
6612.0,3756.0,2413.0
6603.0,3756.0,2413.0
6603.0,3762.0,2413.0
6599.0,3762.0,2413.0
6599.0,3766.0,2413.0
6600.0,3766.0,2413.0
6600.0,3780.0,2413.0
6617.0,3780.0,2413.0
6617.0,3795.0,2413.0
6630.0,3795.0,2413.0
6630.0,3810.0,2413.0
6647.0,3810.0,2413.0
6647.0,3824.0,2413.0
6659.0,3824.0,2413.0
6669.0,3824.0,2413.0
6669.0,3834.0,2413.0
6669.0,3839.0,2413.0
6661.0,3839.0,2413.0
6661.0,3834.0,2413.0
6658.0,3834.0,2413.0
6658.0,3819.0,2413.0
6640.0,3819.0,2413.0
6640.0,3805.0,2413.0
6627.0,3805.0,2413.0
6627.0,3791.0,2413.0
6611.0,3791.0,2413.0
6611.0,3776.0,2413.0
6598.0,3776.0,2413.0
6598.0,3768.0,2413.0
6590.0,3768.0,2415.0
6590.0,3773.0,2415.0
6586.0,3773.0,2415.0
6586.0,3778.0,2415.0
6590.0,3778.0,2415.0
6590.0,3793.0,2415.0
6608.0,3793.0,2415.0
6608.0,3808.0,2415.0
6619.0,3808.0,2415.0
6619.0,3823.0,2415.0
6637.0,3823.0,2415.0
6637.0,3837.0,2415.0
6649.0,3837.0,2415.0
6649.0,3845.0,2415.0
6658.0,3845.0,2415.0
6658.0,3851.0,2415.0
6649.0,3851.0,2399.0
6649.0,3844.0,2399.0
6645.0,3844.0,2413.0
6645.0,3829.0,2413.0
6626.0,3829.0,2412.0
6626.0,3815.0,2412.0
6615.0,3815.0,2420.0
6615.0,3800.0,2420.0
6598.0,3800.0,2421.0
6598.0,3786.0,2421.0
6585.0,3786.0,2421.0
6585.0,3776.0,2421.0
6575.0,3776.0,2421.0
6571.0,3776.0,2421.0
6571.0,3780.0,2421.0
6571.0,3784.0,2421.0
6573.0,3784.0,2421.0
6573.0,3799.0,2421.0
6591.0,3799.0,2421.0
6591.0,3814.0,2421.0
6602.0,3814.0,2421.0
6602.0,3829.0,2421.0
6619.0,3829.0,2421.0
6619.0,3843.0,2421.0
6631.0,3843.0,2421.0
6631.0,3855.0,2421.0
6646.0,3855.0,2403.0
6646.0,3858.0,2403.0
6639.0,3858.0,2417.0
6639.0,3859.0,2417.0
6635.0,3859.0,2410.0
6635.0,3845.0,2410.0
6621.0,3845.0,2410.0
6621.0,3830.0,2410.0
6606.0,3830.0,2428.0
6606.0,3816.0,2428.0
6592.0,3816.0,2423.0
6592.0,3801.0,2423.0
6576.0,3801.0,2422.0
6576.0,3792.0,2422.0
6569.0,3792.0,2422.0
6569.0,3801.0,2422.0
6571.0,3801.0,2422.0
6571.0,3806.0,2422.0
6574.0,3806.0,2422.0
6574.0,3821.0,2422.0
6587.0,3821.0,2422.0
6587.0,3835.0,2422.0
6602.0,3835.0,2422.0
6602.0,3849.0,2422.0
6616.0,3849.0,2422.0
6616.0,3863.0,2422.0
6630.0,3863.0,2423.0
6630.0,3866.0,2423.0
6630.0,3866.0,2423.0
6630.0,3870.0,2423.0
6623.0,3870.0,2423.0
6623.0,3859.0,2423.0
6613.0,3859.0,2423.0
6613.0,3845.0,2423.0
6595.0,3845.0,2423.0
6595.0,3830.0,2423.0
6584.0,3830.0,2423.0
6584.0,3817.0,2423.0
6570.0,3817.0,2423.0
6570.0,3819.0,2423.0
6568.0,3819.0,2423.0
6568.0,3823.0,2423.0
6564.0,3823.0,2423.0
6564.0,3837.0,2423.0
6583.0,3837.0,2423.0
6583.0,3851.0,2423.0
6594.0,3851.0,2423.0
6594.0,3866.0,2423.0
6612.0,3866.0,2423.0
6612.0,3875.0,2423.0
6617.0,3875.0,2423.0
6617.0,3879.0,2423.0
6611.0,3879.0,2423.0
6611.0,3874.0,2423.0
6605.0,3874.0,2423.0
6605.0,3860.0,2423.0
6589.0,3860.0,2423.0
6589.0,3845.0,2423.0
6576.0,3845.0,2423.0
6576.0,3831.0,2423.0
6561.0,3831.0,2423.0
6561.0,3816.0,2423.0
6547.0,3816.0,2423.0
6547.0,3801.0,2423.0
6532.0,3801.0,2423.0
6532.0,3790.0,2423.0
6521.0,3790.0,2437.0
6521.0,3792.0,2437.0
6516.0,3792.0,2434.0
6516.0,3794.0,2434.0
6512.0,3794.0,2439.0
6512.0,3808.0,2439.0
6531.0,3808.0,2437.0
6531.0,3822.0,2437.0
6542.0,3822.0,2437.0
6542.0,3837.0,2437.0
6559.0,3837.0,2424.0
6559.0,3851.0,2424.0
6571.0,3851.0,2433.0
6571.0,3866.0,2433.0
6588.0,3866.0,2433.0
6588.0,3880.0,2433.0
6599.0,3880.0,2431.0
6599.0,3883.0,2431.0
6602.0,3883.0,2425.0
6602.0,3887.0,2425.0
6592.0,3887.0,2425.0
6592.0,3876.0,2425.0
6586.0,3876.0,2425.0
6586.0,3862.0,2425.0
6566.0,3862.0,2425.0
6566.0,3847.0,2425.0
6556.0,3847.0,2425.0
6556.0,3832.0,2425.0
6538.0,3832.0,2425.0
6538.0,3818.0,2425.0
6527.0,3818.0,2425.0
6527.0,3803.0,2425.0
6510.0,3803.0,2431.0
6510.0,3796.0,2431.0
6504.0,3796.0,2439.0
6504.0,3807.0,2439.0
6507.0,3807.0,2432.0
6507.0,3811.0,2432.0
6509.0,3811.0,2432.0
6509.0,3825.0,2432.0
6525.0,3825.0,2432.0
6525.0,3840.0,2432.0
6538.0,3840.0,2432.0
6538.0,3855.0,2432.0
6553.0,3855.0,2432.0
6553.0,3869.0,2432.0
6567.0,3869.0,2432.0
6567.0,3883.0,2432.0
6582.0,3883.0,2432.0
6582.0,3890.0,2432.0
6588.0,3890.0,2432.0
6588.0,3894.0,2432.0
6578.0,3894.0,2432.0
6578.0,3887.0,2432.0
6573.0,3887.0,2432.0
6573.0,3872.0,2432.0
6554.0,3872.0,2432.0
6554.0,3857.0,2432.0
6543.0,3857.0,2432.0
6543.0,3843.0,2432.0
6527.0,3843.0,2432.0
6527.0,3829.0,2432.0
6515.0,3829.0,2432.0
6515.0,3824.0,2432.0
6508.0,3824.0,2432.0
6508.0,3832.0,2432.0
6507.0,3832.0,2442.0
6507.0,3840.0,2442.0
6515.0,3840.0,2434.0
6515.0,3855.0,2434.0
6532.0,3855.0,2434.0
6532.0,3870.0,2434.0
6544.0,3870.0,2433.0
6544.0,3884.0,2433.0
6561.0,3884.0,2433.0
6561.0,3896.0,2433.0
6570.0,3896.0,2433.0
6570.0,3898.0,2433.0
6564.0,3898.0,2433.0
6564.0,3897.0,2433.0
6558.0,3897.0,2433.0
6558.0,3883.0,2433.0
6546.0,3883.0,2433.0
6546.0,3868.0,2433.0
6529.0,3868.0,2433.0
6529.0,3854.0,2433.0
6517.0,3854.0,2433.0
6500.0,3854.0,2442.0
6500.0,3839.0,2442.0
6500.0,3834.0,2442.0
6497.0,3834.0,2441.0
6497.0,3821.0,2441.0
6486.0,3821.0,2451.0
6486.0,3808.0,2451.0
6469.0,3808.0,2452.0
6469.0,3801.0,2452.0
6464.0,3801.0,2452.0
6464.0,3803.0,2452.0
6455.0,3803.0,2452.0
6455.0,3808.0,2452.0
6460.0,3808.0,2452.0
6460.0,3823.0,2452.0
6478.0,3823.0,2452.0
6478.0,3837.0,2452.0
6489.0,3837.0,2452.0
6489.0,3852.0,2452.0
6506.0,3852.0,2450.0
6506.0,3867.0,2450.0
6518.0,3867.0,2444.0
6518.0,3881.0,2444.0
6535.0,3881.0,2443.0
6535.0,3895.0,2443.0
6547.0,3895.0,2426.0
6547.0,3901.0,2426.0
6553.0,3901.0,2431.0
6553.0,3903.0,2431.0
6540.0,3903.0,2431.0
6540.0,3896.0,2431.0
6537.0,3896.0,2431.0
6537.0,3881.0,2431.0
6518.0,3881.0,2431.0
6518.0,3867.0,2431.0
6507.0,3867.0,2446.0
6507.0,3852.0,2446.0
6490.0,3852.0,2444.0
6490.0,3837.0,2444.0
6478.0,3837.0,2444.0
6478.0,3823.0,2444.0
6462.0,3823.0,2444.0
6462.0,3809.0,2444.0
6448.0,3809.0,2443.0
6448.0,3803.0,2443.0
6443.0,3803.0,2443.0
6443.0,3801.0,2443.0
6461.0,3801.0,2443.0
6461.0,3799.0,2443.0
6477.0,3799.0,2443.0
6477.0,3806.0,2443.0
6479.0,3806.0,2443.0
6479.0,3809.0,2443.0
6488.0,3809.0,2443.0
6488.0,3788.0,2443.0
6488.0,3788.0,2443.0
6496.0,3788.0,2443.0
6496.0,3774.0,2443.0
6496.0,3767.0,2443.0
6485.0,3767.0,2443.0
6485.0,3763.0,2443.0
6483.0,3763.0,2443.0
6483.0,3748.0,2443.0
6481.0,3748.0,2443.0
6481.0,3754.0,2443.0
6486.0,3754.0,2443.0
6486.0,3769.0,2443.0
6502.0,3769.0,2443.0
6502.0,3773.0,2443.0
6505.0,3773.0,2443.0
6505.0,3771.0,2443.0
6515.0,3771.0,2443.0
6515.0,3762.0,2443.0
6503.0,3762.0,2443.0
6503.0,3748.0,2443.0
6488.0,3748.0,2443.0
6488.0,3735.0,2443.0
6477.0,3735.0,2443.0
6477.0,3730.0,2443.0
6477.0,3730.0,2443.0
6477.0,3721.0,2443.0
6476.0,3721.0,2443.0
6476.0,3732.0,2443.0
6488.0,3732.0,2443.0
6488.0,3747.0,2443.0
6503.0,3747.0,2443.0
6503.0,3761.0,2443.0
6516.0,3761.0,2425.0
6516.0,3769.0,2425.0
6525.0,3769.0,2437.0
6525.0,3767.0,2437.0
6531.0,3767.0,2428.0
6531.0,3762.0,2428.0
6528.0,3762.0,2433.0
6528.0,3747.0,2433.0
6509.0,3747.0,2430.0
6509.0,3732.0,2430.0
6499.0,3732.0,2431.0
6499.0,3718.0,2431.0
6480.0,3718.0,2449.0
6480.0,3707.0,2449.0
6475.0,3707.0,2449.0
6475.0,3700.0,2449.0
6472.0,3700.0,2449.0
6472.0,3695.0,2449.0
6472.0,3695.0,2449.0
6472.0,3706.0,2449.0
6485.0,3706.0,2449.0
6485.0,3720.0,2449.0
6500.0,3720.0,2435.0
6500.0,3735.0,2435.0
6514.0,3735.0,2429.0
6514.0,3750.0,2429.0
6529.0,3750.0,2429.0
6529.0,3764.0,2429.0
6540.0,3764.0,2429.0
6540.0,3763.0,2429.0
6544.0,3763.0,2429.0
6544.0,3761.0,2429.0
6549.0,3761.0,2429.0
6549.0,3748.0,2429.0
6535.0,3748.0,2430.0
6535.0,3734.0,2430.0
6522.0,3734.0,2430.0
6522.0,3720.0,2430.0
6506.0,3720.0,2430.0
6506.0,3705.0,2430.0
6492.0,3705.0,2435.0
6492.0,3690.0,2435.0
6478.0,3690.0,2446.0
6478.0,3679.0,2446.0
6467.0,3679.0,2445.0
6467.0,3672.0,2445.0
6467.0,3672.0,2445.0
6467.0,3666.0,2445.0
6466.0,3666.0,2445.0
6466.0,3678.0,2445.0
6479.0,3678.0,2445.0
6479.0,3692.0,2445.0
6494.0,3692.0,2445.0
6494.0,3706.0,2445.0
6509.0,3706.0,2430.0
6509.0,3721.0,2430.0
6523.0,3721.0,2436.0
6523.0,3736.0,2436.0
6537.0,3736.0,2419.0
6537.0,3751.0,2419.0
6551.0,3751.0,2431.0
6551.0,3756.0,2431.0
6557.0,3756.0,2433.0
6557.0,3750.0,2433.0
6562.0,3750.0,2430.0
6555.0,3750.0,2430.0
6555.0,3743.0,2430.0
6537.0,3743.0,2430.0
6537.0,3729.0,2430.0
6524.0,3729.0,2431.0
6524.0,3714.0,2431.0
6524.0,3699.0,2431.0
6508.0,3699.0,2431.0
6508.0,3684.0,2431.0
6496.0,3684.0,2431.0
6496.0,3670.0,2431.0
6480.0,3670.0,2439.0
6480.0,3656.0,2439.0
6467.0,3656.0,2442.0
6467.0,3651.0,2442.0
6461.0,3651.0,2440.0
6461.0,3637.0,2440.0
6461.0,3637.0,2440.0
6461.0,3642.0,2440.0
6465.0,3642.0,2439.0
6465.0,3657.0,2439.0
6483.0,3657.0,2439.0
6483.0,3672.0,2439.0
6494.0,3672.0,2439.0
6494.0,3684.0,2439.0
6509.0,3684.0,2427.0
6509.0,3683.0,2427.0
6510.0,3683.0,2431.0
6510.0,3678.0,2431.0
6513.0,3678.0,2438.0
6513.0,3664.0,2438.0
6496.0,3664.0,2434.0
6496.0,3650.0,2434.0
6483.0,3650.0,2435.0
6483.0,3636.0,2435.0
6467.0,3636.0,2433.0
6467.0,3624.0,2433.0
6458.0,3624.0,2439.0
6458.0,3619.0,2439.0
6458.0,3619.0,2442.0
6458.0,3613.0,2442.0
6459.0,3613.0,2442.0
6459.0,3624.0,2442.0
6472.0,3624.0,2442.0
6472.0,3639.0,2442.0
6487.0,3639.0,2442.0
6487.0,3654.0,2442.0
6500.0,3654.0,2429.0
6516.0,3654.0,2431.0
6516.0,3669.0,2431.0
6516.0,3677.0,2431.0
6523.0,3677.0,2425.0
6523.0,3674.0,2425.0
6529.0,3674.0,2425.0
6529.0,3669.0,2425.0
6526.0,3669.0,2425.0
6526.0,3654.0,2425.0
6508.0,3654.0,2426.0
6508.0,3639.0,2426.0
6497.0,3639.0,2426.0
6497.0,3625.0,2426.0
6480.0,3625.0,2429.0
6480.0,3611.0,2429.0
6468.0,3611.0,2432.0
6468.0,3605.0,2432.0
6460.0,3605.0,2438.0
6460.0,3602.0,2438.0
6472.0,3602.0,2440.0
6472.0,3609.0,2440.0
6476.0,3609.0,2440.0
6476.0,3624.0,2440.0
6496.0,3624.0,2429.0
6496.0,3638.0,2429.0
6506.0,3638.0,2427.0
6506.0,3652.0,2427.0
6523.0,3652.0,2427.0
6523.0,3667.0,2427.0
6535.0,3667.0,2427.0
6535.0,3671.0,2427.0
6541.0,3671.0,2427.0
6541.0,3675.0,2427.0
6554.0,3675.0,2427.0
6554.0,3679.0,2427.0
6559.0,3679.0,2427.0
6559.0,3689.0,2427.0
6569.0,3689.0,2427.0
6569.0,3689.0,2427.0
6561.0,3689.0,2427.0
6561.0,3689.0,2427.0
6555.0,3689.0,2427.0
6555.0,3693.0,2427.0
6555.0,3693.0,2427.0
6555.0,3697.0,2427.0
6552.0,3697.0,2427.0
6552.0,3698.0,2427.0
6551.0,3698.0,2427.0
6551.0,3697.0,2427.0
6538.0,3697.0,2427.0
6538.0,3709.0,2427.0
6559.0,3709.0,2427.0
6559.0,3721.0,2427.0
6565.0,3721.0,2427.0
6565.0,3725.0,2427.0
6569.0,3725.0,2427.0
6569.0,3734.0,2427.0
6567.0,3734.0,2427.0
6567.0,3724.0,2427.0
6558.0,3724.0,2427.0
6558.0,3710.0,2427.0
6540.0,3710.0,2427.0
6540.0,3696.0,2427.0
6531.0,3696.0,2427.0
6531.0,3695.0,2427.0
6525.0,3695.0,2427.0
6525.0,3696.0,2427.0
6518.0,3696.0,2427.0
6518.0,3708.0,2427.0
6533.0,3708.0,2427.0
6533.0,3722.0,2427.0
6546.0,3722.0,2427.0
6546.0,3737.0,2427.0
6561.0,3737.0,2427.0
6561.0,3744.0,2427.0
6567.0,3744.0,2427.0
6567.0,3755.0,2427.0
6558.0,3755.0,2427.0
6558.0,3780.0,2427.0
6543.0,3780.0,2427.0
6543.0,3786.0,2427.0
6540.0,3786.0,2427.0
6540.0,3792.0,2427.0
6547.0,3792.0,2427.0
6547.0,3804.0,2427.0
6547.0,3804.0,2427.0
6547.0,3803.0,2427.0
6547.0,3803.0,2427.0
6531.0,3803.0,2427.0
6531.0,3789.0,2427.0
6531.0,3789.0,2427.0
6531.0,3786.0,2427.0
6542.0,3786.0,2427.0
6542.0,3768.0,2427.0
6542.0,3731.0,2427.0
6567.0,3731.0,2427.0
6567.0,3702.0,2427.0
6583.0,3702.0,2417.0
6583.0,3695.0,2417.0
6586.0,3695.0,2420.0
6586.0,3684.0,2420.0
6575.0,3684.0,2423.0
6575.0,3671.0,2423.0
6559.0,3671.0,2421.0
6559.0,3669.0,2421.0
6564.0,3669.0,2421.0
6564.0,3656.0,2421.0
6584.0,3656.0,2421.0
6584.0,3652.0,2421.0
6591.0,3652.0,2405.0
6591.0,3664.0,2405.0
6600.0,3664.0,2408.0
6600.0,3678.0,2408.0
6617.0,3678.0,2408.0
6617.0,3693.0,2408.0
6628.0,3693.0,2408.0
6628.0,3707.0,2408.0
6647.0,3707.0,2409.0
6647.0,3722.0,2409.0
6659.0,3722.0,2409.0
6659.0,3736.0,2409.0
6676.0,3736.0,2405.0
6676.0,3751.0,2405.0
6687.0,3751.0,2398.0
6687.0,3765.0,2398.0
6703.0,3765.0,2397.0
6707.0,3765.0,2397.0
6707.0,3770.0,2397.0
6707.0,3762.0,2397.0
6711.0,3762.0,2397.0
6703.0,3762.0,2397.0
6703.0,3755.0,2397.0
6686.0,3755.0,2398.0
6686.0,3741.0,2398.0
6673.0,3741.0,2398.0
6673.0,3726.0,2398.0
6658.0,3726.0,2397.0
6658.0,3711.0,2397.0
6658.0,3697.0,2397.0
6646.0,3697.0,2397.0
6646.0,3682.0,2397.0
6630.0,3682.0,2397.0
6630.0,3668.0,2397.0
6615.0,3668.0,2397.0
6615.0,3653.0,2397.0
6599.0,3653.0,2397.0
6593.0,3653.0,2410.0
6593.0,3645.0,2410.0
6593.0,3636.0,2410.0
6598.0,3636.0,2413.0
6598.0,3642.0,2413.0
6602.0,3642.0,2407.0
6602.0,3657.0,2407.0
6618.0,3657.0,2408.0
6618.0,3671.0,2408.0
6630.0,3671.0,2407.0
6630.0,3685.0,2407.0
6647.0,3685.0,2407.0
6647.0,3699.0,2407.0
6660.0,3699.0,2407.0
6660.0,3714.0,2407.0
6676.0,3714.0,2406.0
6676.0,3729.0,2406.0
6689.0,3729.0,2402.0
6689.0,3743.0,2402.0
6704.0,3743.0,2385.0
6704.0,3754.0,2385.0
6714.0,3754.0,2385.0
6714.0,3748.0,2385.0
6715.0,3748.0,2385.0
6715.0,3743.0,2385.0
6715.0,3743.0,2385.0
6715.0,3729.0,2385.0
6698.0,3729.0,2385.0
6698.0,3714.0,2385.0
6685.0,3714.0,2402.0
6670.0,3714.0,2396.0
6670.0,3700.0,2396.0
6670.0,3686.0,2396.0
6657.0,3686.0,2395.0
6657.0,3671.0,2395.0
6641.0,3671.0,2395.0
6641.0,3657.0,2395.0
6627.0,3657.0,2395.0
6627.0,3642.0,2395.0
6611.0,3642.0,2395.0
6611.0,3628.0,2395.0
6599.0,3628.0,2396.0
6599.0,3625.0,2396.0
6598.0,3625.0,2415.0
6598.0,3613.0,2415.0
6597.0,3613.0,2412.0
6597.0,3623.0,2412.0
6606.0,3623.0,2402.0
6606.0,3637.0,2402.0
6622.0,3637.0,2397.0
6622.0,3652.0,2397.0
6635.0,3652.0,2395.0
6635.0,3667.0,2395.0
6651.0,3667.0,2396.0
6651.0,3681.0,2396.0
6664.0,3681.0,2396.0
6664.0,3695.0,2396.0
6680.0,3695.0,2396.0
6680.0,3709.0,2396.0
6693.0,3709.0,2396.0
6693.0,3724.0,2396.0
6709.0,3724.0,2393.0
6709.0,3737.0,2393.0
6719.0,3737.0,2384.0
6719.0,3731.0,2384.0
6720.0,3731.0,2386.0
6720.0,3726.0,2386.0
6719.0,3726.0,2386.0
6719.0,3711.0,2386.0
6703.0,3711.0,2386.0
6703.0,3697.0,2386.0
6690.0,3697.0,2386.0
6690.0,3682.0,2386.0
6675.0,3682.0,2386.0
6675.0,3668.0,2386.0
6662.0,3668.0,2401.0
6662.0,3654.0,2401.0
6646.0,3654.0,2397.0
6646.0,3639.0,2397.0
6631.0,3639.0,2397.0
6631.0,3624.0,2397.0
6617.0,3624.0,2397.0
6617.0,3610.0,2397.0
6603.0,3610.0,2397.0
6603.0,3595.0,2397.0
6589.0,3595.0,2406.0
6589.0,3581.0,2406.0
6574.0,3581.0,2415.0
6574.0,3567.0,2415.0
6559.0,3567.0,2415.0
6559.0,3552.0,2415.0
6544.0,3552.0,2415.0
6544.0,3537.0,2415.0
6530.0,3537.0,2415.0
6530.0,3523.0,2415.0
6516.0,3523.0,2415.0
6516.0,3509.0,2415.0
6501.0,3509.0,2415.0
6501.0,3494.0,2415.0
6486.0,3494.0,2415.0
6486.0,3479.0,2415.0
6472.0,3479.0,2432.0
6460.0,3479.0,2433.0
6460.0,3466.0,2433.0
6456.0,3466.0,2432.0
6456.0,3467.0,2432.0
6456.0,3469.0,2432.0
6451.0,3469.0,2432.0
6451.0,3483.0,2432.0
6467.0,3483.0,2432.0
6467.0,3497.0,2432.0
6479.0,3497.0,2432.0
6479.0,3512.0,2432.0
6497.0,3512.0,2425.0
6497.0,3526.0,2425.0
6510.0,3526.0,2415.0
6510.0,3541.0,2415.0
6525.0,3541.0,2415.0
6525.0,3556.0,2415.0
6538.0,3556.0,2415.0
6538.0,3571.0,2415.0
6554.0,3571.0,2415.0
6554.0,3576.0,2415.0
6559.0,3576.0,2415.0
6559.0,3573.0,2415.0
6544.0,3573.0,2415.0
6544.0,3570.0,2415.0
6540.0,3570.0,2415.0
6540.0,3555.0,2415.0
6523.0,3555.0,2415.0
6523.0,3555.0,2415.0
6524.0,3555.0,2415.0
6524.0,3568.0,2415.0
6527.0,3568.0,2415.0
6527.0,3573.0,2415.0
6532.0,3573.0,2415.0
6532.0,3571.0,2415.0
6525.0,3571.0,2415.0
6525.0,3567.0,2415.0
6501.0,3567.0,2415.0
6501.0,3564.0,2415.0
6502.0,3564.0,2415.0
6483.0,3564.0,2417.0
6483.0,3549.0,2417.0
6483.0,3535.0,2417.0
6473.0,3535.0,2432.0
6473.0,3520.0,2432.0
6455.0,3520.0,2431.0
6455.0,3505.0,2431.0
6442.0,3505.0,2431.0
6442.0,3491.0,2431.0
6426.0,3491.0,2437.0
6426.0,3479.0,2437.0
6416.0,3479.0,2438.0
6416.0,3482.0,2438.0
6412.0,3482.0,2437.0
6412.0,3486.0,2437.0
6411.0,3486.0,2437.0
6411.0,3501.0,2437.0
6428.0,3501.0,2437.0
6428.0,3515.0,2437.0
6439.0,3515.0,2437.0
6439.0,3530.0,2437.0
6457.0,3530.0,2437.0
6457.0,3544.0,2437.0
6470.0,3544.0,2437.0
6470.0,3558.0,2437.0
6486.0,3558.0,2426.0
6486.0,3573.0,2426.0
6498.0,3573.0,2428.0
6498.0,3575.0,2428.0
6501.0,3575.0,2429.0
6501.0,3557.0,2429.0
6500.0,3557.0,2429.0
6500.0,3553.0,2429.0
6500.0,3553.0,2429.0
6486.0,3553.0,2429.0
6486.0,3539.0,2429.0
6471.0,3539.0,2429.0
6471.0,3525.0,2429.0
6471.0,3510.0,2429.0
6456.0,3510.0,2429.0
6456.0,3496.0,2429.0
6443.0,3496.0,2435.0
6443.0,3481.0,2435.0
6429.0,3481.0,2440.0
6429.0,3476.0,2440.0
6425.0,3476.0,2438.0
6425.0,3473.0,2438.0
6434.0,3473.0,2438.0
6434.0,3482.0,2438.0
6440.0,3482.0,2437.0
6440.0,3496.0,2437.0
6460.0,3496.0,2437.0
6460.0,3511.0,2437.0
6471.0,3511.0,2437.0
6471.0,3526.0,2437.0
6488.0,3526.0,2423.0
6488.0,3539.0,2423.0
6498.0,3539.0,2425.0
6498.0,3540.0,2425.0
6503.0,3540.0,2424.0
6503.0,3535.0,2424.0
6506.0,3535.0,2424.0
6506.0,3522.0,2424.0
6492.0,3522.0,2424.0
6492.0,3508.0,2424.0
6478.0,3508.0,2424.0
6478.0,3494.0,2424.0
6463.0,3494.0,2424.0
6463.0,3479.0,2424.0
6448.0,3479.0,2441.0
6448.0,3469.0,2441.0
6440.0,3469.0,2429.0
6440.0,3468.0,2429.0
6451.0,3468.0,2431.0
6451.0,3465.0,2431.0
6472.0,3465.0,2431.0
6472.0,3468.0,2431.0
6472.0,3468.0,2431.0
6472.0,3483.0,2431.0
6491.0,3483.0,2431.0
6491.0,3498.0,2431.0
6502.0,3498.0,2430.0
6519.0,3498.0,2430.0
6519.0,3512.0,2430.0
6519.0,3526.0,2430.0
6532.0,3526.0,2425.0
6532.0,3541.0,2425.0
6547.0,3541.0,2424.0
6547.0,3555.0,2424.0
6562.0,3555.0,2424.0
6562.0,3570.0,2424.0
6576.0,3570.0,2416.0
6576.0,3585.0,2416.0
6591.0,3585.0,2409.0
6591.0,3599.0,2409.0
6605.0,3599.0,2399.0
6605.0,3613.0,2399.0
6619.0,3613.0,2399.0
6619.0,3628.0,2399.0
6634.0,3628.0,2400.0
6634.0,3643.0,2400.0
6649.0,3643.0,2400.0
6649.0,3657.0,2400.0
6663.0,3657.0,2400.0
6663.0,3671.0,2400.0
6679.0,3671.0,2400.0
6679.0,3686.0,2400.0
6692.0,3686.0,2400.0
6692.0,3701.0,2400.0
6707.0,3701.0,2385.0
6707.0,3715.0,2385.0
6721.0,3715.0,2388.0
6721.0,3716.0,2388.0
6723.0,3716.0,2388.0
6723.0,3707.0,2388.0
6723.0,3707.0,2388.0
6723.0,3697.0,2388.0
6714.0,3697.0,2388.0
6714.0,3683.0,2388.0
6698.0,3683.0,2388.0
6698.0,3669.0,2388.0
6685.0,3669.0,2388.0
6685.0,3654.0,2388.0
6669.0,3654.0,2388.0
6669.0,3639.0,2388.0
6656.0,3639.0,2389.0
6656.0,3625.0,2389.0
6640.0,3625.0,2390.0
6640.0,3611.0,2390.0
6627.0,3611.0,2390.0
6627.0,3596.0,2390.0
6611.0,3596.0,2398.0
6611.0,3582.0,2398.0
6598.0,3582.0,2399.0
6598.0,3567.0,2399.0
6582.0,3567.0,2399.0
6582.0,3552.0,2399.0
6568.0,3552.0,2417.0
6568.0,3537.0,2417.0
6553.0,3537.0,2411.0
6553.0,3523.0,2411.0
6539.0,3523.0,2410.0
6539.0,3509.0,2410.0
6524.0,3509.0,2414.0
6524.0,3494.0,2414.0
6510.0,3494.0,2414.0
6510.0,3479.0,2414.0
6495.0,3479.0,2414.0
6495.0,3465.0,2414.0
6482.0,3465.0,2418.0
6482.0,3463.0,2418.0
6483.0,3463.0,2427.0
6483.0,3463.0,2427.0
6493.0,3463.0,2427.0
6493.0,3473.0,2427.0
6500.0,3473.0,2427.0
6500.0,3487.0,2427.0
6519.0,3487.0,2427.0
6519.0,3501.0,2427.0
6529.0,3501.0,2427.0
6529.0,3516.0,2427.0
6547.0,3516.0,2425.0
6547.0,3531.0,2425.0
6559.0,3531.0,2409.0
6576.0,3531.0,2413.0
6576.0,3545.0,2413.0
6576.0,3560.0,2413.0
6588.0,3560.0,2412.0
6588.0,3574.0,2412.0
6605.0,3574.0,2395.0
6605.0,3589.0,2395.0
6617.0,3589.0,2398.0
6617.0,3603.0,2398.0
6633.0,3603.0,2399.0
6647.0,3603.0,2399.0
6647.0,3618.0,2399.0
6662.0,3618.0,2399.0
6662.0,3633.0,2399.0
6662.0,3647.0,2399.0
6676.0,3647.0,2399.0
6676.0,3662.0,2399.0
6691.0,3662.0,2393.0
6691.0,3676.0,2393.0
6705.0,3676.0,2387.0
6705.0,3691.0,2387.0
6720.0,3691.0,2389.0
6720.0,3696.0,2389.0
6725.0,3696.0,2389.0
6725.0,3696.0,2387.0
6725.0,3685.0,2387.0
6725.0,3682.0,2387.0
6720.0,3682.0,2386.0
6720.0,3667.0,2386.0
6703.0,3667.0,2386.0
6703.0,3651.0,2386.0
6691.0,3651.0,2386.0
6675.0,3651.0,2386.0
6675.0,3637.0,2386.0
6675.0,3622.0,2386.0
6662.0,3622.0,2389.0
6646.0,3622.0,2401.0
6646.0,3609.0,2401.0
6646.0,3594.0,2401.0
6633.0,3594.0,2400.0
6633.0,3579.0,2400.0
6618.0,3579.0,2400.0
6618.0,3565.0,2400.0
6603.0,3565.0,2400.0
6603.0,3550.0,2400.0
6589.0,3550.0,2401.0
6574.0,3550.0,2401.0
6574.0,3536.0,2401.0
6574.0,3521.0,2401.0
6559.0,3521.0,2420.0
6559.0,3507.0,2420.0
6545.0,3507.0,2412.0
6545.0,3492.0,2412.0
6530.0,3492.0,2411.0
6530.0,3477.0,2411.0
6516.0,3477.0,2412.0
6516.0,3463.0,2412.0
6503.0,3463.0,2412.0
6504.0,3463.0,2412.0
6504.0,3462.0,2412.0
6516.0,3462.0,2412.0
6516.0,3462.0,2412.0
6522.0,3462.0,2412.0
6522.0,3472.0,2412.0
6522.0,3486.0,2412.0
6541.0,3486.0,2412.0
6541.0,3501.0,2412.0
6551.0,3501.0,2412.0
6551.0,3515.0,2412.0
6569.0,3515.0,2411.0
6569.0,3530.0,2411.0
6581.0,3530.0,2411.0
6581.0,3545.0,2411.0
6598.0,3545.0,2411.0
6598.0,3559.0,2411.0
6610.0,3559.0,2406.0
6610.0,3574.0,2406.0
6626.0,3574.0,2406.0
6626.0,3588.0,2406.0
6639.0,3588.0,2406.0
6639.0,3603.0,2406.0
6655.0,3603.0,2405.0
6655.0,3617.0,2405.0
6669.0,3617.0,2400.0
6669.0,3632.0,2400.0
6684.0,3632.0,2390.0
6684.0,3646.0,2390.0
6698.0,3646.0,2391.0
6698.0,3661.0,2391.0
6712.0,3661.0,2382.0
6712.0,3674.0,2382.0
6725.0,3674.0,2381.0
6725.0,3669.0,2381.0
6724.0,3669.0,2381.0
6724.0,3661.0,2381.0
6724.0,3661.0,2381.0
6724.0,3649.0,2381.0
6712.0,3649.0,2381.0
6712.0,3636.0,2381.0
6696.0,3636.0,2381.0
6696.0,3622.0,2381.0
6683.0,3622.0,2382.0
6683.0,3607.0,2382.0
6667.0,3607.0,2395.0
6667.0,3592.0,2395.0
6654.0,3592.0,2394.0
6654.0,3577.0,2394.0
6639.0,3577.0,2394.0
6639.0,3563.0,2394.0
6625.0,3563.0,2394.0
6625.0,3549.0,2394.0
6610.0,3549.0,2394.0
6596.0,3549.0,2395.0
6596.0,3534.0,2395.0
6596.0,3519.0,2395.0
6580.0,3519.0,2403.0
6580.0,3505.0,2403.0
6567.0,3505.0,2413.0
6567.0,3490.0,2413.0
6551.0,3490.0,2413.0
6551.0,3476.0,2413.0
6537.0,3476.0,2413.0
6537.0,3463.0,2413.0
6525.0,3463.0,2413.0
6525.0,3464.0,2413.0
6532.0,3464.0,2413.0
6532.0,3465.0,2413.0
6541.0,3465.0,2413.0
6541.0,3477.0,2413.0
6549.0,3477.0,2413.0
6549.0,3491.0,2413.0
6569.0,3491.0,2413.0
6569.0,3505.0,2413.0
6579.0,3505.0,2412.0
6579.0,3520.0,2412.0
6597.0,3520.0,2394.0
6597.0,3535.0,2394.0
6608.0,3535.0,2396.0
6608.0,3549.0,2396.0
6625.0,3549.0,2396.0
6625.0,3564.0,2396.0
6638.0,3564.0,2396.0
6638.0,3578.0,2396.0
6654.0,3578.0,2396.0
6654.0,3593.0,2396.0
6667.0,3593.0,2396.0
6667.0,3607.0,2396.0
6683.0,3607.0,2396.0
6683.0,3622.0,2396.0
6696.0,3622.0,2381.0
6696.0,3637.0,2381.0
6712.0,3637.0,2389.0
6712.0,3648.0,2389.0
6722.0,3648.0,2373.0
6722.0,3642.0,2373.0
6720.0,3642.0,2391.0
6720.0,3634.0,2391.0
6719.0,3634.0,2384.0
6719.0,3622.0,2384.0
6707.0,3622.0,2384.0
6707.0,3608.0,2384.0
6691.0,3608.0,2384.0
6679.0,3608.0,2385.0
6679.0,3593.0,2385.0
6679.0,3579.0,2385.0
6662.0,3579.0,2386.0
6662.0,3565.0,2386.0
6649.0,3565.0,2396.0
6649.0,3550.0,2396.0
6634.0,3550.0,2392.0
6620.0,3550.0,2392.0
6620.0,3535.0,2392.0
6620.0,3521.0,2392.0
6604.0,3521.0,2392.0
6604.0,3506.0,2392.0
6591.0,3506.0,2392.0
6591.0,3492.0,2392.0
6575.0,3492.0,2395.0
6575.0,3477.0,2395.0
6562.0,3477.0,2406.0
6562.0,3466.0,2406.0
6551.0,3466.0,2407.0
6551.0,3468.0,2407.0
6559.0,3468.0,2407.0
6559.0,3472.0,2407.0
6571.0,3472.0,2407.0
6571.0,3483.0,2407.0
6578.0,3483.0,2407.0
6578.0,3497.0,2407.0
6598.0,3497.0,2407.0
6598.0,3511.0,2407.0
6607.0,3511.0,2407.0
6607.0,3526.0,2407.0
6625.0,3526.0,2407.0
6625.0,3540.0,2407.0
6637.0,3540.0,2407.0
6637.0,3555.0,2407.0
6654.0,3555.0,2394.0
6654.0,3570.0,2394.0
6666.0,3570.0,2391.0
6666.0,3584.0,2391.0
6683.0,3584.0,2393.0
6683.0,3598.0,2393.0
6695.0,3598.0,2393.0
6695.0,3613.0,2393.0
6711.0,3613.0,2375.0
6717.0,3613.0,2375.0
6717.0,3620.0,2375.0
6717.0,3608.0,2375.0
6711.0,3608.0,2375.0
6711.0,3601.0,2375.0
6707.0,3601.0,2389.0
6707.0,3587.0,2389.0
6695.0,3587.0,2379.0
6695.0,3572.0,2379.0
6679.0,3572.0,2385.0
6679.0,3558.0,2385.0
6666.0,3558.0,2385.0
6666.0,3544.0,2385.0
6651.0,3544.0,2399.0
6651.0,3529.0,2399.0
6637.0,3529.0,2399.0
6637.0,3514.0,2399.0
6621.0,3514.0,2399.0
6621.0,3500.0,2399.0
6607.0,3500.0,2399.0
6607.0,3486.0,2399.0
6593.0,3486.0,2399.0
6585.0,3486.0,2399.0
6585.0,3477.0,2399.0
6585.0,3481.0,2399.0
6595.0,3481.0,2399.0
6595.0,3488.0,2399.0
6610.0,3488.0,2399.0
6610.0,3497.0,2399.0
6615.0,3497.0,2399.0
6615.0,3512.0,2399.0
6635.0,3512.0,2399.0
6635.0,3526.0,2399.0
6645.0,3526.0,2399.0
6645.0,3541.0,2399.0
6663.0,3541.0,2399.0
6674.0,3541.0,2382.0
6674.0,3556.0,2382.0
6674.0,3570.0,2382.0
6692.0,3570.0,2391.0
6692.0,3580.0,2391.0
6699.0,3580.0,2380.0
6699.0,3571.0,2380.0
6693.0,3571.0,2384.0
6693.0,3550.0,2384.0
6679.0,3550.0,2384.0
6679.0,3545.0,2384.0
6675.0,3545.0,2384.0
6675.0,3529.0,2384.0
6658.0,3529.0,2384.0
6658.0,3514.0,2384.0
6646.0,3514.0,2402.0
6646.0,3510.0,2402.0
6639.0,3510.0,2397.0
6639.0,3509.0,2397.0
6639.0,3509.0,2429.0
6639.0,3509.0,2429.0
6639.0,3509.0,2467.0
6639.0,3509.0,2467.0
6639.0,3509.0,2511.0
6639.0,3509.0,2511.0
6639.0,3509.0,2586.0
6639.0,3509.0,2586.0
6639.0,3509.0,2652.0
6639.0,3509.0,2652.0
6639.0,3509.0,2764.0
6639.0,3509.0,2764.0
6639.0,3509.0,2842.0
6639.0,3510.0,2842.0
6635.0,3510.0,2848.0
6606.0,3510.0,2841.0
6606.0,3516.0,2841.0
6606.0,3528.0,2841.0
6553.0,3528.0,2879.0
6553.0,3545.0,2879.0
6478.0,3545.0,2875.0
6478.0,3563.0,2875.0
6398.0,3563.0,2901.0
6398.0,3577.0,2901.0
6342.0,3577.0,2900.0
6342.0,3586.0,2900.0
6306.0,3586.0,2912.0
6295.0,3586.0,2919.0
6295.0,3589.0,2919.0
6294.0,3589.0,2919.0
6294.0,3589.0,2919.0
6296.0,3589.0,2919.0
6296.0,3589.0,2919.0
6309.0,3589.0,2919.0
6309.0,3571.0,2919.0
6333.0,3571.0,2919.0
6333.0,3538.0,2919.0
6333.0,3523.0,2919.0
6340.0,3523.0,2919.0
6340.0,3521.0,2919.0
6339.0,3521.0,2919.0
6339.0,3523.0,2919.0
6341.0,3523.0,2919.0
6341.0,3511.0,2919.0
6359.0,3511.0,2919.0
6359.0,3488.0,2919.0
6394.0,3488.0,2902.0
6394.0,3477.0,2902.0
6406.0,3477.0,2888.0
6406.0,3474.0,2888.0
6406.0,3474.0,2889.0
6407.0,3474.0,2892.0
6407.0,3476.0,2892.0
6407.0,3472.0,2892.0
6425.0,3472.0,2891.0
6425.0,3463.0,2891.0
6470.0,3463.0,2891.0
6470.0,3457.0,2891.0
6495.0,3457.0,2884.0
6495.0,3455.0,2884.0
6499.0,3455.0,2877.0
6499.0,3455.0,2877.0
6500.0,3455.0,2876.0
6500.0,3454.0,2876.0
6502.0,3454.0,2876.0
6502.0,3453.0,2876.0
6504.0,3453.0,2876.0
6504.0,3456.0,2876.0
6508.0,3456.0,2876.0
6508.0,3462.0,2876.0
6538.0,3462.0,2876.0
6538.0,3472.0,2876.0
6578.0,3472.0,2870.0
6578.0,3475.0,2870.0
6596.0,3475.0,2853.0
6596.0,3474.0,2853.0
6597.0,3474.0,2859.0
6597.0,3477.0,2859.0
6597.0,3477.0,2859.0
6597.0,3490.0,2859.0
6583.0,3490.0,2859.0
6583.0,3519.0,2859.0
6550.0,3519.0,2859.0
6550.0,3549.0,2859.0
6519.0,3549.0,2864.0
6519.0,3563.0,2864.0
6510.0,3563.0,2883.0
6510.0,3568.0,2883.0
6511.0,3568.0,2888.0
6511.0,3581.0,2888.0
6514.0,3581.0,2888.0
6514.0,3589.0,2888.0
6520.0,3589.0,2864.0
6520.0,3588.0,2864.0
6516.0,3588.0,2878.0
6516.0,3585.0,2878.0
6489.0,3585.0,2893.0
6489.0,3586.0,2893.0
6487.0,3586.0,2878.0
6487.0,3594.0,2878.0
6479.0,3594.0,2875.0
6479.0,3602.0,2875.0
6472.0,3602.0,2893.0
6472.0,3626.0,2893.0
6443.0,3626.0,2894.0
6443.0,3643.0,2894.0
6427.0,3643.0,2891.0
6427.0,3645.0,2891.0
6431.0,3645.0,2891.0
6431.0,3638.0,2891.0
6449.0,3638.0,2891.0
6449.0,3635.0,2891.0
6454.0,3635.0,2891.0
6454.0,3619.0,2891.0
6433.0,3619.0,2891.0
6433.0,3600.0,2891.0
6417.0,3600.0,2892.0
6417.0,3600.0,2892.0
6417.0,3600.0,2892.0
6417.0,3619.0,2892.0
6436.0,3619.0,2892.0
6436.0,3654.0,2892.0
6469.0,3654.0,2892.0
6469.0,3680.0,2892.0
6495.0,3680.0,2892.0
6495.0,3689.0,2892.0
6498.0,3689.0,2892.0
6498.0,3693.0,2892.0
6493.0,3693.0,2892.0
6493.0,3687.0,2892.0
6502.0,3687.0,2892.0
6502.0,3690.0,2892.0
6508.0,3690.0,2891.0
6508.0,3694.0,2891.0
6503.0,3694.0,2891.0
6503.0,3711.0,2891.0
6479.0,3711.0,2891.0
6479.0,3720.0,2891.0
6463.0,3720.0,2891.0
6463.0,3735.0,2891.0
6453.0,3735.0,2891.0
6453.0,3741.0,2891.0
6442.0,3741.0,2891.0
6442.0,3752.0,2891.0
6461.0,3752.0,2891.0
6461.0,3772.0,2891.0
6476.0,3772.0,2891.0
6476.0,3776.0,2891.0
6482.0,3776.0,2891.0
6482.0,3791.0,2891.0
6491.0,3791.0,2891.0
6491.0,3794.0,2891.0
6499.0,3794.0,2891.0
6499.0,3803.0,2891.0
6497.0,3803.0,2891.0
6497.0,3810.0,2891.0
6493.0,3810.0,2891.0
6493.0,3804.0,2891.0
6495.0,3804.0,2891.0
6495.0,3783.0,2891.0
6519.0,3783.0,2891.0
6519.0,3775.0,2891.0
6523.0,3775.0,2891.0
6523.0,3771.0,2891.0
6537.0,3771.0,2891.0
6537.0,3757.0,2891.0
6566.0,3757.0,2868.0
6566.0,3753.0,2868.0
6570.0,3753.0,2874.0
6570.0,3763.0,2874.0
6579.0,3763.0,2874.0
6579.0,3766.0,2874.0
6585.0,3766.0,2874.0
6585.0,3746.0,2874.0
6579.0,3746.0,2874.0
6577.0,3746.0,2874.0
6577.0,3726.0,2874.0
6579.0,3726.0,2874.0
6579.0,3721.0,2874.0
6595.0,3721.0,2874.0
6595.0,3707.0,2874.0
6595.0,3703.0,2874.0
6591.0,3703.0,2874.0
6591.0,3674.0,2874.0
6588.0,3674.0,2874.0
6588.0,3651.0,2874.0
6581.0,3651.0,2874.0
6581.0,3648.0,2874.0
6578.0,3648.0,2874.0
6578.0,3632.0,2874.0
6560.0,3632.0,2874.0
6560.0,3629.0,2874.0
6563.0,3629.0,2874.0
6563.0,3624.0,2874.0
6564.0,3624.0,2874.0
6564.0,3606.0,2874.0
6583.0,3606.0,2874.0
6583.0,3602.0,2874.0
6587.0,3602.0,2874.0
6587.0,3617.0,2874.0
6589.0,3617.0,2874.0
6589.0,3654.0,2874.0
6604.0,3654.0,2874.0
6604.0,3715.0,2874.0
6622.0,3715.0,2874.0
6622.0,3780.0,2874.0
6647.0,3780.0,2849.0
6647.0,3824.0,2849.0
6655.0,3824.0,2855.0
6655.0,3845.0,2855.0
6664.0,3845.0,2856.0
6664.0,3848.0,2856.0
6664.0,3848.0,2856.0
6664.0,3846.0,2856.0
6664.0,3846.0,2856.0
6664.0,3855.0,2856.0
6651.0,3855.0,2856.0
6651.0,3876.0,2856.0
6619.0,3876.0,2856.0
6619.0,3891.0,2856.0
6598.0,3891.0,2863.0
6598.0,3894.0,2863.0
6599.0,3894.0,2863.0
6599.0,3893.0,2863.0
6597.0,3893.0,2863.0
6597.0,3896.0,2863.0
6587.0,3896.0,2863.0
6587.0,3903.0,2863.0
6548.0,3903.0,2878.0
6548.0,3911.0,2878.0
6512.0,3911.0,2886.0
6512.0,3914.0,2886.0
6505.0,3914.0,2886.0
6505.0,3916.0,2886.0
6505.0,3916.0,2885.0
6505.0,3914.0,2885.0
6501.0,3914.0,2885.0
6501.0,3914.0,2885.0
6500.0,3914.0,2885.0
6493.0,3914.0,2885.0
6493.0,3913.0,2885.0
6458.0,3913.0,2900.0
6458.0,3906.0,2900.0
6458.0,3897.0,2900.0
6419.0,3897.0,2919.0
6419.0,3893.0,2919.0
6408.0,3893.0,2923.0
6408.0,3895.0,2923.0
6407.0,3895.0,2922.0
6407.0,3893.0,2922.0
6407.0,3893.0,2922.0
6407.0,3881.0,2922.0
6389.0,3881.0,2922.0
6389.0,3859.0,2922.0
6355.0,3859.0,2922.0
6355.0,3847.0,2922.0
6342.0,3847.0,2922.0
6342.0,3849.0,2922.0
6340.0,3849.0,2922.0
6340.0,3846.0,2922.0
6341.0,3846.0,2922.0
6341.0,3834.0,2922.0
6333.0,3834.0,2922.0
6333.0,3803.0,2922.0
6309.0,3803.0,2922.0
6296.0,3803.0,2922.0
6296.0,3783.0,2922.0
6296.0,3781.0,2922.0
6294.0,3781.0,2922.0
6294.0,3778.0,2922.0
6295.0,3778.0,2922.0
6295.0,3769.0,2922.0
6294.0,3769.0,2922.0
6294.0,3738.0,2922.0
6287.0,3738.0,2922.0
6287.0,3701.0,2922.0
6277.0,3701.0,2922.0
6277.0,3687.0,2922.0
6275.0,3687.0,2922.0
6272.0,3687.0,2927.0
6272.0,3688.0,2927.0
6272.0,3685.0,2927.0
6275.0,3685.0,2928.0
6273.0,3685.0,2928.0
6273.0,3682.0,2928.0
6279.0,3682.0,2928.0
6279.0,3684.0,2928.0
6298.0,3684.0,2928.0
6298.0,3704.0,2928.0
6298.0,3740.0,2928.0
6337.0,3740.0,2928.0
6337.0,3792.0,2928.0
6390.0,3792.0,2923.0
6390.0,3846.0,2923.0
6449.0,3846.0,2918.0
6449.0,3885.0,2918.0
6483.0,3885.0,2895.0
6483.0,3908.0,2895.0
6506.0,3908.0,2886.0
6506.0,3914.0,2886.0
6508.0,3914.0,2885.0
6508.0,3920.0,2885.0
6508.0,3920.0,2885.0
6508.0,3919.0,2885.0
6523.0,3919.0,2886.0
6523.0,3916.0,2886.0
6540.0,3916.0,2886.0
6540.0,3914.0,2886.0
6555.0,3914.0,2886.0
6573.0,3914.0,2886.0
6573.0,3909.0,2886.0
6573.0,3904.0,2886.0
6588.0,3904.0,2886.0
6588.0,3898.0,2886.0
6603.0,3898.0,2873.0
6603.0,3891.0,2873.0
6617.0,3891.0,2869.0
6617.0,3880.0,2869.0
6633.0,3880.0,2870.0
6633.0,3869.0,2870.0
6649.0,3869.0,2870.0
6649.0,3860.0,2870.0
6659.0,3860.0,2863.0
6659.0,3846.0,2863.0
6676.0,3846.0,2846.0
6676.0,3833.0,2846.0
6684.0,3833.0,2847.0
6684.0,3819.0,2847.0
6695.0,3819.0,2848.0
6703.0,3819.0,2848.0
6703.0,3806.0,2848.0
6703.0,3793.0,2848.0
6712.0,3793.0,2848.0
6712.0,3773.0,2848.0
6720.0,3773.0,2848.0
6720.0,3756.0,2848.0
6726.0,3756.0,2848.0
6726.0,3742.0,2848.0
6729.0,3742.0,2829.0
6729.0,3726.0,2829.0
6733.0,3726.0,2833.0
6733.0,3711.0,2833.0
6735.0,3711.0,2834.0
6735.0,3690.0,2834.0
6736.0,3690.0,2834.0
6736.0,3668.0,2834.0
6736.0,3668.0,2834.0
6736.0,3653.0,2834.0
6735.0,3653.0,2834.0
6735.0,3639.0,2834.0
6732.0,3639.0,2834.0
6732.0,3623.0,2834.0
6728.0,3623.0,2834.0
6728.0,3608.0,2834.0
6724.0,3608.0,2834.0
6724.0,3591.0,2834.0
6717.0,3591.0,2834.0
6709.0,3591.0,2834.0
6709.0,3572.0,2834.0
6709.0,3558.0,2834.0
6700.0,3558.0,2834.0
6700.0,3546.0,2834.0
6689.0,3546.0,2834.0
6689.0,3532.0,2834.0
6680.0,3532.0,2834.0
6680.0,3515.0,2834.0
6664.0,3515.0,2835.0
6664.0,3502.0,2835.0
6651.0,3502.0,2835.0
6651.0,3491.0,2835.0
6633.0,3491.0,2836.0
6633.0,3484.0,2836.0
6620.0,3484.0,2837.0
6620.0,3474.0,2837.0
6605.0,3474.0,2846.0
6605.0,3465.0,2846.0
6587.0,3465.0,2847.0
6587.0,3461.0,2847.0
6571.0,3461.0,2862.0
6571.0,3456.0,2862.0
6554.0,3456.0,2863.0
6554.0,3453.0,2863.0
6539.0,3453.0,2860.0
6539.0,3451.0,2860.0
6521.0,3451.0,2860.0
6506.0,3451.0,2860.0
6506.0,3449.0,2860.0
6506.0,3450.0,2860.0
6486.0,3450.0,2880.0
6486.0,3451.0,2880.0
6471.0,3451.0,2883.0
6471.0,3454.0,2883.0
6452.0,3454.0,2877.0
6452.0,3459.0,2877.0
6438.0,3459.0,2877.0
6438.0,3464.0,2877.0
6419.0,3464.0,2879.0
6419.0,3470.0,2879.0
6407.0,3470.0,2880.0
6407.0,3477.0,2880.0
6388.0,3477.0,2902.0
6388.0,3486.0,2902.0
6375.0,3486.0,2912.0
6375.0,3497.0,2912.0
6359.0,3497.0,2913.0
6359.0,3509.0,2913.0
6349.0,3509.0,2913.0
6349.0,3520.0,2913.0
6334.0,3520.0,2913.0
6321.0,3520.0,2913.0
6321.0,3534.0,2913.0
6321.0,3548.0,2913.0
6311.0,3548.0,2913.0
6301.0,3548.0,2913.0
6301.0,3564.0,2913.0
6301.0,3580.0,2913.0
6295.0,3580.0,2935.0
6287.0,3580.0,2927.0
6287.0,3595.0,2927.0
6287.0,3609.0,2927.0
6281.0,3609.0,2924.0
6281.0,3627.0,2924.0
6275.0,3627.0,2923.0
6275.0,3646.0,2923.0
6273.0,3646.0,2923.0
6273.0,3662.0,2923.0
6271.0,3662.0,2923.0
6271.0,3678.0,2923.0
6269.0,3678.0,2923.0
6269.0,3695.0,2923.0
6269.0,3695.0,2922.0
6269.0,3713.0,2922.0
6271.0,3713.0,2927.0
6271.0,3728.0,2927.0
6273.0,3728.0,2928.0
6273.0,3746.0,2928.0
6277.0,3746.0,2928.0
6277.0,3764.0,2928.0
6282.0,3764.0,2928.0
6287.0,3764.0,2928.0
6287.0,3779.0,2928.0
6287.0,3792.0,2928.0
6295.0,3792.0,2928.0
6295.0,3807.0,2928.0
6304.0,3807.0,2928.0
6304.0,3826.0,2928.0
6315.0,3826.0,2928.0
6315.0,3838.0,2928.0
6324.0,3838.0,2928.0
6324.0,3852.0,2928.0
6339.0,3852.0,2927.0
6339.0,3865.0,2927.0
6351.0,3865.0,2927.0
6351.0,3875.0,2927.0
6367.0,3875.0,2927.0
6367.0,3884.0,2927.0
6379.0,3884.0,2927.0
6379.0,3894.0,2927.0
6398.0,3894.0,2926.0
6398.0,3901.0,2926.0
6411.0,3901.0,2922.0
6411.0,3906.0,2922.0
6427.0,3906.0,2921.0
6427.0,3911.0,2921.0
6443.0,3911.0,2922.0
6443.0,3915.0,2922.0
6459.0,3915.0,2900.0
6459.0,3917.0,2900.0
6477.0,3917.0,2903.0
6477.0,3919.0,2903.0
6491.0,3919.0,2884.0
6491.0,3919.0,2884.0
6508.0,3919.0,2901.0
6508.0,3921.0,2901.0
6509.0,3921.0,2902.0
6510.0,3921.0,2902.0
6510.0,3928.0,2902.0
6510.0,3927.0,2902.0
6526.0,3927.0,2902.0
6526.0,3925.0,2902.0
6545.0,3925.0,2898.0
6545.0,3921.0,2898.0
6560.0,3921.0,2888.0
6560.0,3916.0,2888.0
6577.0,3916.0,2887.0
6577.0,3911.0,2887.0
6593.0,3911.0,2876.0
6593.0,3905.0,2876.0
6607.0,3905.0,2871.0
6607.0,3898.0,2871.0
6621.0,3898.0,2875.0
6621.0,3887.0,2875.0
6638.0,3887.0,2876.0
6638.0,3877.0,2876.0
6651.0,3877.0,2866.0
6651.0,3865.0,2866.0
6667.0,3865.0,2853.0
6667.0,3855.0,2853.0
6677.0,3855.0,2856.0
6677.0,3839.0,2856.0
6690.0,3839.0,2856.0
6690.0,3825.0,2856.0
6700.0,3825.0,2856.0
6700.0,3810.0,2856.0
6711.0,3810.0,2856.0
6711.0,3797.0,2856.0
6719.0,3797.0,2854.0
6719.0,3781.0,2854.0
6725.0,3781.0,2837.0
6725.0,3761.0,2837.0
6732.0,3761.0,2838.0
6732.0,3746.0,2838.0
6736.0,3746.0,2826.0
6736.0,3732.0,2826.0
6741.0,3732.0,2832.0
6741.0,3715.0,2832.0
6743.0,3715.0,2834.0
6743.0,3700.0,2834.0
6744.0,3700.0,2834.0
6744.0,3678.0,2834.0
6744.0,3678.0,2834.0
6744.0,3663.0,2834.0
6744.0,3663.0,2834.0
6744.0,3646.0,2834.0
6742.0,3646.0,2834.0
6742.0,3631.0,2834.0
6739.0,3631.0,2834.0
6739.0,3612.0,2834.0
6734.0,3612.0,2834.0
6734.0,3594.0,2834.0
6728.0,3594.0,2834.0
6728.0,3581.0,2834.0
6722.0,3581.0,2833.0
6714.0,3581.0,2833.0
6714.0,3566.0,2833.0
6714.0,3554.0,2833.0
6705.0,3554.0,2833.0
6705.0,3535.0,2833.0
6694.0,3535.0,2833.0
6694.0,3523.0,2833.0
6682.0,3523.0,2833.0
6682.0,3510.0,2833.0
6670.0,3510.0,2833.0
6670.0,3497.0,2833.0
6656.0,3497.0,2842.0
6656.0,3487.0,2842.0
6643.0,3487.0,2844.0
6643.0,3476.0,2844.0
6625.0,3476.0,2844.0
6625.0,3469.0,2844.0
6611.0,3469.0,2844.0
6611.0,3460.0,2844.0
6595.0,3460.0,2844.0
6595.0,3454.0,2844.0
6580.0,3454.0,2866.0
6580.0,3450.0,2866.0
6564.0,3450.0,2866.0
6564.0,3446.0,2866.0
6547.0,3446.0,2866.0
6547.0,3443.0,2866.0
6528.0,3443.0,2866.0
6512.0,3443.0,2866.0
6512.0,3442.0,2866.0
6512.0,3441.0,2866.0
6495.0,3441.0,2866.0
6495.0,3442.0,2866.0
6477.0,3442.0,2874.0
6477.0,3444.0,2874.0
6461.0,3444.0,2884.0
6461.0,3448.0,2884.0
6445.0,3448.0,2881.0
6445.0,3452.0,2881.0
6429.0,3452.0,2881.0
6429.0,3458.0,2881.0
6413.0,3458.0,2881.0
6413.0,3464.0,2881.0
6397.0,3464.0,2883.0
6397.0,3473.0,2883.0
6383.0,3473.0,2887.0
6383.0,3483.0,2887.0
6365.0,3483.0,2908.0
6365.0,3494.0,2908.0
6352.0,3494.0,2903.0
6352.0,3504.0,2903.0
6339.0,3504.0,2902.0
6339.0,3516.0,2902.0
6329.0,3516.0,2902.0
6329.0,3529.0,2902.0
6313.0,3529.0,2911.0
6313.0,3545.0,2911.0
6304.0,3545.0,2918.0
6304.0,3561.0,2918.0
6293.0,3561.0,2919.0
6293.0,3577.0,2919.0
6287.0,3577.0,2919.0
6287.0,3592.0,2919.0
6279.0,3592.0,2919.0
6279.0,3607.0,2919.0
6273.0,3607.0,2937.0
6273.0,3623.0,2937.0
6268.0,3623.0,2924.0
6268.0,3642.0,2924.0
6265.0,3642.0,2936.0
6263.0,3642.0,2941.0
6263.0,3660.0,2941.0
6263.0,3675.0,2941.0
6262.0,3675.0,2941.0
6262.0,3689.0,2941.0
6261.0,3689.0,2941.0
6261.0,3706.0,2941.0
6262.0,3706.0,2941.0
6262.0,3723.0,2941.0
6263.0,3723.0,2941.0
6263.0,3741.0,2941.0
6267.0,3741.0,2941.0
6267.0,3755.0,2941.0
6271.0,3755.0,2941.0
6271.0,3770.0,2941.0
6276.0,3770.0,2941.0
6276.0,3787.0,2941.0
6283.0,3787.0,2941.0
6283.0,3804.0,2941.0
6291.0,3804.0,2941.0
6291.0,3820.0,2941.0
6302.0,3820.0,2941.0
6302.0,3834.0,2941.0
6311.0,3834.0,2941.0
6311.0,3847.0,2941.0
6321.0,3847.0,2941.0
6321.0,3859.0,2941.0
6335.0,3859.0,2941.0
6335.0,3872.0,2941.0
6348.0,3872.0,2934.0
6348.0,3884.0,2934.0
6365.0,3884.0,2917.0
6365.0,3893.0,2917.0
6376.0,3893.0,2920.0
6376.0,3902.0,2920.0
6395.0,3902.0,2920.0
6395.0,3908.0,2920.0
6407.0,3908.0,2919.0
6407.0,3915.0,2919.0
6427.0,3915.0,2919.0
6427.0,3919.0,2919.0
6439.0,3919.0,2919.0
6439.0,3923.0,2919.0
6458.0,3923.0,2916.0
6458.0,3925.0,2916.0
6473.0,3925.0,2899.0
6473.0,3927.0,2899.0
6491.0,3927.0,2893.0
6491.0,3928.0,2893.0
6507.0,3928.0,2893.0
6507.0,3928.0,2893.0
6511.0,3928.0,2893.0
6511.0,3926.0,2893.0
6515.0,3926.0,2893.0
6515.0,3909.0,2893.0
6511.0,3909.0,2893.0
6511.0,3881.0,2893.0
6512.0,3881.0,2893.0
6512.0,3830.0,2893.0
6512.0,3830.0,2893.0
6512.0,3764.0,2893.0
6512.0,3764.0,2893.0
6512.0,3764.0,2893.0
6512.0,3717.0,2893.0
6512.0,3692.0,2893.0
6511.0,3692.0,2893.0
6511.0,3690.0,2893.0
6512.0,3690.0,2894.0
6512.0,3693.0,2894.0
6515.0,3693.0,2894.0
6515.0,3694.0,2894.0
6526.0,3694.0,2894.0
6526.0,3694.0,2894.0
6539.0,3694.0,2873.0
6539.0,3696.0,2873.0
6547.0,3696.0,2879.0
6547.0,3695.0,2879.0
6551.0,3695.0,2879.0
6552.0,3695.0,2879.0
6552.0,3691.0,2879.0
6552.0,3676.0,2879.0
6551.0,3676.0,2879.0
6551.0,3674.0,2879.0
6550.0,3674.0,2879.0
6550.0,3672.0,2879.0
6545.0,3672.0,2879.0
6545.0,3680.0,2879.0
6533.0,3680.0,2879.0
6533.0,3681.0,2879.0
6523.0,3681.0,2879.0
6523.0,3685.0,2879.0
6512.0,3685.0,2879.0
6512.0,3688.0,2879.0
6514.0,3688.0,2879.0
6514.0,3695.0,2879.0
6511.0,3695.0,2879.0
6511.0,3725.0,2879.0
6509.0,3725.0,2879.0
6509.0,3776.0,2879.0
6502.0,3776.0,2879.0
6502.0,3815.0,2879.0
6498.0,3815.0,2879.0
6498.0,3832.0,2879.0
6495.0,3832.0,2879.0
6495.0,3830.0,2879.0
6502.0,3830.0,2879.0
6506.0,3830.0,2879.0
6506.0,3828.0,2879.0
6506.0,3823.0,2879.0
6505.0,3823.0,2879.0
6505.0,3803.0,2879.0
6501.0,3803.0,2879.0
6501.0,3792.0,2879.0
6499.0,3792.0,2879.0
6499.0,3790.0,2879.0
6511.0,3790.0,2879.0
6511.0,3787.0,2879.0
6534.0,3787.0,2879.0
6534.0,3784.0,2879.0
6548.0,3784.0,2879.0
6548.0,3788.0,2879.0
6549.0,3788.0,2879.0
6549.0,3808.0,2879.0
6552.0,3808.0,2879.0
6552.0,3818.0,2879.0
6554.0,3818.0,2879.0
6554.0,3819.0,2879.0
6558.0,3819.0,2879.0
6558.0,3818.0,2879.0
6567.0,3818.0,2879.0
6567.0,3816.0,2879.0
6568.0,3816.0,2879.0
6568.0,3809.0,2879.0
6568.0,3809.0,2879.0
6568.0,3788.0,2879.0
6563.0,3788.0,2879.0
6563.0,3780.0,2879.0
6562.0,3780.0,2879.0
6562.0,3774.0,2879.0
6576.0,3774.0,2879.0
6576.0,3770.0,2879.0
6586.0,3770.0,2879.0
6586.0,3762.0,2879.0
6594.0,3762.0,2879.0
6600.0,3762.0,2879.0
6600.0,3754.0,2879.0
6600.0,3744.0,2879.0
6603.0,3744.0,2879.0
6603.0,3735.0,2879.0
6605.0,3735.0,2879.0
6605.0,3725.0,2879.0
6603.0,3725.0,2879.0
6603.0,3717.0,2879.0
6601.0,3717.0,2879.0
6601.0,3709.0,2879.0
6594.0,3709.0,2879.0
6594.0,3703.0,2879.0
6586.0,3703.0,2879.0
6578.0,3703.0,2879.0
6578.0,3698.0,2879.0
6578.0,3695.0,2879.0
6567.0,3695.0,2879.0
6567.0,3695.0,2879.0
6560.0,3695.0,2879.0
6560.0,3698.0,2879.0
6559.0,3698.0,2879.0
6559.0,3703.0,2879.0
6559.0,3703.0,2879.0
6559.0,3706.0,2879.0
6564.0,3706.0,2879.0
6564.0,3715.0,2879.0
6571.0,3715.0,2879.0
6571.0,3723.0,2879.0
6572.0,3723.0,2879.0
6572.0,3734.0,2879.0
6573.0,3734.0,2879.0
6573.0,3745.0,2879.0
6571.0,3745.0,2879.0
6571.0,3754.0,2879.0
6567.0,3754.0,2879.0
6563.0,3754.0,2879.0
6563.0,3759.0,2879.0
6563.0,3765.0,2879.0
6554.0,3765.0,2879.0
6554.0,3769.0,2879.0
6543.0,3769.0,2879.0
6543.0,3773.0,2879.0
6530.0,3773.0,2879.0
6530.0,3777.0,2879.0
6515.0,3777.0,2879.0
6515.0,3780.0,2879.0
6492.0,3780.0,2879.0
6492.0,3782.0,2879.0
6483.0,3782.0,2879.0
6483.0,3772.0,2879.0
6482.0,3772.0,2879.0
6482.0,3752.0,2879.0
6476.0,3752.0,2879.0
6476.0,3732.0,2879.0
6474.0,3732.0,2879.0
6474.0,3712.0,2879.0
6471.0,3712.0,2879.0
6471.0,3692.0,2879.0
6467.0,3692.0,2879.0
6467.0,3671.0,2879.0
6462.0,3671.0,2879.0
6462.0,3651.0,2879.0
6459.0,3651.0,2879.0
6459.0,3632.0,2879.0
6455.0,3632.0,2879.0
6455.0,3616.0,2879.0
6454.0,3616.0,2879.0
6454.0,3612.0,2879.0
6455.0,3612.0,2879.0
6455.0,3604.0,2879.0
6460.0,3604.0,2879.0
6460.0,3599.0,2879.0
6470.0,3599.0,2879.0
6470.0,3597.0,2879.0
6488.0,3597.0,2879.0
6488.0,3595.0,2879.0
6503.0,3595.0,2879.0
6503.0,3595.0,2879.0
6514.0,3595.0,2879.0
6523.0,3595.0,2879.0
6523.0,3595.0,2879.0
6523.0,3597.0,2879.0
6533.0,3597.0,2879.0
6533.0,3601.0,2879.0
6540.0,3601.0,2879.0
6540.0,3608.0,2879.0
6549.0,3608.0,2879.0
6549.0,3620.0,2879.0
6555.0,3620.0,2879.0
6555.0,3627.0,2879.0
6558.0,3627.0,2879.0
6558.0,3636.0,2879.0
6559.0,3636.0,2879.0
6559.0,3646.0,2879.0
6559.0,3646.0,2879.0
6559.0,3659.0,2879.0
6557.0,3659.0,2879.0
6557.0,3666.0,2879.0
6553.0,3666.0,2879.0
6553.0,3667.0,2879.0
6555.0,3667.0,2879.0
6559.0,3667.0,2879.0
6559.0,3667.0,2879.0
6559.0,3666.0,2879.0
6567.0,3666.0,2879.0
6567.0,3662.0,2879.0
6579.0,3662.0,2879.0
6583.0,3662.0,2879.0
6583.0,3655.0,2879.0
6583.0,3646.0,2879.0
6590.0,3646.0,2879.0
6590.0,3637.0,2879.0
6591.0,3637.0,2861.0
6591.0,3626.0,2861.0
6593.0,3626.0,2860.0
6593.0,3617.0,2860.0
6592.0,3617.0,2860.0
6592.0,3609.0,2860.0
6589.0,3609.0,2860.0
6589.0,3601.0,2860.0
6583.0,3601.0,2860.0
6583.0,3592.0,2860.0
6576.0,3592.0,2861.0
6576.0,3587.0,2861.0
6569.0,3587.0,2861.0
6569.0,3582.0,2861.0
6557.0,3582.0,2861.0
6557.0,3581.0,2861.0
6549.0,3581.0,2861.0
6549.0,3579.0,2861.0
6530.0,3579.0,2861.0
6530.0,3578.0,2861.0
6523.0,3578.0,2865.0
6523.0,3562.0,2865.0
6523.0,3562.0,2879.0
6523.0,3545.0,2879.0
6518.0,3545.0,2880.0
6518.0,3542.0,2880.0
6518.0,3542.0,2880.0
6518.0,3542.0,2880.0
6511.0,3542.0,2880.0
6505.0,3542.0,2880.0
6505.0,3543.0,2880.0
6505.0,3546.0,2880.0
6504.0,3546.0,2880.0
6504.0,3562.0,2880.0
6507.0,3562.0,2880.0
6507.0,3579.0,2880.0
6511.0,3579.0,2880.0
6511.0,3580.0,2880.0
6506.0,3580.0,2880.0
6483.0,3580.0,2880.0
6483.0,3584.0,2880.0
6483.0,3588.0,2880.0
6466.0,3588.0,2880.0
6460.0,3588.0,2880.0
6460.0,3589.0,2880.0
6460.0,3572.0,2880.0
6459.0,3572.0,2880.0
6459.0,3555.0,2880.0
6455.0,3555.0,2880.0
6455.0,3553.0,2880.0
6453.0,3553.0,2880.0
6453.0,3554.0,2880.0
6444.0,3554.0,2880.0
6444.0,3557.0,2880.0
6441.0,3557.0,2880.0
6441.0,3564.0,2880.0
6442.0,3564.0,2880.0
6442.0,3584.0,2880.0
6447.0,3584.0,2880.0
6447.0,3592.0,2880.0
6447.0,3592.0,2880.0
6447.0,3595.0,2880.0
6431.0,3595.0,2880.0
6431.0,3598.0,2880.0
6409.0,3598.0,2901.0
6409.0,3600.0,2901.0
6401.0,3600.0,2910.0
6401.0,3603.0,2910.0
6400.0,3603.0,2910.0
6400.0,3608.0,2910.0
6401.0,3608.0,2910.0
6401.0,3611.0,2910.0
6408.0,3611.0,2910.0
6408.0,3614.0,2910.0
6413.0,3614.0,2910.0
6413.0,3620.0,2910.0
6418.0,3620.0,2910.0
6418.0,3632.0,2910.0
6421.0,3632.0,2901.0
6421.0,3649.0,2901.0
6425.0,3649.0,2897.0
6425.0,3668.0,2897.0
6428.0,3668.0,2889.0
6428.0,3688.0,2889.0
6432.0,3688.0,2889.0
6432.0,3709.0,2889.0
6435.0,3709.0,2889.0
6439.0,3709.0,2889.0
6439.0,3729.0,2889.0
6439.0,3750.0,2889.0
6443.0,3750.0,2889.0
6443.0,3769.0,2889.0
6447.0,3769.0,2889.0
6447.0,3777.0,2889.0
6447.0,3777.0,2889.0
6447.0,3783.0,2889.0
6445.0,3783.0,2889.0
6445.0,3791.0,2889.0
6440.0,3791.0,2889.0
6440.0,3797.0,2889.0
6435.0,3797.0,2907.0
6435.0,3802.0,2907.0
6436.0,3802.0,2893.0
6438.0,3802.0,2895.0
6438.0,3804.0,2895.0
6438.0,3801.0,2895.0
6451.0,3801.0,2896.0
6451.0,3797.0,2896.0
6475.0,3797.0,2896.0
6475.0,3795.0,2896.0
6485.0,3795.0,2896.0
6485.0,3804.0,2896.0
6486.0,3804.0,2896.0
6486.0,3824.0,2896.0
6491.0,3824.0,2896.0
6491.0,3829.0,2896.0
6491.0,3829.0,2896.0
6491.0,3833.0,2896.0
6495.0,3833.0,2896.0
6495.0,3858.0,2896.0
6499.0,3858.0,2896.0
6499.0,3896.0,2896.0
6507.0,3896.0,2897.0
6509.0,3896.0,2897.0
6509.0,3912.0,2897.0
6509.0,3912.0,2897.0
6502.0,3912.0,2897.0
6502.0,3912.0,2897.0
6483.0,3912.0,2897.0
6483.0,3910.0,2897.0
6470.0,3910.0,2897.0
6470.0,3908.0,2897.0
6452.0,3908.0,2897.0
6452.0,3903.0,2897.0
6435.0,3903.0,2902.0
6417.0,3903.0,2921.0
6417.0,3897.0,2921.0
6417.0,3889.0,2921.0
6402.0,3889.0,2921.0
6402.0,3880.0,2921.0
6386.0,3880.0,2921.0
6386.0,3871.0,2921.0
6371.0,3871.0,2921.0
6371.0,3859.0,2921.0
6357.0,3859.0,2920.0
6357.0,3846.0,2920.0
6342.0,3846.0,2920.0
6342.0,3832.0,2920.0
6329.0,3832.0,2920.0
6329.0,3819.0,2920.0
6319.0,3819.0,2931.0
6319.0,3803.0,2931.0
6310.0,3803.0,2940.0
6310.0,3788.0,2940.0
6301.0,3788.0,2941.0
6301.0,3771.0,2941.0
6294.0,3771.0,2940.0
6294.0,3758.0,2940.0
6289.0,3758.0,2940.0
6289.0,3739.0,2940.0
6286.0,3739.0,2940.0
6286.0,3725.0,2940.0
6281.0,3725.0,2939.0
6281.0,3707.0,2939.0
6280.0,3707.0,2939.0
6280.0,3693.0,2939.0
6279.0,3693.0,2939.0
6279.0,3672.0,2939.0
6279.0,3672.0,2939.0
6280.0,3672.0,2939.0
6280.0,3655.0,2939.0
6283.0,3655.0,2938.0
6283.0,3637.0,2938.0
6283.0,3625.0,2938.0
6287.0,3625.0,2938.0
6287.0,3607.0,2938.0
6292.0,3607.0,2938.0
6292.0,3595.0,2938.0
6297.0,3595.0,2937.0
6306.0,3595.0,2926.0
6306.0,3577.0,2926.0
6306.0,3561.0,2926.0
6315.0,3561.0,2911.0
6327.0,3561.0,2907.0
6327.0,3546.0,2907.0
6327.0,3531.0,2907.0
6339.0,3531.0,2907.0
6339.0,3520.0,2907.0
6351.0,3520.0,2907.0
6351.0,3507.0,2907.0
6367.0,3507.0,2907.0
6367.0,3496.0,2907.0
6381.0,3496.0,2907.0
6381.0,3487.0,2907.0
6397.0,3487.0,2907.0
6397.0,3480.0,2907.0
6412.0,3480.0,2889.0
6412.0,3473.0,2889.0
6428.0,3473.0,2880.0
6428.0,3467.0,2880.0
6447.0,3467.0,2880.0
6447.0,3463.0,2880.0
6462.0,3463.0,2880.0
6477.0,3463.0,2881.0
6477.0,3462.0,2881.0
6496.0,3462.0,2881.0
6496.0,3460.0,2881.0
6496.0,3460.0,2881.0
6512.0,3460.0,2881.0
6512.0,3461.0,2881.0
6531.0,3461.0,2881.0
6531.0,3464.0,2881.0
6549.0,3464.0,2881.0
6549.0,3467.0,2881.0
6563.0,3467.0,2863.0
6563.0,3473.0,2863.0
6582.0,3473.0,2857.0
6582.0,3480.0,2857.0
6598.0,3480.0,2862.0
6598.0,3488.0,2862.0
6614.0,3488.0,2848.0
6614.0,3496.0,2848.0
6626.0,3496.0,2839.0
6626.0,3508.0,2839.0
6645.0,3508.0,2839.0
6645.0,3518.0,2839.0
6654.0,3518.0,2839.0
6670.0,3518.0,2839.0
6670.0,3532.0,2839.0
6670.0,3544.0,2839.0
6679.0,3544.0,2840.0
6690.0,3544.0,2840.0
6690.0,3559.0,2840.0
6700.0,3559.0,2840.0
6700.0,3573.0,2840.0
6700.0,3590.0,2840.0
6708.0,3590.0,2841.0
6714.0,3590.0,2841.0
6714.0,3605.0,2841.0
6714.0,3620.0,2841.0
6719.0,3620.0,2841.0
6719.0,3636.0,2841.0
6724.0,3636.0,2841.0
6724.0,3652.0,2841.0
6726.0,3652.0,2841.0
6726.0,3667.0,2841.0
6728.0,3667.0,2841.0
6728.0,3685.0,2841.0
6728.0,3685.0,2841.0
6728.0,3685.0,2841.0
6728.0,3702.0,2841.0
6728.0,3719.0,2841.0
6727.0,3719.0,2841.0
6727.0,3736.0,2841.0
6723.0,3736.0,2842.0
6723.0,3752.0,2842.0
6719.0,3752.0,2842.0
6719.0,3768.0,2842.0
6713.0,3768.0,2842.0
6713.0,3788.0,2842.0
6706.0,3788.0,2842.0
6706.0,3797.0,2842.0
6700.0,3797.0,2842.0
6700.0,3814.0,2842.0
6690.0,3814.0,2842.0
6690.0,3827.0,2842.0
6679.0,3827.0,2842.0
6667.0,3827.0,2842.0
6667.0,3841.0,2842.0
6667.0,3853.0,2842.0
6655.0,3853.0,2867.0
6642.0,3853.0,2855.0
6642.0,3864.0,2855.0
6642.0,3875.0,2855.0
6627.0,3875.0,2861.0
6627.0,3884.0,2861.0
6611.0,3884.0,2864.0
6611.0,3893.0,2864.0
6593.0,3893.0,2864.0
6593.0,3900.0,2864.0
6579.0,3900.0,2864.0
6579.0,3904.0,2864.0
6561.0,3904.0,2890.0
6561.0,3909.0,2890.0
6545.0,3909.0,2877.0
6545.0,3910.0,2877.0
6531.0,3910.0,2887.0
6531.0,3912.0,2887.0
6511.0,3912.0,2900.0
6511.0,3912.0,2900.0
6511.0,3912.0,2898.0
6511.0,3905.0,2898.0
6534.0,3905.0,2896.0
6534.0,3891.0,2896.0
6578.0,3891.0,2884.0
6578.0,3879.0,2884.0
6615.0,3879.0,2871.0
6615.0,3874.0,2871.0
6622.0,3874.0,2868.0
6622.0,3865.0,2868.0
6632.0,3865.0,2868.0
6632.0,3850.0,2868.0
6647.0,3850.0,2868.0
6647.0,3836.0,2868.0
6660.0,3836.0,2847.0
6660.0,3821.0,2847.0
6677.0,3821.0,2857.0
6677.0,3807.0,2857.0
6690.0,3807.0,2859.0
6690.0,3804.0,2859.0
6693.0,3804.0,2859.0
6693.0,3784.0,2859.0
6702.0,3784.0,2854.0
6702.0,3781.0,2854.0
6703.0,3781.0,2854.0
6703.0,3794.0,2854.0
6689.0,3794.0,2854.0
6689.0,3808.0,2854.0
6676.0,3808.0,2854.0
6676.0,3823.0,2854.0
6660.0,3823.0,2854.0
6660.0,3837.0,2854.0
6646.0,3837.0,2854.0
6646.0,3852.0,2854.0
6631.0,3852.0,2854.0
6631.0,3867.0,2854.0
6618.0,3867.0,2859.0
6618.0,3881.0,2859.0
6603.0,3881.0,2859.0
6603.0,3890.0,2859.0
6595.0,3890.0,2859.0
6595.0,3893.0,2859.0
6585.0,3893.0,2865.0
6585.0,3895.0,2865.0
6574.0,3895.0,2875.0
6574.0,3884.0,2875.0
6593.0,3884.0,2876.0
6593.0,3870.0,2876.0
6604.0,3870.0,2876.0
6604.0,3855.0,2876.0
6622.0,3855.0,2876.0
6622.0,3841.0,2876.0
6632.0,3841.0,2876.0
6632.0,3826.0,2876.0
6649.0,3826.0,2856.0
6649.0,3811.0,2856.0
6662.0,3811.0,2859.0
6662.0,3797.0,2859.0
6679.0,3797.0,2854.0
6679.0,3782.0,2854.0
6692.0,3782.0,2845.0
6692.0,3768.0,2845.0
6707.0,3768.0,2845.0
6707.0,3760.0,2845.0
6712.0,3760.0,2845.0
6712.0,3747.0,2845.0
6716.0,3747.0,2846.0
6716.0,3746.0,2846.0
6717.0,3746.0,2846.0
6717.0,3760.0,2846.0
6700.0,3760.0,2846.0
6700.0,3774.0,2846.0
6687.0,3774.0,2846.0
6687.0,3788.0,2846.0
6671.0,3788.0,2846.0
6671.0,3803.0,2846.0
6659.0,3803.0,2846.0
6659.0,3818.0,2846.0
6643.0,3818.0,2851.0
6643.0,3832.0,2851.0
6630.0,3832.0,2858.0
6630.0,3847.0,2858.0
6614.0,3847.0,2858.0
6614.0,3861.0,2858.0
6599.0,3861.0,2858.0
6599.0,3876.0,2858.0
6585.0,3876.0,2859.0
6585.0,3890.0,2859.0
6571.0,3890.0,2877.0
6571.0,3901.0,2877.0
6561.0,3901.0,2880.0
6561.0,3902.0,2880.0
6555.0,3902.0,2880.0
6555.0,3904.0,2880.0
6543.0,3904.0,2879.0
6543.0,3893.0,2879.0
6561.0,3893.0,2879.0
6561.0,3878.0,2879.0
6572.0,3878.0,2879.0
6572.0,3864.0,2879.0
6590.0,3864.0,2879.0
6590.0,3850.0,2879.0
6601.0,3850.0,2879.0
6601.0,3835.0,2879.0
6617.0,3835.0,2879.0
6617.0,3820.0,2879.0
6630.0,3820.0,2875.0
6630.0,3805.0,2875.0
6647.0,3805.0,2850.0
6647.0,3791.0,2850.0
6661.0,3791.0,2853.0
6661.0,3777.0,2853.0
6675.0,3777.0,2853.0
6675.0,3762.0,2853.0
6689.0,3762.0,2853.0
6689.0,3747.0,2853.0
6704.0,3747.0,2853.0
6704.0,3733.0,2853.0
6718.0,3733.0,2839.0
6718.0,3729.0,2839.0
6722.0,3729.0,2833.0
6722.0,3715.0,2833.0
6723.0,3715.0,2835.0
6723.0,3721.0,2835.0
6717.0,3721.0,2836.0
6717.0,3736.0,2836.0
6701.0,3736.0,2836.0
6701.0,3750.0,2836.0
6689.0,3750.0,2836.0
6689.0,3764.0,2836.0
6673.0,3764.0,2836.0
6673.0,3778.0,2836.0
6659.0,3778.0,2847.0
6659.0,3793.0,2847.0
6643.0,3793.0,2847.0
6643.0,3808.0,2847.0
6631.0,3808.0,2872.0
6631.0,3822.0,2872.0
6615.0,3822.0,2869.0
6615.0,3837.0,2869.0
6602.0,3837.0,2870.0
6602.0,3852.0,2870.0
6586.0,3852.0,2870.0
6586.0,3866.0,2870.0
6572.0,3866.0,2870.0
6572.0,3881.0,2870.0
6556.0,3881.0,2870.0
6556.0,3895.0,2870.0
6543.0,3895.0,2878.0
6532.0,3895.0,2878.0
6532.0,3907.0,2878.0
6532.0,3907.0,2878.0
6527.0,3907.0,2878.0
6527.0,3907.0,2878.0
6518.0,3907.0,2878.0
6518.0,3894.0,2878.0
6536.0,3894.0,2878.0
6536.0,3880.0,2878.0
6547.0,3880.0,2877.0
6565.0,3880.0,2877.0
6565.0,3866.0,2877.0
6577.0,3866.0,2877.0
6577.0,3851.0,2877.0
6577.0,3837.0,2877.0
6592.0,3837.0,2877.0
6592.0,3822.0,2877.0
6606.0,3822.0,2877.0
6606.0,3807.0,2877.0
6622.0,3807.0,2877.0
6622.0,3793.0,2877.0
6636.0,3793.0,2862.0
6651.0,3793.0,2856.0
6651.0,3779.0,2856.0
6664.0,3779.0,2852.0
6664.0,3764.0,2852.0
6664.0,3749.0,2852.0
6679.0,3749.0,2839.0
6679.0,3735.0,2839.0
6694.0,3735.0,2839.0
6694.0,3720.0,2839.0
6709.0,3720.0,2839.0
6709.0,3706.0,2839.0
6723.0,3706.0,2839.0
6723.0,3702.0,2839.0
6724.0,3702.0,2839.0
6724.0,3690.0,2839.0
6724.0,3690.0,2839.0
6724.0,3698.0,2839.0
6717.0,3698.0,2839.0
6717.0,3713.0,2839.0
6701.0,3713.0,2839.0
6701.0,3728.0,2839.0
6688.0,3728.0,2839.0
6688.0,3742.0,2839.0
6672.0,3742.0,2839.0
6672.0,3756.0,2839.0
6659.0,3756.0,2839.0
6659.0,3771.0,2839.0
6643.0,3771.0,2857.0
6643.0,3785.0,2857.0
6630.0,3785.0,2858.0
6615.0,3785.0,2861.0
6615.0,3800.0,2861.0
6615.0,3815.0,2861.0
6600.0,3815.0,2872.0
6600.0,3830.0,2872.0
6585.0,3830.0,2874.0
6585.0,3844.0,2874.0
6571.0,3844.0,2874.0
6571.0,3858.0,2874.0
6556.0,3858.0,2874.0
6556.0,3873.0,2874.0
6543.0,3873.0,2874.0
6543.0,3888.0,2874.0
6527.0,3888.0,2892.0
6527.0,3902.0,2892.0
6513.0,3902.0,2901.0
6513.0,3908.0,2901.0
6507.0,3908.0,2899.0
6507.0,3908.0,2899.0
6499.0,3908.0,2891.0
6499.0,3904.0,2891.0
6501.0,3904.0,2891.0
6501.0,3889.0,2891.0
6519.0,3889.0,2891.0
6519.0,3874.0,2891.0
6530.0,3874.0,2891.0
6530.0,3860.0,2891.0
6547.0,3860.0,2890.0
6547.0,3846.0,2890.0
6559.0,3846.0,2888.0
6559.0,3831.0,2888.0
6576.0,3831.0,2868.0
6576.0,3817.0,2868.0
6587.0,3817.0,2871.0
6587.0,3802.0,2871.0
6604.0,3802.0,2871.0
6604.0,3787.0,2871.0
6618.0,3787.0,2871.0
6618.0,3773.0,2871.0
6634.0,3773.0,2871.0
6634.0,3758.0,2871.0
6647.0,3758.0,2848.0
6647.0,3744.0,2848.0
6662.0,3744.0,2850.0
6662.0,3729.0,2850.0
6676.0,3729.0,2850.0
6676.0,3714.0,2850.0
6691.0,3714.0,2850.0
6691.0,3700.0,2850.0
6706.0,3700.0,2850.0
6706.0,3686.0,2850.0
6720.0,3686.0,2836.0
6720.0,3679.0,2836.0
6726.0,3679.0,2837.0
6726.0,3668.0,2837.0
6724.0,3668.0,2840.0
6724.0,3674.0,2840.0
6719.0,3674.0,2840.0
6719.0,3690.0,2840.0
6702.0,3690.0,2840.0
6702.0,3703.0,2840.0
6690.0,3703.0,2840.0
6690.0,3717.0,2840.0
6673.0,3717.0,2840.0
6673.0,3731.0,2840.0
6660.0,3731.0,2840.0
6660.0,3746.0,2840.0
6645.0,3746.0,2847.0
6645.0,3761.0,2847.0
6631.0,3761.0,2863.0
6631.0,3776.0,2863.0
6616.0,3776.0,2857.0
6616.0,3790.0,2857.0
6602.0,3790.0,2857.0
6602.0,3805.0,2857.0
6587.0,3805.0,2857.0
6587.0,3819.0,2857.0
6573.0,3819.0,2864.0
6573.0,3834.0,2864.0
6558.0,3834.0,2869.0
6558.0,3848.0,2869.0
6544.0,3848.0,2882.0
6544.0,3863.0,2882.0
6528.0,3863.0,2884.0
6528.0,3878.0,2884.0
6515.0,3878.0,2878.0
6515.0,3892.0,2878.0
6500.0,3892.0,2878.0
6500.0,3906.0,2878.0
6487.0,3906.0,2887.0
6487.0,3907.0,2887.0
6483.0,3907.0,2888.0
6483.0,3907.0,2888.0
6474.0,3907.0,2888.0
6474.0,3896.0,2888.0
6488.0,3896.0,2888.0
6488.0,3881.0,2888.0
6502.0,3881.0,2888.0
6502.0,3867.0,2888.0
6517.0,3867.0,2888.0
6517.0,3852.0,2888.0
6531.0,3852.0,2888.0
6531.0,3838.0,2888.0
6545.0,3838.0,2888.0
6545.0,3824.0,2888.0
6558.0,3824.0,2888.0
6558.0,3822.0,2888.0
6554.0,3822.0,2888.0
6554.0,3820.0,2888.0
6549.0,3820.0,2888.0
6549.0,3834.0,2888.0
6535.0,3834.0,2888.0
6519.0,3834.0,2888.0
6519.0,3848.0,2888.0
6519.0,3863.0,2888.0
6507.0,3863.0,2888.0
6507.0,3877.0,2888.0
6491.0,3877.0,2888.0
6491.0,3892.0,2888.0
6479.0,3892.0,2888.0
6479.0,3905.0,2888.0
6465.0,3905.0,2888.0
6465.0,3904.0,2888.0
6461.0,3904.0,2905.0
6461.0,3902.0,2905.0
6455.0,3902.0,2903.0
6455.0,3889.0,2903.0
6473.0,3889.0,2896.0
6473.0,3875.0,2896.0
6484.0,3875.0,2895.0
6484.0,3861.0,2895.0
6502.0,3861.0,2896.0
6502.0,3846.0,2896.0
6514.0,3846.0,2896.0
6514.0,3831.0,2896.0
6529.0,3831.0,2896.0
6529.0,3817.0,2896.0
6543.0,3817.0,2896.0
6543.0,3809.0,2896.0
6550.0,3809.0,2872.0
6550.0,3799.0,2872.0
6547.0,3799.0,2882.0
6547.0,3806.0,2882.0
6542.0,3806.0,2882.0
6542.0,3822.0,2882.0
6523.0,3822.0,2882.0
6523.0,3836.0,2882.0
6512.0,3836.0,2882.0
6512.0,3850.0,2882.0
6496.0,3850.0,2882.0
6496.0,3864.0,2882.0
6483.0,3864.0,2882.0
6483.0,3879.0,2882.0
6467.0,3879.0,2901.0
6467.0,3894.0,2901.0
6453.0,3894.0,2912.0
6446.0,3894.0,2906.0
6446.0,3902.0,2906.0
6446.0,3899.0,2906.0
6439.0,3899.0,2906.0
6439.0,3894.0,2906.0
6443.0,3894.0,2906.0
6443.0,3879.0,2906.0
6461.0,3879.0,2905.0
6461.0,3864.0,2905.0
6471.0,3864.0,2905.0
6471.0,3850.0,2905.0
6489.0,3850.0,2905.0
6489.0,3836.0,2905.0
6500.0,3836.0,2903.0
6500.0,3833.0,2903.0
6505.0,3833.0,2903.0
6505.0,3818.0,2903.0
6519.0,3818.0,2903.0
6519.0,3803.0,2903.0
6533.0,3803.0,2888.0
6533.0,3791.0,2888.0
6545.0,3791.0,2883.0
6545.0,3791.0,2883.0
6541.0,3791.0,2883.0
6541.0,3791.0,2883.0
6532.0,3791.0,2883.0
6532.0,3803.0,2883.0
6523.0,3803.0,2883.0
6523.0,3816.0,2883.0
6505.0,3816.0,2883.0
6505.0,3814.0,2883.0
6508.0,3814.0,2883.0
6508.0,3807.0,2883.0
6506.0,3807.0,2883.0
6506.0,3795.0,2883.0
6520.0,3795.0,2883.0
6520.0,3793.0,2883.0
6519.0,3793.0,2883.0
6519.0,3795.0,2883.0
6506.0,3795.0,2883.0
6506.0,3798.0,2883.0
6505.0,3798.0,2883.0
6505.0,3802.0,2883.0
6494.0,3802.0,2883.0
6494.0,3807.0,2883.0
6481.0,3807.0,2883.0
6481.0,3818.0,2883.0
6475.0,3818.0,2883.0
6475.0,3833.0,2883.0
6454.0,3833.0,2894.0
6454.0,3847.0,2894.0
6445.0,3847.0,2910.0
6445.0,3861.0,2910.0
6427.0,3861.0,2905.0
6427.0,3876.0,2905.0
6415.0,3876.0,2905.0
6415.0,3886.0,2905.0
6403.0,3886.0,2905.0
6403.0,3882.0,2905.0
6400.0,3882.0,2905.0
6400.0,3878.0,2905.0
6400.0,3878.0,2905.0
6400.0,3863.0,2905.0
6419.0,3863.0,2905.0
6419.0,3848.0,2905.0
6431.0,3848.0,2904.0
6431.0,3834.0,2904.0
6447.0,3834.0,2904.0
6447.0,3820.0,2904.0
6459.0,3820.0,2904.0
6459.0,3805.0,2904.0
6475.0,3805.0,2904.0
6475.0,3800.0,2904.0
6479.0,3800.0,2903.0
6479.0,3802.0,2903.0
6465.0,3802.0,2903.0
6465.0,3806.0,2903.0
6461.0,3806.0,2903.0
6461.0,3821.0,2903.0
6443.0,3821.0,2903.0
6431.0,3821.0,2902.0
6431.0,3836.0,2902.0
6431.0,3851.0,2902.0
6416.0,3851.0,2902.0
6416.0,3865.0,2902.0
6402.0,3865.0,2902.0
6402.0,3877.0,2902.0
6390.0,3877.0,2902.0
6390.0,3875.0,2902.0
6386.0,3875.0,2908.0
6386.0,3872.0,2908.0
6383.0,3872.0,2910.0
6383.0,3857.0,2910.0
6401.0,3857.0,2910.0
6401.0,3843.0,2910.0
6413.0,3843.0,2910.0
6413.0,3829.0,2910.0
6429.0,3829.0,2909.0
6429.0,3815.0,2909.0
6442.0,3815.0,2909.0
6442.0,3805.0,2909.0
6451.0,3805.0,2908.0
6451.0,3806.0,2908.0
6440.0,3806.0,2908.0
6440.0,3808.0,2908.0
6435.0,3808.0,2908.0
6435.0,3822.0,2908.0
6422.0,3822.0,2908.0
6422.0,3837.0,2908.0
6405.0,3837.0,2908.0
6405.0,3852.0,2908.0
6394.0,3852.0,2908.0
6394.0,3866.0,2908.0
6377.0,3866.0,2908.0
6377.0,3868.0,2908.0
6376.0,3868.0,2908.0
6376.0,3864.0,2908.0
6369.0,3864.0,2908.0
6369.0,3853.0,2908.0
6382.0,3853.0,2908.0
6382.0,3839.0,2908.0
6395.0,3839.0,2908.0
6395.0,3824.0,2908.0
6411.0,3824.0,2908.0
6411.0,3810.0,2908.0
6425.0,3810.0,2908.0
6425.0,3800.0,2908.0
6433.0,3800.0,2908.0
6433.0,3791.0,2908.0
6436.0,3791.0,2908.0
6436.0,3778.0,2908.0
6444.0,3778.0,2908.0
6444.0,3786.0,2908.0
6434.0,3786.0,2908.0
6434.0,3801.0,2908.0
6420.0,3801.0,2908.0
6420.0,3815.0,2908.0
6405.0,3815.0,2908.0
6405.0,3830.0,2908.0
6390.0,3830.0,2908.0
6390.0,3845.0,2908.0
6376.0,3845.0,2908.0
6376.0,3858.0,2908.0
6364.0,3858.0,2912.0
6364.0,3857.0,2912.0
6362.0,3857.0,2922.0
6358.0,3857.0,2923.0
6358.0,3853.0,2923.0
6358.0,3838.0,2923.0
6374.0,3838.0,2923.0
6374.0,3824.0,2923.0
6386.0,3824.0,2923.0
6386.0,3810.0,2923.0
6403.0,3810.0,2923.0
6403.0,3796.0,2923.0
6416.0,3796.0,2922.0
6416.0,3781.0,2922.0
6431.0,3781.0,2914.0
6431.0,3768.0,2914.0
6442.0,3768.0,2898.0
6442.0,3764.0,2898.0
6441.0,3764.0,2908.0
6441.0,3759.0,2908.0
6439.0,3759.0,2909.0
6439.0,3771.0,2909.0
6426.0,3771.0,2908.0
6426.0,3786.0,2908.0
6411.0,3786.0,2908.0
6411.0,3801.0,2908.0
6396.0,3801.0,2908.0
6396.0,3815.0,2908.0
6382.0,3815.0,2908.0
6382.0,3830.0,2908.0
6369.0,3830.0,2908.0
6369.0,3845.0,2908.0
6354.0,3845.0,2929.0
6354.0,3848.0,2929.0
6351.0,3848.0,2929.0
6351.0,3842.0,2929.0
6345.0,3842.0,2926.0
6345.0,3832.0,2926.0
6357.0,3832.0,2925.0
6357.0,3818.0,2925.0
6372.0,3818.0,2924.0
6372.0,3803.0,2924.0
6386.0,3803.0,2924.0
6386.0,3789.0,2924.0
6401.0,3789.0,2924.0
6401.0,3774.0,2924.0
6413.0,3774.0,2918.0
6413.0,3759.0,2918.0
6429.0,3759.0,2903.0
6429.0,3748.0,2903.0
6439.0,3748.0,2898.0
6439.0,3742.0,2898.0
6438.0,3742.0,2897.0
6438.0,3741.0,2897.0
6435.0,3741.0,2897.0
6435.0,3755.0,2897.0
6419.0,3755.0,2897.0
6419.0,3769.0,2897.0
6405.0,3769.0,2897.0
6405.0,3783.0,2897.0
6391.0,3783.0,2904.0
6391.0,3798.0,2904.0
6377.0,3798.0,2904.0
6377.0,3813.0,2904.0
6363.0,3813.0,2909.0
6363.0,3828.0,2909.0
6347.0,3828.0,2928.0
6347.0,3837.0,2928.0
6339.0,3837.0,2918.0
6339.0,3830.0,2918.0
6337.0,3830.0,2937.0
6337.0,3826.0,2937.0
6341.0,3826.0,2928.0
6341.0,3811.0,2928.0
6358.0,3811.0,2926.0
6358.0,3796.0,2926.0
6369.0,3796.0,2926.0
6369.0,3781.0,2926.0
6385.0,3781.0,2926.0
6385.0,3767.0,2926.0
6398.0,3767.0,2924.0
6398.0,3753.0,2924.0
6414.0,3753.0,2919.0
6414.0,3738.0,2919.0
6427.0,3738.0,2894.0
6427.0,3729.0,2894.0
6436.0,3729.0,2900.0
6436.0,3720.0,2900.0
6432.0,3720.0,2901.0
6432.0,3724.0,2901.0
6430.0,3724.0,2901.0
6430.0,3739.0,2901.0
6412.0,3739.0,2901.0
6412.0,3753.0,2901.0
6400.0,3753.0,2901.0
6400.0,3767.0,2901.0
6384.0,3767.0,2901.0
6384.0,3781.0,2901.0
6371.0,3781.0,2903.0
6371.0,3796.0,2903.0
6356.0,3796.0,2917.0
6356.0,3811.0,2917.0
6343.0,3811.0,2920.0
6343.0,3824.0,2920.0
6330.0,3824.0,2920.0
6330.0,3821.0,2920.0
6327.0,3821.0,2920.0
6327.0,3817.0,2920.0
6326.0,3817.0,2920.0
6326.0,3802.0,2920.0
6342.0,3802.0,2920.0
6342.0,3788.0,2920.0
6355.0,3788.0,2920.0
6355.0,3774.0,2920.0
6370.0,3774.0,2920.0
6370.0,3760.0,2920.0
6383.0,3760.0,2920.0
6383.0,3745.0,2920.0
6397.0,3745.0,2920.0
6397.0,3730.0,2920.0
6412.0,3730.0,2920.0
6412.0,3716.0,2920.0
6427.0,3716.0,2892.0
6427.0,3710.0,2892.0
6433.0,3710.0,2898.0
6433.0,3699.0,2898.0
6429.0,3699.0,2902.0
6429.0,3707.0,2902.0
6423.0,3707.0,2902.0
6423.0,3722.0,2902.0
6406.0,3722.0,2901.0
6406.0,3736.0,2901.0
6395.0,3736.0,2901.0
6395.0,3751.0,2901.0
6378.0,3751.0,2901.0
6378.0,3765.0,2901.0
6366.0,3765.0,2906.0
6349.0,3765.0,2917.0
6349.0,3779.0,2917.0
6337.0,3779.0,2918.0
6337.0,3794.0,2918.0
6337.0,3809.0,2918.0
6322.0,3809.0,2932.0
6322.0,3810.0,2932.0
6319.0,3810.0,2923.0
6319.0,3804.0,2923.0
6316.0,3804.0,2920.0
6316.0,3792.0,2920.0
6329.0,3792.0,2931.0
6329.0,3778.0,2931.0
6343.0,3778.0,2916.0
6343.0,3764.0,2916.0
6357.0,3764.0,2920.0
6372.0,3764.0,2920.0
6372.0,3750.0,2920.0
6372.0,3735.0,2920.0
6385.0,3735.0,2920.0
6385.0,3719.0,2920.0
6400.0,3719.0,2920.0
6400.0,3705.0,2920.0
6414.0,3705.0,2909.0
6414.0,3692.0,2909.0
6428.0,3692.0,2888.0
6428.0,3689.0,2888.0
6427.0,3689.0,2893.0
6427.0,3682.0,2893.0
6425.0,3682.0,2894.0
6425.0,3693.0,2894.0
6412.0,3693.0,2894.0
6412.0,3707.0,2894.0
6397.0,3707.0,2916.0
6397.0,3722.0,2916.0
6384.0,3722.0,2920.0
6384.0,3738.0,2920.0
6369.0,3738.0,2920.0
6369.0,3752.0,2920.0
6356.0,3752.0,2920.0
6356.0,3766.0,2920.0
6340.0,3766.0,2920.0
6340.0,3780.0,2920.0
6327.0,3780.0,2920.0
6327.0,3795.0,2920.0
6312.0,3795.0,2922.0
6312.0,3796.0,2922.0
6311.0,3796.0,2933.0
6311.0,3790.0,2933.0
6307.0,3790.0,2934.0
6307.0,3777.0,2934.0
6320.0,3777.0,2934.0
6320.0,3763.0,2934.0
6335.0,3763.0,2933.0
6335.0,3749.0,2933.0
6350.0,3749.0,2918.0
6350.0,3735.0,2918.0
6364.0,3735.0,2918.0
6364.0,3720.0,2918.0
6377.0,3720.0,2925.0
6377.0,3705.0,2925.0
6392.0,3705.0,2923.0
6392.0,3690.0,2923.0
6406.0,3690.0,2915.0
6406.0,3676.0,2915.0
6422.0,3676.0,2914.0
6422.0,3672.0,2914.0
6425.0,3672.0,2899.0
6425.0,3661.0,2899.0
6422.0,3661.0,2911.0
6422.0,3670.0,2911.0
6414.0,3670.0,2907.0
6414.0,3685.0,2907.0
6397.0,3685.0,2907.0
6397.0,3699.0,2907.0
6386.0,3699.0,2907.0
6386.0,3714.0,2907.0
6370.0,3714.0,2907.0
6370.0,3728.0,2907.0
6357.0,3728.0,2907.0
6357.0,3742.0,2907.0
6341.0,3742.0,2922.0
6341.0,3757.0,2922.0
6328.0,3757.0,2931.0
6328.0,3772.0,2931.0
6312.0,3772.0,2930.0
6312.0,3783.0,2930.0
6303.0,3783.0,2929.0
6303.0,3775.0,2929.0
6301.0,3775.0,2929.0
6301.0,3771.0,2929.0
6303.0,3771.0,2929.0
6303.0,3757.0,2929.0
6320.0,3757.0,2929.0
6320.0,3742.0,2929.0
6333.0,3742.0,2929.0
6333.0,3727.0,2929.0
6348.0,3727.0,2929.0
6361.0,3727.0,2916.0
6361.0,3713.0,2916.0
6361.0,3699.0,2916.0
6376.0,3699.0,2909.0
6390.0,3699.0,2908.0
6390.0,3685.0,2908.0
6390.0,3670.0,2908.0
6405.0,3670.0,2908.0
6405.0,3655.0,2908.0
6419.0,3655.0,2909.0
6419.0,3652.0,2909.0
6421.0,3652.0,2909.0
6421.0,3643.0,2909.0
6418.0,3643.0,2909.0
6418.0,3653.0,2909.0
6409.0,3653.0,2909.0
6409.0,3667.0,2909.0
6392.0,3667.0,2909.0
6392.0,3682.0,2909.0
6380.0,3682.0,2909.0
6380.0,3697.0,2909.0
6364.0,3697.0,2909.0
6364.0,3710.0,2909.0
6351.0,3710.0,2909.0
6351.0,3725.0,2909.0
6335.0,3725.0,2909.0
6335.0,3740.0,2909.0
6323.0,3740.0,2926.0
6323.0,3754.0,2926.0
6307.0,3754.0,2931.0
6307.0,3766.0,2931.0
6297.0,3766.0,2943.0
6297.0,3761.0,2943.0
6295.0,3761.0,2922.0
6295.0,3757.0,2922.0
6296.0,3757.0,2927.0
6296.0,3742.0,2927.0
6311.0,3742.0,2927.0
6311.0,3727.0,2927.0
6325.0,3727.0,2927.0
6325.0,3713.0,2927.0
6339.0,3713.0,2927.0
6339.0,3699.0,2927.0
6353.0,3699.0,2927.0
6353.0,3685.0,2927.0
6367.0,3685.0,2922.0
6382.0,3685.0,2921.0
6382.0,3670.0,2921.0
6382.0,3655.0,2921.0
6397.0,3655.0,2921.0
6397.0,3640.0,2921.0
6411.0,3640.0,2892.0
6411.0,3633.0,2892.0
6418.0,3633.0,2907.0
6418.0,3624.0,2907.0
6414.0,3624.0,2911.0
6414.0,3631.0,2911.0
6409.0,3631.0,2911.0
6409.0,3645.0,2911.0
6391.0,3645.0,2911.0
6391.0,3660.0,2911.0
6379.0,3660.0,2911.0
6379.0,3673.0,2911.0
6363.0,3673.0,2911.0
6363.0,3688.0,2911.0
6351.0,3688.0,2911.0
6351.0,3703.0,2911.0
6336.0,3703.0,2911.0
6336.0,3717.0,2911.0
6322.0,3717.0,2925.0
6322.0,3732.0,2925.0
6307.0,3732.0,2937.0
6307.0,3746.0,2937.0
6294.0,3746.0,2938.0
6294.0,3748.0,2938.0
6291.0,3748.0,2938.0
6291.0,3740.0,2938.0
6290.0,3740.0,2937.0
6290.0,3730.0,2937.0
6299.0,3730.0,2937.0
6299.0,3716.0,2937.0
6315.0,3716.0,2937.0
6315.0,3702.0,2937.0
6327.0,3702.0,2927.0
6327.0,3687.0,2927.0
6343.0,3687.0,2918.0
6343.0,3672.0,2918.0
6356.0,3672.0,2922.0
6356.0,3657.0,2922.0
6372.0,3657.0,2921.0
6372.0,3643.0,2921.0
6385.0,3643.0,2921.0
6400.0,3643.0,2910.0
6400.0,3629.0,2910.0
6400.0,3618.0,2910.0
6410.0,3618.0,2896.0
6410.0,3615.0,2896.0
6403.0,3615.0,2905.0
6403.0,3617.0,2905.0
6399.0,3617.0,2907.0
6399.0,3631.0,2907.0
6383.0,3631.0,2907.0
6383.0,3646.0,2907.0
6369.0,3646.0,2907.0
6369.0,3661.0,2907.0
6355.0,3661.0,2907.0
6341.0,3661.0,2907.0
6341.0,3675.0,2907.0
6341.0,3689.0,2907.0
6327.0,3689.0,2932.0
6327.0,3704.0,2932.0
6311.0,3704.0,2926.0
6298.0,3704.0,2925.0
6298.0,3718.0,2925.0
6298.0,3730.0,2925.0
6286.0,3730.0,2925.0
6286.0,3726.0,2925.0
6287.0,3726.0,2925.0
6287.0,3721.0,2925.0
6286.0,3721.0,2925.0
6286.0,3707.0,2925.0
6300.0,3707.0,2924.0
6300.0,3693.0,2924.0
6314.0,3693.0,2924.0
6314.0,3679.0,2924.0
6328.0,3679.0,2924.0
6328.0,3665.0,2924.0
6343.0,3665.0,2924.0
6343.0,3650.0,2924.0
6357.0,3650.0,2924.0
6357.0,3635.0,2924.0
6371.0,3635.0,2924.0
6371.0,3621.0,2924.0
6385.0,3621.0,2919.0
6385.0,3609.0,2919.0
6397.0,3609.0,2905.0
6397.0,3606.0,2905.0
6400.0,3606.0,2904.0
6418.0,3606.0,2904.0
6418.0,3590.0,2904.0
6418.0,3575.0,2904.0
6430.0,3575.0,2904.0
6430.0,3567.0,2904.0
6439.0,3567.0,2904.0
6439.0,3577.0,2904.0
6438.0,3577.0,2904.0
6438.0,3581.0,2904.0
6435.0,3581.0,2904.0
6435.0,3592.0,2904.0
6422.0,3592.0,2904.0
6422.0,3591.0,2904.0
6434.0,3591.0,2904.0
6434.0,3589.0,2904.0
6439.0,3589.0,2904.0
6439.0,3586.0,2904.0
6443.0,3586.0,2904.0
6443.0,3577.0,2904.0
6462.0,3577.0,2904.0
6462.0,3573.0,2904.0
6467.0,3573.0,2901.0
6467.0,3559.0,2901.0
6483.0,3559.0,2892.0
6483.0,3544.0,2892.0
6496.0,3544.0,2891.0
6496.0,3529.0,2891.0
6512.0,3529.0,2866.0
6512.0,3515.0,2866.0
6526.0,3515.0,2869.0
6526.0,3501.0,2869.0
6539.0,3501.0,2869.0
6539.0,3486.0,2869.0
6554.0,3486.0,2869.0
6554.0,3473.0,2869.0
6566.0,3473.0,2869.0
6566.0,3475.0,2869.0
6571.0,3475.0,2869.0
6571.0,3477.0,2869.0
6575.0,3477.0,2869.0
6575.0,3491.0,2869.0
6556.0,3491.0,2870.0
6556.0,3506.0,2870.0
6544.0,3506.0,2870.0
6544.0,3520.0,2870.0
6528.0,3520.0,2870.0
6528.0,3534.0,2870.0
6517.0,3534.0,2870.0
6517.0,3537.0,2870.0
6516.0,3537.0,2870.0
6516.0,3541.0,2870.0
6524.0,3541.0,2870.0
6524.0,3530.0,2870.0
6531.0,3530.0,2870.0
6550.0,3530.0,2870.0
6550.0,3515.0,2870.0
6550.0,3501.0,2870.0
6562.0,3501.0,2870.0
6562.0,3486.0,2870.0
6579.0,3486.0,2870.0
6579.0,3479.0,2870.0
6583.0,3479.0,2870.0
6583.0,3482.0,2870.0
6591.0,3482.0,2849.0
6591.0,3488.0,2849.0
6584.0,3488.0,2862.0
6584.0,3503.0,2862.0
6568.0,3503.0,2864.0
6568.0,3518.0,2864.0
6556.0,3518.0,2864.0
6556.0,3532.0,2864.0
6539.0,3532.0,2864.0
6539.0,3547.0,2864.0
6527.0,3547.0,2864.0
6527.0,3551.0,2864.0
6522.0,3551.0,2864.0
6522.0,3561.0,2864.0
6527.0,3561.0,2864.0
6527.0,3551.0,2864.0
6534.0,3551.0,2864.0
6534.0,3537.0,2864.0
6552.0,3537.0,2864.0
6552.0,3522.0,2864.0
6563.0,3522.0,2864.0
6563.0,3507.0,2864.0
6580.0,3507.0,2864.0
6580.0,3493.0,2864.0
6592.0,3493.0,2864.0
6592.0,3486.0,2864.0
6602.0,3486.0,2859.0
6602.0,3491.0,2859.0
6605.0,3491.0,2859.0
6605.0,3496.0,2859.0
6600.0,3496.0,2860.0
6600.0,3511.0,2860.0
6582.0,3511.0,2860.0
6582.0,3526.0,2860.0
6571.0,3526.0,2860.0
6554.0,3526.0,2860.0
6554.0,3541.0,2860.0
6554.0,3555.0,2860.0
6542.0,3555.0,2860.0
6542.0,3568.0,2860.0
6527.0,3568.0,2860.0
6527.0,3571.0,2860.0
6531.0,3571.0,2867.0
6531.0,3573.0,2867.0
6536.0,3573.0,2871.0
6536.0,3561.0,2871.0
6549.0,3561.0,2871.0
6549.0,3546.0,2871.0
6565.0,3546.0,2871.0
6565.0,3531.0,2871.0
6578.0,3531.0,2871.0
6578.0,3516.0,2871.0
6593.0,3516.0,2857.0
6593.0,3502.0,2857.0
6607.0,3502.0,2849.0
6607.0,3494.0,2849.0
6616.0,3494.0,2860.0
6616.0,3498.0,2860.0
6619.0,3498.0,2860.0
6619.0,3503.0,2860.0
6616.0,3503.0,2860.0
6616.0,3518.0,2860.0
6598.0,3518.0,2860.0
6598.0,3533.0,2860.0
6587.0,3533.0,2860.0
6587.0,3547.0,2860.0
6569.0,3547.0,2860.0
6569.0,3562.0,2860.0
6558.0,3562.0,2860.0
6558.0,3575.0,2860.0
6543.0,3575.0,2860.0
6543.0,3576.0,2860.0
6550.0,3576.0,2860.0
6550.0,3576.0,2860.0
6556.0,3576.0,2860.0
6556.0,3563.0,2860.0
6568.0,3563.0,2860.0
6568.0,3549.0,2860.0
6585.0,3549.0,2860.0
6585.0,3535.0,2860.0
6597.0,3535.0,2860.0
6597.0,3520.0,2860.0
6613.0,3520.0,2860.0
6625.0,3520.0,2859.0
6625.0,3506.0,2859.0
6625.0,3504.0,2859.0
6631.0,3504.0,2858.0
6631.0,3508.0,2858.0
6634.0,3508.0,2858.0
6634.0,3519.0,2858.0
6622.0,3519.0,2858.0
6622.0,3533.0,2858.0
6607.0,3533.0,2858.0
6607.0,3547.0,2858.0
6594.0,3547.0,2858.0
6594.0,3562.0,2858.0
6578.0,3562.0,2858.0
6578.0,3577.0,2858.0
6566.0,3577.0,2858.0
6566.0,3580.0,2858.0
6564.0,3580.0,2859.0
6564.0,3583.0,2859.0
6573.0,3583.0,2859.0
6573.0,3572.0,2859.0
6580.0,3572.0,2859.0
6600.0,3572.0,2859.0
6600.0,3558.0,2859.0
6600.0,3543.0,2859.0
6611.0,3543.0,2859.0
6611.0,3528.0,2859.0
6628.0,3528.0,2859.0
6628.0,3514.0,2859.0
6638.0,3514.0,2859.0
6638.0,3514.0,2859.0
6644.0,3514.0,2859.0
6644.0,3518.0,2859.0
6647.0,3518.0,2859.0
6647.0,3531.0,2859.0
6634.0,3531.0,2859.0
6634.0,3545.0,2859.0
6619.0,3545.0,2859.0
6619.0,3559.0,2859.0
6604.0,3559.0,2859.0
6604.0,3574.0,2859.0
6589.0,3574.0,2859.0
6589.0,3587.0,2859.0
6578.0,3587.0,2859.0
6578.0,3590.0,2859.0
6582.0,3590.0,2859.0
6582.0,3591.0,2859.0
6587.0,3591.0,2859.0
6587.0,3577.0,2859.0
6600.0,3577.0,2859.0
6600.0,3563.0,2859.0
6616.0,3563.0,2859.0
6616.0,3549.0,2859.0
6629.0,3549.0,2859.0
6646.0,3549.0,2859.0
6646.0,3534.0,2859.0
6653.0,3534.0,2856.0
6653.0,3523.0,2856.0
6658.0,3523.0,2857.0
6658.0,3527.0,2857.0
6655.0,3527.0,2857.0
6655.0,3531.0,2857.0
6655.0,3546.0,2857.0
6639.0,3546.0,2857.0
6639.0,3561.0,2857.0
6627.0,3561.0,2857.0
6627.0,3575.0,2857.0
6611.0,3575.0,2857.0
6611.0,3590.0,2857.0
6597.0,3590.0,2857.0
6597.0,3599.0,2857.0
6587.0,3599.0,2857.0
6587.0,3607.0,2857.0
6594.0,3607.0,2857.0
6594.0,3602.0,2857.0
6597.0,3602.0,2857.0
6597.0,3587.0,2857.0
6615.0,3587.0,2857.0
6615.0,3572.0,2857.0
6627.0,3572.0,2857.0
6627.0,3559.0,2857.0
6643.0,3559.0,2857.0
6643.0,3544.0,2857.0
6656.0,3544.0,2857.0
6656.0,3534.0,2857.0
6666.0,3534.0,2857.0
6666.0,3540.0,2857.0
6668.0,3540.0,2849.0
6668.0,3545.0,2849.0
6666.0,3545.0,2841.0
6666.0,3559.0,2841.0
6648.0,3559.0,2842.0
6648.0,3574.0,2842.0
6637.0,3574.0,2842.0
6637.0,3589.0,2842.0
6619.0,3589.0,2842.0
6619.0,3603.0,2842.0
6607.0,3603.0,2867.0
6607.0,3615.0,2867.0
6595.0,3615.0,2862.0
6595.0,3621.0,2862.0
6599.0,3621.0,2861.0
6599.0,3623.0,2861.0
6599.0,3623.0,2862.0
6599.0,3610.0,2862.0
6616.0,3610.0,2862.0
6629.0,3610.0,2862.0
6629.0,3595.0,2862.0
6629.0,3581.0,2862.0
6644.0,3581.0,2847.0
6644.0,3566.0,2847.0
6658.0,3566.0,2845.0
6658.0,3551.0,2845.0
6672.0,3551.0,2846.0
6672.0,3547.0,2846.0
6678.0,3547.0,2846.0
6680.0,3547.0,2846.0
6680.0,3553.0,2846.0
6680.0,3563.0,2846.0
6670.0,3563.0,2846.0
6670.0,3577.0,2846.0
6654.0,3577.0,2846.0
6654.0,3591.0,2846.0
6641.0,3591.0,2846.0
6641.0,3606.0,2846.0
6625.0,3606.0,2846.0
6625.0,3621.0,2846.0
6612.0,3621.0,2848.0
6597.0,3621.0,2866.0
6597.0,3636.0,2866.0
6597.0,3638.0,2866.0
6594.0,3638.0,2871.0
6594.0,3641.0,2871.0
6572.0,3641.0,2872.0
6572.0,3643.0,2872.0
6553.0,3643.0,2871.0
6553.0,3648.0,2871.0
6553.0,3648.0,2871.0
6553.0,3663.0,2871.0
6531.0,3663.0,2871.0
6531.0,3677.0,2871.0
6523.0,3677.0,2871.0
6523.0,3681.0,2871.0
6516.0,3681.0,2871.0
6516.0,3695.0,2871.0
6505.0,3695.0,2885.0
6505.0,3709.0,2885.0
6487.0,3709.0,2897.0
6487.0,3722.0,2897.0
6478.0,3722.0,2899.0
6478.0,3726.0,2899.0
6476.0,3726.0,2899.0
6480.0,3726.0,2899.0
6480.0,3732.0,2899.0
6491.0,3732.0,2898.0
6491.0,3721.0,2898.0
6491.0,3707.0,2898.0
6507.0,3707.0,2898.0
6507.0,3697.0,2898.0
6514.0,3697.0,2874.0
6514.0,3697.0,2874.0
6523.0,3697.0,2878.0
6523.0,3700.0,2878.0
6523.0,3700.0,2878.0
6523.0,3715.0,2878.0
6504.0,3715.0,2878.0
6504.0,3729.0,2878.0
6493.0,3729.0,2878.0
6493.0,3742.0,2878.0
6478.0,3742.0,2878.0
6478.0,3745.0,2878.0
6481.0,3745.0,2878.0
6481.0,3751.0,2878.0
6482.0,3751.0,2878.0
6482.0,3740.0,2878.0
6496.0,3740.0,2878.0
6496.0,3726.0,2878.0
6510.0,3726.0,2878.0
6510.0,3711.0,2878.0
6524.0,3711.0,2878.0
6524.0,3698.0,2878.0
6536.0,3698.0,2878.0
6536.0,3698.0,2878.0
6539.0,3698.0,2877.0
6539.0,3700.0,2877.0
6546.0,3700.0,2877.0
6546.0,3714.0,2877.0
6528.0,3714.0,2877.0
6528.0,3728.0,2877.0
6517.0,3728.0,2877.0
6517.0,3742.0,2877.0
6499.0,3742.0,2877.0
6499.0,3757.0,2877.0
6488.0,3757.0,2877.0
6488.0,3762.0,2877.0
6482.0,3762.0,2877.0
6482.0,3773.0,2877.0
6486.0,3773.0,2877.0
6486.0,3765.0,2877.0
6491.0,3765.0,2877.0
6509.0,3765.0,2877.0
6509.0,3750.0,2877.0
6509.0,3736.0,2877.0
6520.0,3736.0,2877.0
6520.0,3721.0,2877.0
6538.0,3721.0,2877.0
6538.0,3707.0,2877.0
6549.0,3707.0,2877.0
6549.0,3703.0,2877.0
6555.0,3703.0,2877.0
6555.0,3709.0,2877.0
6559.0,3709.0,2877.0
6559.0,3717.0,2877.0
6550.0,3717.0,2877.0
6550.0,3731.0,2877.0
6533.0,3731.0,2877.0
6533.0,3746.0,2877.0
6521.0,3746.0,2877.0
6521.0,3761.0,2877.0
6504.0,3761.0,2877.0
6504.0,3775.0,2877.0
6493.0,3775.0,2877.0
6493.0,3777.0,2877.0
6492.0,3777.0,2877.0
6492.0,3774.0,2877.0
6508.0,3774.0,2877.0
6508.0,3767.0,2877.0
6511.0,3767.0,2877.0
6511.0,3753.0,2877.0
6531.0,3753.0,2877.0
6531.0,3738.0,2877.0
6540.0,3738.0,2877.0
6540.0,3724.0,2877.0
6558.0,3724.0,2877.0
6564.0,3724.0,2877.0
6564.0,3714.0,2877.0
6564.0,3723.0,2877.0
6567.0,3723.0,2877.0
6567.0,3727.0,2877.0
6563.0,3727.0,2877.0
6563.0,3741.0,2877.0
6545.0,3741.0,2877.0
6545.0,3757.0,2877.0
6533.0,3757.0,2877.0
6533.0,3771.0,2877.0
6518.0,3771.0,2877.0
6518.0,3771.0,2877.0
6523.0,3771.0,2877.0
6523.0,3769.0,2877.0
6535.0,3769.0,2877.0
6535.0,3761.0,2877.0
6540.0,3761.0,2877.0
6540.0,3747.0,2877.0
6559.0,3747.0,2877.0
6559.0,3734.0,2877.0
6567.0,3734.0,2877.0
6567.0,3736.0,2877.0
6569.0,3736.0,2877.0
6569.0,3748.0,2877.0
6565.0,3748.0,2877.0
6565.0,3757.0,2877.0
6557.0,3757.0,2877.0
6557.0,3764.0,2877.0
6546.0,3764.0,2877.0
6546.0,3773.0,2877.0
6558.0,3773.0,2877.0
6558.0,3790.0,2877.0
6568.0,3790.0,2877.0
6568.0,3787.0,2877.0
6572.0,3787.0,2877.0
6572.0,3775.0,2877.0
6586.0,3775.0,2877.0
6586.0,3770.0,2877.0
6587.0,3770.0,2877.0
6587.0,3754.0,2877.0
6607.0,3754.0,2877.0
6607.0,3741.0,2877.0
6617.0,3741.0,2872.0
6617.0,3727.0,2872.0
6635.0,3727.0,2850.0
6635.0,3712.0,2850.0
6647.0,3712.0,2845.0
6647.0,3698.0,2845.0
6663.0,3698.0,2846.0
6663.0,3683.0,2846.0
6676.0,3683.0,2846.0
6676.0,3669.0,2846.0
6692.0,3669.0,2846.0
6692.0,3654.0,2846.0
6706.0,3654.0,2846.0
6706.0,3641.0,2846.0
6719.0,3641.0,2837.0
6719.0,3637.0,2837.0
6719.0,3637.0,2847.0
6719.0,3630.0,2847.0
6717.0,3630.0,2840.0
6717.0,3641.0,2840.0
6705.0,3641.0,2840.0
6705.0,3656.0,2840.0
6690.0,3656.0,2841.0
6690.0,3671.0,2841.0
6677.0,3671.0,2841.0
6677.0,3686.0,2841.0
6660.0,3686.0,2841.0
6660.0,3700.0,2841.0
6647.0,3700.0,2841.0
6647.0,3714.0,2841.0
6631.0,3714.0,2847.0
6631.0,3728.0,2847.0
6619.0,3728.0,2857.0
6619.0,3739.0,2857.0
6607.0,3739.0,2860.0
6607.0,3730.0,2860.0
6610.0,3730.0,2860.0
6610.0,3727.0,2860.0
6610.0,3727.0,2860.0
6610.0,3712.0,2860.0
6627.0,3712.0,2860.0
6627.0,3697.0,2860.0
6640.0,3697.0,2860.0
6640.0,3683.0,2860.0
6656.0,3683.0,2860.0
6656.0,3669.0,2860.0
6668.0,3669.0,2858.0
6668.0,3654.0,2858.0
6684.0,3654.0,2855.0
6684.0,3640.0,2855.0
6698.0,3640.0,2849.0
6698.0,3625.0,2849.0
6713.0,3625.0,2830.0
6713.0,3621.0,2830.0
6715.0,3621.0,2832.0
6715.0,3612.0,2832.0
6712.0,3612.0,2844.0
6712.0,3622.0,2844.0
6703.0,3622.0,2844.0
6703.0,3636.0,2844.0
6686.0,3636.0,2845.0
6686.0,3651.0,2845.0
6675.0,3651.0,2845.0
6675.0,3665.0,2845.0
6658.0,3665.0,2845.0
6658.0,3679.0,2845.0
6645.0,3679.0,2845.0
6645.0,3694.0,2845.0
6629.0,3694.0,2845.0
6629.0,3708.0,2845.0
6616.0,3708.0,2864.0
6616.0,3719.0,2864.0
6605.0,3719.0,2863.0
6605.0,3712.0,2863.0
6604.0,3712.0,2863.0
6604.0,3708.0,2863.0
6605.0,3708.0,2863.0
6605.0,3693.0,2863.0
6624.0,3693.0,2863.0
6624.0,3678.0,2863.0
6635.0,3678.0,2863.0
6635.0,3664.0,2863.0
6653.0,3664.0,2849.0
6653.0,3650.0,2849.0
6664.0,3650.0,2840.0
6664.0,3636.0,2840.0
6681.0,3636.0,2840.0
6681.0,3621.0,2840.0
6693.0,3621.0,2840.0
6693.0,3606.0,2840.0
6708.0,3606.0,2841.0
6708.0,3603.0,2841.0
6708.0,3603.0,2841.0
6708.0,3597.0,2841.0
6705.0,3597.0,2841.0
6705.0,3608.0,2841.0
6694.0,3608.0,2841.0
6694.0,3622.0,2841.0
6677.0,3622.0,2841.0
6677.0,3637.0,2841.0
6665.0,3637.0,2841.0
6665.0,3652.0,2841.0
6649.0,3652.0,2841.0
6649.0,3666.0,2841.0
6636.0,3666.0,2841.0
6636.0,3680.0,2841.0
6619.0,3680.0,2867.0
6619.0,3695.0,2867.0
6607.0,3695.0,2862.0
6607.0,3705.0,2862.0
6595.0,3705.0,2862.0
6595.0,3701.0,2862.0
6593.0,3701.0,2862.0
6595.0,3701.0,2862.0
6595.0,3696.0,2862.0
6595.0,3682.0,2862.0
6613.0,3682.0,2862.0
6613.0,3667.0,2862.0
6623.0,3667.0,2862.0
6623.0,3652.0,2862.0
6642.0,3652.0,2854.0
6642.0,3638.0,2854.0
6653.0,3638.0,2839.0
6653.0,3624.0,2839.0
6670.0,3624.0,2838.0
6670.0,3609.0,2838.0
6682.0,3609.0,2838.0
6682.0,3595.0,2838.0
6698.0,3595.0,2838.0
6698.0,3589.0,2838.0
6702.0,3589.0,2838.0
6702.0,3580.0,2838.0
6698.0,3580.0,2838.0
6698.0,3589.0,2838.0
6691.0,3589.0,2838.0
6691.0,3603.0,2838.0
6673.0,3603.0,2838.0
6673.0,3617.0,2838.0
6661.0,3617.0,2838.0
6661.0,3632.0,2838.0
6645.0,3632.0,2838.0
6645.0,3646.0,2838.0
6633.0,3646.0,2848.0
6633.0,3661.0,2848.0
6616.0,3661.0,2867.0
6616.0,3675.0,2867.0
6603.0,3675.0,2864.0
6603.0,3690.0,2864.0
6587.0,3690.0,2864.0
6587.0,3696.0,2864.0
6583.0,3696.0,2864.0
6583.0,3693.0,2864.0
6575.0,3693.0,2864.0
6575.0,3685.0,2864.0
6584.0,3685.0,2864.0
6584.0,3671.0,2864.0
6600.0,3671.0,2864.0
6600.0,3656.0,2864.0
6612.0,3656.0,2864.0
6612.0,3641.0,2864.0
6629.0,3641.0,2864.0
6629.0,3627.0,2864.0
6642.0,3627.0,2860.0
6642.0,3613.0,2860.0
6658.0,3613.0,2859.0
6658.0,3598.0,2859.0
6670.0,3598.0,2857.0
6670.0,3584.0,2857.0
6686.0,3584.0,2852.0
6686.0,3573.0,2852.0
6695.0,3573.0,2835.0
6695.0,3567.0,2835.0
6690.0,3567.0,2851.0
6690.0,3570.0,2851.0
6686.0,3570.0,2834.0
6686.0,3586.0,2834.0
6669.0,3586.0,2855.0
6669.0,3600.0,2855.0
6656.0,3600.0,2854.0
6656.0,3614.0,2854.0
6641.0,3614.0,2854.0
6641.0,3628.0,2854.0
6627.0,3628.0,2854.0
6627.0,3643.0,2854.0
6612.0,3643.0,2854.0
6612.0,3658.0,2854.0
6597.0,3658.0,2854.0
6597.0,3672.0,2854.0
6583.0,3672.0,2862.0
6583.0,3687.0,2862.0
6569.0,3687.0,2867.0
6569.0,3690.0,2867.0
6565.0,3690.0,2867.0
6565.0,3688.0,2867.0
6557.0,3688.0,2867.0
6557.0,3679.0,2867.0
6567.0,3679.0,2867.0
6567.0,3665.0,2867.0
6582.0,3665.0,2867.0
6582.0,3651.0,2867.0
6596.0,3651.0,2867.0
6596.0,3637.0,2867.0
6611.0,3637.0,2867.0
6611.0,3621.0,2867.0
6624.0,3621.0,2855.0
6624.0,3607.0,2855.0
6639.0,3607.0,2847.0
6639.0,3593.0,2847.0
6653.0,3593.0,2849.0
6653.0,3578.0,2849.0
6669.0,3578.0,2849.0
6669.0,3564.0,2849.0
6683.0,3564.0,2849.0
6683.0,3560.0,2849.0
6687.0,3560.0,2849.0
6687.0,3578.0,2849.0
6693.0,3578.0,2849.0
6693.0,3617.0,2849.0
6710.0,3617.0,2838.0
6710.0,3644.0,2838.0
6719.0,3644.0,2826.0
6719.0,3649.0,2826.0
6721.0,3649.0,2846.0
6721.0,3662.0,2846.0
6707.0,3662.0,2846.0
6707.0,3677.0,2846.0
6692.0,3677.0,2846.0
6692.0,3691.0,2846.0
6678.0,3691.0,2846.0
6678.0,3705.0,2846.0
6663.0,3705.0,2846.0
6663.0,3720.0,2846.0
6650.0,3720.0,2846.0
6650.0,3734.0,2846.0
6635.0,3734.0,2846.0
6635.0,3749.0,2846.0
6620.0,3749.0,2871.0
6620.0,3763.0,2871.0
6605.0,3763.0,2858.0
6605.0,3777.0,2858.0
6591.0,3777.0,2858.0
6591.0,3792.0,2858.0
6577.0,3792.0,2858.0
6577.0,3800.0,2858.0
6571.0,3800.0,2874.0
6571.0,3809.0,2874.0
6573.0,3809.0,2883.0
6573.0,3806.0,2883.0
6576.0,3806.0,2873.0
6576.0,3791.0,2873.0
6593.0,3791.0,2859.0
6593.0,3776.0,2859.0
6607.0,3776.0,2859.0
6607.0,3762.0,2859.0
6622.0,3762.0,2859.0
6635.0,3762.0,2860.0
6635.0,3748.0,2860.0
6635.0,3733.0,2860.0
6650.0,3733.0,2860.0
6650.0,3719.0,2860.0
6664.0,3719.0,2860.0
6664.0,3704.0,2860.0
6680.0,3704.0,2859.0
6694.0,3704.0,2856.0
6694.0,3689.0,2856.0
6708.0,3689.0,2838.0
6708.0,3675.0,2838.0
6708.0,3661.0,2838.0
6722.0,3661.0,2827.0
6722.0,3657.0,2827.0
6723.0,3657.0,2843.0
6723.0,3659.0,2843.0
6702.0,3659.0,2842.0
6702.0,3663.0,2842.0
6656.0,3663.0,2841.0
6656.0,3669.0,2841.0
6597.0,3669.0,2862.0
6597.0,3673.0,2862.0
6567.0,3673.0,2879.0
6567.0,3674.0,2879.0
6558.0,3674.0,2880.0
6558.0,3679.0,2880.0
6557.0,3679.0,2880.0
6557.0,3673.0,2880.0
6547.0,3673.0,2880.0
6547.0,3670.0,2880.0
6540.0,3670.0,2880.0
6540.0,3659.0,2880.0
6552.0,3659.0,2880.0
6552.0,3653.0,2880.0
6550.0,3653.0,2880.0
6550.0,3634.0,2880.0
6557.0,3634.0,2880.0
6557.0,3635.0,2880.0
6552.0,3635.0,2880.0
6552.0,3650.0,2880.0
6537.0,3650.0,2880.0
6537.0,3664.0,2880.0
6522.0,3664.0,2880.0
6522.0,3679.0,2880.0
6507.0,3679.0,2880.0
6507.0,3693.0,2880.0
6494.0,3693.0,2880.0
6494.0,3708.0,2880.0
6480.0,3708.0,2880.0
6480.0,3714.0,2880.0
6474.0,3714.0,2880.0
6474.0,3703.0,2880.0
6473.0,3703.0,2880.0
6473.0,3699.0,2880.0
6478.0,3699.0,2880.0
6478.0,3684.0,2880.0
6496.0,3684.0,2880.0
6496.0,3669.0,2880.0
6509.0,3669.0,2880.0
6509.0,3654.0,2880.0
6525.0,3654.0,2880.0
6525.0,3640.0,2880.0
6536.0,3640.0,2880.0
6536.0,3626.0,2880.0
6551.0,3626.0,2880.0
6551.0,3623.0,2880.0
6551.0,3623.0,2880.0
6551.0,3617.0,2880.0
6548.0,3617.0,2880.0
6548.0,3627.0,2880.0
6538.0,3627.0,2880.0
6538.0,3642.0,2880.0
6519.0,3642.0,2880.0
6519.0,3657.0,2880.0
6507.0,3657.0,2880.0
6507.0,3672.0,2880.0
6491.0,3672.0,2880.0
6491.0,3686.0,2880.0
6480.0,3686.0,2880.0
6480.0,3695.0,2880.0
6470.0,3695.0,2880.0
6470.0,3685.0,2880.0
6470.0,3685.0,2880.0
6470.0,3682.0,2880.0
6471.0,3682.0,2880.0
6471.0,3668.0,2880.0
6490.0,3668.0,2880.0
6490.0,3652.0,2880.0
6502.0,3652.0,2880.0
6502.0,3638.0,2880.0
6519.0,3638.0,2880.0
6519.0,3623.0,2880.0
6530.0,3623.0,2881.0
6530.0,3611.0,2881.0
6543.0,3611.0,2881.0
6543.0,3608.0,2881.0
6539.0,3608.0,2881.0
6539.0,3606.0,2881.0
6535.0,3606.0,2881.0
6535.0,3620.0,2881.0
6522.0,3620.0,2881.0
6522.0,3634.0,2881.0
6505.0,3634.0,2881.0
6505.0,3649.0,2881.0
6491.0,3649.0,2881.0
6491.0,3663.0,2881.0
6476.0,3663.0,2881.0
6476.0,3675.0,2881.0
6468.0,3675.0,2881.0
6468.0,3670.0,2881.0
6467.0,3670.0,2881.0
6467.0,3665.0,2881.0
6467.0,3665.0,2881.0
6467.0,3650.0,2881.0
6480.0,3650.0,2881.0
6480.0,3637.0,2881.0
6495.0,3637.0,2881.0
6495.0,3623.0,2881.0
6511.0,3623.0,2881.0
6525.0,3623.0,2881.0
6525.0,3609.0,2881.0
6530.0,3609.0,2881.0
6530.0,3601.0,2881.0
6519.0,3601.0,2881.0
6519.0,3598.0,2881.0
6515.0,3598.0,2881.0
6515.0,3604.0,2881.0
6515.0,3619.0,2881.0
6498.0,3619.0,2881.0
6498.0,3633.0,2881.0
6487.0,3633.0,2881.0
6487.0,3648.0,2881.0
6470.0,3648.0,2881.0
6470.0,3656.0,2881.0
6462.0,3656.0,2881.0
6462.0,3647.0,2881.0
6462.0,3647.0,2881.0
6462.0,3644.0,2881.0
6466.0,3644.0,2881.0
6466.0,3629.0,2881.0
6483.0,3629.0,2881.0
6483.0,3614.0,2881.0
6495.0,3614.0,2881.0
6495.0,3600.0,2881.0
6510.0,3600.0,2881.0
6510.0,3598.0,2881.0
6507.0,3598.0,2881.0
6507.0,3600.0,2881.0
6496.0,3600.0,2881.0
6496.0,3608.0,2881.0
6490.0,3608.0,2881.0
6490.0,3622.0,2881.0
6470.0,3622.0,2881.0
6470.0,3636.0,2881.0
6461.0,3636.0,2881.0
6461.0,3634.0,2881.0
6458.0,3634.0,2881.0
6458.0,3627.0,2881.0
6459.0,3627.0,2881.0
6459.0,3614.0,2881.0
6472.0,3614.0,2881.0
6472.0,3602.0,2881.0
6484.0,3602.0,2881.0
6484.0,3603.0,2881.0
6478.0,3603.0,2881.0
6478.0,3605.0,2881.0
6467.0,3605.0,2881.0
6467.0,3614.0,2881.0
6461.0,3614.0,2881.0
6461.0,3618.0,2881.0
6453.0,3618.0,2881.0
6453.0,3602.0,2881.0
6463.0,3602.0,2881.0
6463.0,3585.0,2881.0
6465.0,3585.0,2881.0
6465.0,3578.0,2881.0
6474.0,3578.0,2881.0
6474.0,3563.0,2881.0
6491.0,3563.0,2881.0
6491.0,3550.0,2881.0
6500.0,3550.0,2881.0
6500.0,3555.0,2881.0
6501.0,3555.0,2881.0
6501.0,3561.0,2881.0
6500.0,3561.0,2881.0
6500.0,3575.0,2881.0
6487.0,3575.0,2881.0
6487.0,3582.0,2881.0
6480.0,3582.0,2881.0
6480.0,3579.0,2881.0
6493.0,3579.0,2881.0
6493.0,3577.0,2881.0
6498.0,3577.0,2881.0
6498.0,3569.0,2881.0
6504.0,3569.0,2881.0
6504.0,3569.0,2881.0
6490.0,3569.0,2881.0
6490.0,3568.0,2881.0
6462.0,3568.0,2881.0
6462.0,3567.0,2881.0
6463.0,3567.0,2881.0
6463.0,3553.0,2881.0
6475.0,3553.0,2881.0
6475.0,3539.0,2881.0
6492.0,3539.0,2881.0
6492.0,3524.0,2881.0
6506.0,3524.0,2881.0
6506.0,3510.0,2881.0
6521.0,3510.0,2881.0
6521.0,3495.0,2881.0
6534.0,3495.0,2881.0
6534.0,3480.0,2881.0
6548.0,3480.0,2881.0
6548.0,3471.0,2881.0
6557.0,3471.0,2881.0
6557.0,3469.0,2881.0
6549.0,3469.0,2877.0
6549.0,3472.0,2877.0
6544.0,3472.0,2877.0
6544.0,3486.0,2877.0
6528.0,3486.0,2877.0
6528.0,3501.0,2877.0
6513.0,3501.0,2877.0
6513.0,3515.0,2877.0
6500.0,3515.0,2877.0
6500.0,3530.0,2877.0
6486.0,3530.0,2877.0
6486.0,3544.0,2877.0
6472.0,3544.0,2877.0
6472.0,3557.0,2877.0
6458.0,3557.0,2877.0
6458.0,3553.0,2877.0
6457.0,3553.0,2877.0
6457.0,3549.0,2877.0
6456.0,3549.0,2877.0
6456.0,3534.0,2877.0
6474.0,3534.0,2877.0
6474.0,3520.0,2877.0
6487.0,3520.0,2877.0
6487.0,3506.0,2877.0
6502.0,3506.0,2877.0
6502.0,3492.0,2877.0
6515.0,3492.0,2877.0
6515.0,3477.0,2877.0
6530.0,3477.0,2877.0
6530.0,3466.0,2877.0
6539.0,3466.0,2877.0
6539.0,3466.0,2877.0
6530.0,3466.0,2877.0
6530.0,3468.0,2877.0
6524.0,3468.0,2877.0
6524.0,3483.0,2877.0
6508.0,3483.0,2877.0
6508.0,3498.0,2877.0
6495.0,3498.0,2877.0
6495.0,3512.0,2877.0
6482.0,3512.0,2877.0
6482.0,3526.0,2877.0
6467.0,3526.0,2877.0
6467.0,3541.0,2877.0
6452.0,3541.0,2877.0
6452.0,3550.0,2877.0
6442.0,3550.0,2877.0
6442.0,3557.0,2877.0
6437.0,3557.0,2881.0
6437.0,3572.0,2881.0
6419.0,3572.0,2885.0
6419.0,3586.0,2885.0
6409.0,3586.0,2889.0
6409.0,3601.0,2889.0
6391.0,3601.0,2908.0
6391.0,3615.0,2908.0
6378.0,3615.0,2902.0
6378.0,3630.0,2902.0
6362.0,3630.0,2901.0
6362.0,3644.0,2901.0
6350.0,3644.0,2901.0
6350.0,3659.0,2901.0
6335.0,3659.0,2913.0
6335.0,3673.0,2913.0
6320.0,3673.0,2920.0
6320.0,3688.0,2920.0
6304.0,3688.0,2919.0
6304.0,3702.0,2919.0
6291.0,3702.0,2927.0
6291.0,3712.0,2927.0
6283.0,3712.0,2936.0
6283.0,3702.0,2936.0
6284.0,3702.0,2937.0
6286.0,3702.0,2937.0
6286.0,3699.0,2937.0
6286.0,3684.0,2937.0
6302.0,3684.0,2937.0
6302.0,3669.0,2937.0
6315.0,3669.0,2937.0
6315.0,3654.0,2937.0
6331.0,3654.0,2915.0
6331.0,3640.0,2915.0
6344.0,3640.0,2920.0
6344.0,3626.0,2920.0
6359.0,3626.0,2919.0
6359.0,3611.0,2919.0
6372.0,3611.0,2919.0
6372.0,3597.0,2919.0
6387.0,3597.0,2919.0
6387.0,3582.0,2919.0
6402.0,3582.0,2896.0
6402.0,3567.0,2896.0
6416.0,3567.0,2891.0
6416.0,3553.0,2891.0
6431.0,3553.0,2891.0
6431.0,3539.0,2891.0
6444.0,3539.0,2891.0
6444.0,3524.0,2891.0
6459.0,3524.0,2890.0
6459.0,3509.0,2890.0
6474.0,3509.0,2890.0
6474.0,3494.0,2890.0
6490.0,3494.0,2890.0
6490.0,3480.0,2890.0
6503.0,3480.0,2865.0
6503.0,3466.0,2865.0
6516.0,3466.0,2869.0
6516.0,3465.0,2869.0
6513.0,3465.0,2870.0
6513.0,3464.0,2870.0
6504.0,3464.0,2870.0
6504.0,3475.0,2870.0
6497.0,3475.0,2870.0
6497.0,3489.0,2870.0
6478.0,3489.0,2870.0
6478.0,3504.0,2870.0
6467.0,3504.0,2889.0
6467.0,3518.0,2889.0
6449.0,3518.0,2879.0
6449.0,3533.0,2879.0
6439.0,3533.0,2883.0
6439.0,3548.0,2883.0
6422.0,3548.0,2883.0
6422.0,3562.0,2883.0
6408.0,3562.0,2892.0
6408.0,3577.0,2892.0
6392.0,3577.0,2905.0
6392.0,3591.0,2905.0
6379.0,3591.0,2907.0
6379.0,3606.0,2907.0
6364.0,3606.0,2906.0
6364.0,3620.0,2906.0
6351.0,3620.0,2906.0
6351.0,3635.0,2906.0
6335.0,3635.0,2906.0
6335.0,3649.0,2906.0
6320.0,3649.0,2919.0
6320.0,3664.0,2919.0
6306.0,3664.0,2933.0
6306.0,3678.0,2933.0
6293.0,3678.0,2933.0
6293.0,3690.0,2933.0
6282.0,3690.0,2933.0
6282.0,3684.0,2933.0
6283.0,3684.0,2933.0
6283.0,3678.0,2933.0
6283.0,3678.0,2933.0
6283.0,3664.0,2933.0
6297.0,3664.0,2933.0
6297.0,3649.0,2933.0
6312.0,3649.0,2933.0
6312.0,3636.0,2933.0
6327.0,3636.0,2919.0
6327.0,3622.0,2919.0
6340.0,3622.0,2914.0
6340.0,3607.0,2914.0
6354.0,3607.0,2917.0
6354.0,3592.0,2917.0
6369.0,3592.0,2917.0
6369.0,3577.0,2917.0
6383.0,3577.0,2917.0
6383.0,3563.0,2917.0
6399.0,3563.0,2905.0
6399.0,3549.0,2905.0
6412.0,3549.0,2900.0
6412.0,3534.0,2900.0
6426.0,3534.0,2898.0
6426.0,3519.0,2898.0
6440.0,3519.0,2888.0
6440.0,3505.0,2888.0
6456.0,3505.0,2888.0
6456.0,3490.0,2888.0
6471.0,3490.0,2888.0
6471.0,3475.0,2888.0
6486.0,3475.0,2887.0
6486.0,3464.0,2887.0
6495.0,3464.0,2887.0
6495.0,3465.0,2887.0
6487.0,3465.0,2887.0
6487.0,3466.0,2887.0
6480.0,3466.0,2886.0
6480.0,3479.0,2886.0
6471.0,3479.0,2886.0
6471.0,3493.0,2886.0
6451.0,3493.0,2886.0
6451.0,3507.0,2886.0
6440.0,3507.0,2886.0
6440.0,3522.0,2886.0
6423.0,3522.0,2886.0
6423.0,3537.0,2886.0
6412.0,3537.0,2886.0
6412.0,3551.0,2886.0
6395.0,3551.0,2888.0
6395.0,3566.0,2888.0
6383.0,3566.0,2904.0
6383.0,3580.0,2904.0
6366.0,3580.0,2899.0
6366.0,3595.0,2899.0
6353.0,3595.0,2905.0
6353.0,3609.0,2905.0
6338.0,3609.0,2904.0
6338.0,3624.0,2904.0
6325.0,3624.0,2911.0
6325.0,3638.0,2911.0
6309.0,3638.0,2930.0
6309.0,3653.0,2930.0
6295.0,3653.0,2926.0
6295.0,3666.0,2926.0
6282.0,3666.0,2925.0
6282.0,3662.0,2925.0
6284.0,3662.0,2925.0
6284.0,3653.0,2925.0
6285.0,3653.0,2925.0
6285.0,3642.0,2925.0
6296.0,3642.0,2925.0
6296.0,3628.0,2925.0
6311.0,3628.0,2925.0
6311.0,3614.0,2925.0
6324.0,3614.0,2925.0
6324.0,3600.0,2925.0
6340.0,3600.0,2925.0
6340.0,3585.0,2925.0
6353.0,3585.0,2925.0
6353.0,3570.0,2925.0
6369.0,3570.0,2922.0
6369.0,3555.0,2922.0
6382.0,3555.0,2914.0
6382.0,3541.0,2914.0
6397.0,3541.0,2911.0
6397.0,3527.0,2911.0
6411.0,3527.0,2883.0
6411.0,3512.0,2883.0
6427.0,3512.0,2884.0
6427.0,3497.0,2884.0
6440.0,3497.0,2884.0
6440.0,3483.0,2884.0
6455.0,3483.0,2884.0
6455.0,3469.0,2884.0
6468.0,3469.0,2884.0
6468.0,3467.0,2884.0
6467.0,3467.0,2884.0
6467.0,3469.0,2884.0
6454.0,3469.0,2884.0
6454.0,3476.0,2884.0
6450.0,3476.0,2884.0
6450.0,3490.0,2884.0
6430.0,3490.0,2884.0
6430.0,3505.0,2884.0
6420.0,3505.0,2884.0
6420.0,3520.0,2884.0
6403.0,3520.0,2884.0
6403.0,3535.0,2884.0
6391.0,3535.0,2906.0
6391.0,3549.0,2906.0
6375.0,3549.0,2918.0
6375.0,3563.0,2918.0
6361.0,3563.0,2914.0
6361.0,3578.0,2914.0
6346.0,3578.0,2914.0
6346.0,3593.0,2914.0
6333.0,3593.0,2913.0
6333.0,3607.0,2913.0
6318.0,3607.0,2913.0
6318.0,3622.0,2913.0
6303.0,3622.0,2917.0
6303.0,3636.0,2917.0
6289.0,3636.0,2929.0
6289.0,3639.0,2929.0
6286.0,3639.0,2931.0
6286.0,3624.0,2931.0
6291.0,3624.0,2930.0
6291.0,3621.0,2930.0
6295.0,3621.0,2930.0
6295.0,3606.0,2930.0
6312.0,3606.0,2929.0
6312.0,3591.0,2929.0
6324.0,3591.0,2928.0
6324.0,3576.0,2928.0
6340.0,3576.0,2913.0
6340.0,3561.0,2913.0
6353.0,3561.0,2910.0
6353.0,3547.0,2910.0
6369.0,3547.0,2910.0
6369.0,3533.0,2910.0
6382.0,3533.0,2910.0
6382.0,3518.0,2910.0
6397.0,3518.0,2910.0
6397.0,3504.0,2910.0
6411.0,3504.0,2905.0
6426.0,3504.0,2904.0
6426.0,3489.0,2904.0
6426.0,3475.0,2904.0
6439.0,3475.0,2902.0
6439.0,3473.0,2902.0
6439.0,3473.0,2898.0
6439.0,3478.0,2898.0
6423.0,3478.0,2898.0
6423.0,3482.0,2898.0
6419.0,3482.0,2898.0
6419.0,3497.0,2898.0
6403.0,3497.0,2898.0
6403.0,3512.0,2898.0
6391.0,3512.0,2898.0
6391.0,3526.0,2898.0
6375.0,3526.0,2898.0
6375.0,3541.0,2898.0
6361.0,3541.0,2898.0
6361.0,3555.0,2898.0
6346.0,3555.0,2900.0
6346.0,3570.0,2900.0
6332.0,3570.0,2903.0
6332.0,3584.0,2903.0
6318.0,3584.0,2906.0
6318.0,3599.0,2906.0
6303.0,3599.0,2934.0
6294.0,3599.0,2922.0
6294.0,3609.0,2922.0
6294.0,3601.0,2922.0
6299.0,3601.0,2918.0
6306.0,3601.0,2917.0
6306.0,3587.0,2917.0
6306.0,3577.0,2917.0
6314.0,3577.0,2916.0
6314.0,3563.0,2916.0
6332.0,3563.0,2916.0
6332.0,3549.0,2916.0
6343.0,3549.0,2916.0
6343.0,3534.0,2916.0
6359.0,3534.0,2916.0
6359.0,3519.0,2916.0
6371.0,3519.0,2916.0
6371.0,3505.0,2916.0
6388.0,3505.0,2907.0
6388.0,3491.0,2907.0
6401.0,3491.0,2896.0
6401.0,3486.0,2896.0
6405.0,3486.0,2901.0
6405.0,3495.0,2901.0
6387.0,3495.0,2901.0
6387.0,3505.0,2901.0
6373.0,3505.0,2901.0
6373.0,3515.0,2901.0
6367.0,3515.0,2901.0
6367.0,3529.0,2901.0
6347.0,3529.0,2901.0
6347.0,3543.0,2901.0
6337.0,3543.0,2901.0
6337.0,3558.0,2901.0
6320.0,3558.0,2908.0
6320.0,3561.0,2908.0
6323.0,3561.0,2920.0
6323.0,3581.0,2920.0
6335.0,3581.0,2921.0
6335.0,3619.0,2921.0
6362.0,3619.0,2921.0
6362.0,3679.0,2921.0
6401.0,3679.0,2920.0
6401.0,3743.0,2920.0
6442.0,3743.0,2908.0
6442.0,3787.0,2908.0
6467.0,3787.0,2905.0
6467.0,3811.0,2905.0
6483.0,3811.0,2903.0
6483.0,3817.0,2903.0
6484.0,3817.0,2900.0
6484.0,3829.0,2900.0
6472.0,3829.0,2900.0
6472.0,3843.0,2900.0
6456.0,3843.0,2900.0
6456.0,3858.0,2900.0
6443.0,3858.0,2900.0
6443.0,3872.0,2900.0
6428.0,3872.0,2900.0
6428.0,3887.0,2900.0
6415.0,3887.0,2900.0
6415.0,3890.0,2900.0
6414.0,3890.0,2900.0
6423.0,3890.0,2900.0
6423.0,3893.0,2900.0
6423.0,3882.0,2900.0
6430.0,3882.0,2900.0
6430.0,3868.0,2900.0
6449.0,3868.0,2900.0
6449.0,3853.0,2900.0
6460.0,3853.0,2900.0
6460.0,3838.0,2900.0
6477.0,3838.0,2900.0
6477.0,3827.0,2900.0
6486.0,3827.0,2900.0
6486.0,3832.0,2900.0
6489.0,3832.0,2900.0
6489.0,3836.0,2900.0
6488.0,3836.0,2900.0
6488.0,3851.0,2900.0
6472.0,3851.0,2900.0
6472.0,3865.0,2900.0
6459.0,3865.0,2899.0
6459.0,3879.0,2899.0
6443.0,3879.0,2899.0
6443.0,3894.0,2899.0
6431.0,3894.0,2899.0
6431.0,3897.0,2899.0
6427.0,3897.0,2920.0
6427.0,3897.0,2920.0
6428.0,3897.0,2970.0
6428.0,3897.0,2970.0
6427.0,3897.0,3025.0
6427.0,3897.0,3025.0
6427.0,3897.0,3078.0
6427.0,3897.0,3078.0
6428.0,3897.0,3146.0
6428.0,3897.0,3146.0
6428.0,3897.0,3257.0
6428.0,3897.0,3257.0
6428.0,3897.0,3331.0
6428.0,3896.0,3331.0
6427.0,3896.0,3354.0
6427.0,3877.0,3354.0
6419.0,3877.0,3358.0
6419.0,3836.0,3358.0
6399.0,3836.0,3359.0
6399.0,3774.0,3359.0
6371.0,3774.0,3365.0
6371.0,3699.0,3365.0
6339.0,3699.0,3375.0
6339.0,3642.0,3375.0
6315.0,3642.0,3388.0
6315.0,3606.0,3388.0
6300.0,3606.0,3383.0
6300.0,3591.0,3383.0
6295.0,3591.0,3382.0
6295.0,3591.0,3382.0
6294.0,3591.0,3383.0
6294.0,3593.0,3383.0
6296.0,3593.0,3383.0
6296.0,3577.0,3383.0
6307.0,3577.0,3383.0
6307.0,3544.0,3383.0
6330.0,3544.0,3381.0
6330.0,3526.0,3381.0
6340.0,3526.0,3360.0
6340.0,3523.0,3360.0
6339.0,3523.0,3371.0
6339.0,3525.0,3371.0
6341.0,3525.0,3379.0
6341.0,3515.0,3379.0
6354.0,3515.0,3359.0
6354.0,3494.0,3359.0
6387.0,3494.0,3368.0
6387.0,3481.0,3368.0
6406.0,3481.0,3362.0
6406.0,3477.0,3362.0
6406.0,3477.0,3360.0
6406.0,3478.0,3360.0
6407.0,3478.0,3360.0
6407.0,3475.0,3360.0
6419.0,3475.0,3350.0
6419.0,3467.0,3350.0
6460.0,3467.0,3337.0
6460.0,3460.0,3337.0
6493.0,3460.0,3337.0
6493.0,3458.0,3337.0
6499.0,3458.0,3337.0
6499.0,3456.0,3337.0
6500.0,3456.0,3337.0
6500.0,3457.0,3337.0
6502.0,3457.0,3337.0
6503.0,3457.0,3337.0
6503.0,3455.0,3337.0
6503.0,3458.0,3337.0
6506.0,3458.0,3337.0
6506.0,3462.0,3337.0
6530.0,3462.0,3320.0
6572.0,3462.0,3329.0
6572.0,3471.0,3329.0
6572.0,3477.0,3329.0
6595.0,3477.0,3312.0
6595.0,3477.0,3312.0
6597.0,3477.0,3311.0
6597.0,3479.0,3311.0
6596.0,3479.0,3317.0
6596.0,3489.0,3317.0
6586.0,3489.0,3319.0
6586.0,3515.0,3319.0
6556.0,3515.0,3318.0
6556.0,3548.0,3318.0
6523.0,3548.0,3323.0
6523.0,3564.0,3323.0
6510.0,3564.0,3338.0
6510.0,3568.0,3338.0
6511.0,3568.0,3343.0
6511.0,3583.0,3343.0
6513.0,3583.0,3343.0
6513.0,3589.0,3343.0
6519.0,3589.0,3343.0
6519.0,3590.0,3343.0
6519.0,3590.0,3343.0
6519.0,3588.0,3343.0
6491.0,3588.0,3343.0
6486.0,3588.0,3343.0
6486.0,3588.0,3343.0
6486.0,3596.0,3343.0
6480.0,3596.0,3343.0
6480.0,3601.0,3343.0
6474.0,3601.0,3343.0
6474.0,3624.0,3343.0
6448.0,3624.0,3343.0
6448.0,3644.0,3343.0
6427.0,3644.0,3360.0
6427.0,3647.0,3360.0
6430.0,3647.0,3348.0
6430.0,3641.0,3348.0
6446.0,3641.0,3346.0
6446.0,3637.0,3346.0
6456.0,3637.0,3346.0
6456.0,3624.0,3346.0
6436.0,3624.0,3346.0
6436.0,3604.0,3346.0
6419.0,3604.0,3366.0
6415.0,3604.0,3361.0
6415.0,3602.0,3361.0
6415.0,3618.0,3361.0
6433.0,3618.0,3359.0
6433.0,3651.0,3359.0
6465.0,3651.0,3349.0
6465.0,3679.0,3349.0
6493.0,3679.0,3339.0
6493.0,3691.0,3339.0
6498.0,3691.0,3336.0
6494.0,3691.0,3341.0
6494.0,3695.0,3341.0
6494.0,3691.0,3341.0
6499.0,3691.0,3341.0
6499.0,3690.0,3341.0
6508.0,3690.0,3341.0
6508.0,3694.0,3341.0
6504.0,3694.0,3341.0
6504.0,3711.0,3341.0
6483.0,3711.0,3341.0
6483.0,3721.0,3341.0
6463.0,3721.0,3341.0
6463.0,3734.0,3341.0
6455.0,3734.0,3366.0
6455.0,3743.0,3366.0
6440.0,3743.0,3348.0
6440.0,3752.0,3348.0
6459.0,3752.0,3352.0
6459.0,3772.0,3352.0
6474.0,3772.0,3352.0
6474.0,3777.0,3352.0
6482.0,3777.0,3352.0
6482.0,3790.0,3352.0
6489.0,3790.0,3352.0
6489.0,3795.0,3352.0
6499.0,3795.0,3352.0
6496.0,3795.0,3352.0
6496.0,3805.0,3352.0
6496.0,3810.0,3352.0
6495.0,3810.0,3352.0
6495.0,3808.0,3352.0
6492.0,3808.0,3352.0
6517.0,3808.0,3352.0
6517.0,3789.0,3352.0
6523.0,3789.0,3352.0
6523.0,3777.0,3352.0
6534.0,3777.0,3351.0
6534.0,3774.0,3351.0
6534.0,3761.0,3351.0
6563.0,3761.0,3331.0
6571.0,3761.0,3319.0
6571.0,3755.0,3319.0
6571.0,3763.0,3319.0
6577.0,3763.0,3318.0
6577.0,3768.0,3318.0
6586.0,3768.0,3336.0
6586.0,3753.0,3336.0
6579.0,3753.0,3334.0
6579.0,3730.0,3334.0
6578.0,3730.0,3334.0
6578.0,3725.0,3334.0
6578.0,3725.0,3332.0
6578.0,3710.0,3332.0
6593.0,3710.0,3325.0
6593.0,3707.0,3325.0
6591.0,3707.0,3324.0
6591.0,3682.0,3324.0
6589.0,3682.0,3324.0
6589.0,3655.0,3324.0
6582.0,3655.0,3324.0
6582.0,3651.0,3324.0
6579.0,3651.0,3324.0
6579.0,3635.0,3324.0
6563.0,3635.0,3324.0
6563.0,3632.0,3324.0
6561.0,3632.0,3324.0
6561.0,3627.0,3324.0
6563.0,3627.0,3324.0
6563.0,3610.0,3324.0
6580.0,3610.0,3324.0
6580.0,3603.0,3324.0
6587.0,3603.0,3325.0
6587.0,3610.0,3325.0
6594.0,3610.0,3325.0
6594.0,3627.0,3325.0
6635.0,3627.0,3317.0
6635.0,3655.0,3317.0
6682.0,3655.0,3291.0
6682.0,3675.0,3291.0
6723.0,3675.0,3289.0
6723.0,3685.0,3289.0
6730.0,3685.0,3289.0
6730.0,3683.0,3289.0
6735.0,3683.0,3289.0
6735.0,3689.0,3289.0
6730.0,3689.0,3289.0
6730.0,3690.0,3289.0
6732.0,3690.0,3289.0
6732.0,3694.0,3289.0
6729.0,3694.0,3289.0
6729.0,3722.0,3289.0
6725.0,3722.0,3289.0
6725.0,3763.0,3289.0
6714.0,3763.0,3289.0
6714.0,3781.0,3289.0
6711.0,3781.0,3289.0
6711.0,3783.0,3289.0
6712.0,3783.0,3289.0
6712.0,3782.0,3289.0
6711.0,3782.0,3289.0
6711.0,3798.0,3289.0
6699.0,3798.0,3289.0
6699.0,3831.0,3289.0
6675.0,3831.0,3309.0
6675.0,3848.0,3309.0
6663.0,3848.0,3321.0
6663.0,3850.0,3321.0
6666.0,3850.0,3312.0
6666.0,3848.0,3312.0
6664.0,3848.0,3308.0
6664.0,3860.0,3308.0
6648.0,3860.0,3308.0
6648.0,3882.0,3308.0
6612.0,3882.0,3325.0
6612.0,3894.0,3325.0
6597.0,3894.0,3331.0
6597.0,3894.0,3331.0
6597.0,3897.0,3331.0
6597.0,3897.0,3331.0
6597.0,3895.0,3331.0
6597.0,3899.0,3331.0
6581.0,3899.0,3330.0
6581.0,3908.0,3330.0
6538.0,3908.0,3347.0
6538.0,3914.0,3347.0
6508.0,3914.0,3349.0
6508.0,3916.0,3349.0
6505.0,3916.0,3349.0
6505.0,3917.0,3349.0
6503.0,3917.0,3349.0
6503.0,3918.0,3349.0
6501.0,3918.0,3349.0
6501.0,3915.0,3349.0
6501.0,3915.0,3349.0
6501.0,3913.0,3349.0
6487.0,3913.0,3349.0
6487.0,3906.0,3349.0
6446.0,3906.0,3365.0
6446.0,3898.0,3365.0
6414.0,3898.0,3373.0
6414.0,3895.0,3373.0
6408.0,3895.0,3372.0
6408.0,3897.0,3372.0
6407.0,3897.0,3372.0
6407.0,3894.0,3372.0
6405.0,3894.0,3371.0
6405.0,3878.0,3371.0
6379.0,3878.0,3371.0
6379.0,3856.0,3371.0
6349.0,3856.0,3390.0
6342.0,3856.0,3392.0
6342.0,3848.0,3392.0
6342.0,3851.0,3392.0
6340.0,3851.0,3392.0
6340.0,3848.0,3392.0
6340.0,3848.0,3392.0
6340.0,3831.0,3392.0
6327.0,3831.0,3392.0
6327.0,3798.0,3392.0
6303.0,3798.0,3392.0
6303.0,3783.0,3392.0
6295.0,3783.0,3392.0
6295.0,3784.0,3392.0
6294.0,3784.0,3392.0
6294.0,3780.0,3392.0
6295.0,3780.0,3392.0
6295.0,3766.0,3392.0
6292.0,3766.0,3392.0
6292.0,3728.0,3392.0
6283.0,3728.0,3392.0
6283.0,3697.0,3392.0
6276.0,3697.0,3392.0
6276.0,3690.0,3392.0
6274.0,3690.0,3392.0
6274.0,3689.0,3392.0
6273.0,3689.0,3392.0
6273.0,3685.0,3392.0
6274.0,3685.0,3392.0
6274.0,3683.0,3392.0
6273.0,3683.0,3392.0
6273.0,3689.0,3392.0
6282.0,3689.0,3392.0
6282.0,3713.0,3392.0
6307.0,3713.0,3392.0
6307.0,3753.0,3392.0
6350.0,3753.0,3392.0
6350.0,3809.0,3392.0
6406.0,3809.0,3368.0
6406.0,3860.0,3368.0
6459.0,3860.0,3355.0
6459.0,3894.0,3355.0
6489.0,3894.0,3354.0
6489.0,3913.0,3354.0
6508.0,3913.0,3354.0
6508.0,3916.0,3354.0
6507.0,3916.0,3354.0
6507.0,3922.0,3354.0
6510.0,3922.0,3354.0
6527.0,3922.0,3354.0
6527.0,3921.0,3354.0
6527.0,3919.0,3354.0
6542.0,3919.0,3354.0
6542.0,3915.0,3354.0
6559.0,3915.0,3352.0
6576.0,3915.0,3335.0
6576.0,3910.0,3335.0
6576.0,3905.0,3335.0
6590.0,3905.0,3329.0
6590.0,3899.0,3329.0
6607.0,3899.0,3328.0
6607.0,3891.0,3328.0
6620.0,3891.0,3327.0
6620.0,3880.0,3327.0
6637.0,3880.0,3327.0
6637.0,3870.0,3327.0
6650.0,3870.0,3327.0
6650.0,3859.0,3327.0
6662.0,3859.0,3326.0
6662.0,3847.0,3326.0
6675.0,3847.0,3302.0
6675.0,3833.0,3302.0
6688.0,3833.0,3302.0
6688.0,3817.0,3302.0
6698.0,3817.0,3302.0
6707.0,3817.0,3302.0
6707.0,3801.0,3302.0
6707.0,3787.0,3302.0
6715.0,3787.0,3302.0
6715.0,3773.0,3302.0
6721.0,3773.0,3302.0
6721.0,3757.0,3302.0
6727.0,3757.0,3302.0
6727.0,3740.0,3302.0
6730.0,3740.0,3302.0
6730.0,3724.0,3302.0
6734.0,3724.0,3302.0
6734.0,3706.0,3302.0
6735.0,3706.0,3302.0
6736.0,3706.0,3302.0
6736.0,3687.0,3302.0
6736.0,3687.0,3302.0
6736.0,3669.0,3302.0
6736.0,3653.0,3302.0
6734.0,3653.0,3302.0
6734.0,3638.0,3302.0
6731.0,3638.0,3302.0
6731.0,3622.0,3302.0
6727.0,3622.0,3302.0
6727.0,3601.0,3302.0
6721.0,3601.0,3302.0
6721.0,3590.0,3302.0
6716.0,3590.0,3302.0
6716.0,3573.0,3302.0
6707.0,3573.0,3302.0
6707.0,3557.0,3302.0
6699.0,3557.0,3302.0
6699.0,3544.0,3302.0
6688.0,3544.0,3302.0
6688.0,3533.0,3302.0
6679.0,3533.0,3302.0
6679.0,3519.0,3302.0
6665.0,3519.0,3302.0
6665.0,3507.0,3302.0
6652.0,3507.0,3302.0
6652.0,3496.0,3302.0
6638.0,3496.0,3302.0
6638.0,3487.0,3302.0
6623.0,3487.0,3302.0
6623.0,3478.0,3302.0
6607.0,3478.0,3302.0
6607.0,3469.0,3302.0
6589.0,3469.0,3302.0
6589.0,3464.0,3302.0
6577.0,3464.0,3327.0
6577.0,3459.0,3327.0
6557.0,3459.0,3321.0
6557.0,3455.0,3321.0
6542.0,3455.0,3318.0
6542.0,3453.0,3318.0
6524.0,3453.0,3318.0
6524.0,3452.0,3318.0
6508.0,3452.0,3318.0
6508.0,3452.0,3318.0
6490.0,3452.0,3339.0
6490.0,3453.0,3339.0
6474.0,3453.0,3331.0
6474.0,3455.0,3331.0
6455.0,3455.0,3337.0
6455.0,3459.0,3337.0
6442.0,3459.0,3339.0
6442.0,3464.0,3339.0
6423.0,3464.0,3338.0
6423.0,3471.0,3338.0
6410.0,3471.0,3351.0
6410.0,3478.0,3351.0
6392.0,3478.0,3365.0
6392.0,3486.0,3365.0
6379.0,3486.0,3364.0
6379.0,3496.0,3364.0
6365.0,3496.0,3359.0
6352.0,3496.0,3358.0
6352.0,3506.0,3358.0
6337.0,3506.0,3358.0
6337.0,3518.0,3358.0
6337.0,3531.0,3358.0
6327.0,3531.0,3379.0
6327.0,3547.0,3379.0
6313.0,3547.0,3374.0
6313.0,3563.0,3374.0
6303.0,3563.0,3374.0
6303.0,3575.0,3374.0
6296.0,3575.0,3380.0
6296.0,3593.0,3380.0
6287.0,3593.0,3389.0
6287.0,3610.0,3389.0
6283.0,3610.0,3396.0
6283.0,3625.0,3396.0
6276.0,3625.0,3396.0
6276.0,3639.0,3396.0
6274.0,3639.0,3396.0
6274.0,3659.0,3396.0
6271.0,3659.0,3395.0
6271.0,3674.0,3395.0
6270.0,3674.0,3395.0
6270.0,3691.0,3395.0
6269.0,3691.0,3395.0
6270.0,3691.0,3395.0
6270.0,3706.0,3395.0
6270.0,3722.0,3395.0
6271.0,3722.0,3395.0
6271.0,3740.0,3395.0
6275.0,3740.0,3395.0
6275.0,3755.0,3395.0
6279.0,3755.0,3395.0
6279.0,3771.0,3395.0
6285.0,3771.0,3395.0
6285.0,3784.0,3395.0
6290.0,3784.0,3395.0
6298.0,3784.0,3395.0
6298.0,3802.0,3395.0
6298.0,3818.0,3395.0
6309.0,3818.0,3395.0
6309.0,3833.0,3395.0
6319.0,3833.0,3395.0
6319.0,3846.0,3395.0
6331.0,3846.0,3395.0
6331.0,3858.0,3395.0
6343.0,3858.0,3395.0
6343.0,3871.0,3395.0
6359.0,3871.0,3395.0
6359.0,3880.0,3395.0
6371.0,3880.0,3395.0
6371.0,3890.0,3395.0
6385.0,3890.0,3376.0
6385.0,3898.0,3376.0
6402.0,3898.0,3367.0
6402.0,3905.0,3367.0
6418.0,3905.0,3364.0
6418.0,3911.0,3364.0
6433.0,3911.0,3365.0
6433.0,3916.0,3365.0
6449.0,3916.0,3365.0
6449.0,3919.0,3365.0
6466.0,3919.0,3365.0
6466.0,3920.0,3365.0
6481.0,3920.0,3365.0
6481.0,3921.0,3365.0
6498.0,3921.0,3364.0
6498.0,3921.0,3364.0
6510.0,3921.0,3354.0
6510.0,3929.0,3354.0
6507.0,3929.0,3355.0
6507.0,3929.0,3355.0
6515.0,3929.0,3352.0
6515.0,3928.0,3352.0
6535.0,3928.0,3352.0
6535.0,3926.0,3352.0
6547.0,3926.0,3352.0
6547.0,3922.0,3352.0
6568.0,3922.0,3347.0
6568.0,3917.0,3347.0
6583.0,3917.0,3334.0
6583.0,3910.0,3334.0
6597.0,3910.0,3331.0
6597.0,3903.0,3331.0
6613.0,3903.0,3330.0
6613.0,3896.0,3330.0
6626.0,3896.0,3330.0
6626.0,3886.0,3330.0
6644.0,3886.0,3330.0
6644.0,3877.0,3330.0
6656.0,3877.0,3329.0
6656.0,3865.0,3329.0
6670.0,3865.0,3321.0
6670.0,3850.0,3321.0
6682.0,3850.0,3312.0
6682.0,3836.0,3312.0
6695.0,3836.0,3297.0
6706.0,3836.0,3306.0
6706.0,3820.0,3306.0
6706.0,3805.0,3306.0
6715.0,3805.0,3309.0
6715.0,3792.0,3309.0
6721.0,3792.0,3308.0
6721.0,3775.0,3308.0
6728.0,3775.0,3308.0
6728.0,3760.0,3308.0
6733.0,3760.0,3308.0
6738.0,3760.0,3287.0
6738.0,3743.0,3287.0
6742.0,3743.0,3289.0
6742.0,3727.0,3289.0
6742.0,3711.0,3289.0
6744.0,3711.0,3291.0
6744.0,3691.0,3291.0
6744.0,3691.0,3292.0
6744.0,3672.0,3292.0
6744.0,3672.0,3292.0
6744.0,3658.0,3292.0
6743.0,3658.0,3292.0
6741.0,3658.0,3292.0
6741.0,3640.0,3292.0
6737.0,3640.0,3292.0
6737.0,3624.0,3292.0
6737.0,3608.0,3292.0
6731.0,3608.0,3292.0
6731.0,3594.0,3292.0
6726.0,3594.0,3292.0
6726.0,3577.0,3292.0
6719.0,3577.0,3292.0
6719.0,3562.0,3292.0
6711.0,3562.0,3292.0
6711.0,3549.0,3292.0
6702.0,3549.0,3292.0
6702.0,3535.0,3292.0
6691.0,3535.0,3292.0
6691.0,3522.0,3292.0
6680.0,3522.0,3292.0
6680.0,3511.0,3292.0
6668.0,3511.0,3291.0
6668.0,3498.0,3291.0
6654.0,3498.0,3291.0
6642.0,3498.0,3291.0
6642.0,3489.0,3291.0
6642.0,3478.0,3291.0
6626.0,3478.0,3291.0
6626.0,3470.0,3291.0
6610.0,3470.0,3316.0
6610.0,3462.0,3316.0
6595.0,3462.0,3302.0
6595.0,3456.0,3302.0
6579.0,3456.0,3311.0
6579.0,3452.0,3311.0
6563.0,3452.0,3313.0
6563.0,3448.0,3313.0
6543.0,3448.0,3313.0
6543.0,3445.0,3313.0
6531.0,3445.0,3313.0
6531.0,3444.0,3313.0
6511.0,3444.0,3322.0
6511.0,3444.0,3322.0
6495.0,3444.0,3336.0
6495.0,3444.0,3336.0
6477.0,3444.0,3335.0
6477.0,3447.0,3335.0
6460.0,3447.0,3335.0
6460.0,3450.0,3335.0
6445.0,3450.0,3335.0
6445.0,3454.0,3335.0
6427.0,3454.0,3335.0
6427.0,3460.0,3335.0
6415.0,3460.0,3349.0
6415.0,3468.0,3349.0
6392.0,3468.0,3365.0
6392.0,3475.0,3365.0
6382.0,3475.0,3366.0
6382.0,3483.0,3366.0
6367.0,3483.0,3366.0
6367.0,3495.0,3366.0
6353.0,3495.0,3366.0
6353.0,3506.0,3366.0
6339.0,3506.0,3366.0
6339.0,3517.0,3366.0
6328.0,3517.0,3366.0
6328.0,3533.0,3366.0
6314.0,3533.0,3370.0
6314.0,3547.0,3370.0
6304.0,3547.0,3390.0
6304.0,3561.0,3390.0
6294.0,3561.0,3381.0
6294.0,3574.0,3381.0
6289.0,3574.0,3379.0
6289.0,3591.0,3379.0
6279.0,3591.0,3379.0
6279.0,3607.0,3379.0
6274.0,3607.0,3379.0
6274.0,3625.0,3379.0
6268.0,3625.0,3379.0
6268.0,3637.0,3379.0
6265.0,3637.0,3379.0
6265.0,3658.0,3379.0
6263.0,3658.0,3379.0
6263.0,3674.0,3379.0
6261.0,3674.0,3393.0
6261.0,3689.0,3393.0
6261.0,3689.0,3403.0
6261.0,3706.0,3403.0
6261.0,3706.0,3403.0
6261.0,3723.0,3403.0
6263.0,3723.0,3403.0
6263.0,3740.0,3403.0
6267.0,3740.0,3403.0
6267.0,3757.0,3403.0
6271.0,3757.0,3403.0
6271.0,3770.0,3403.0
6275.0,3770.0,3403.0
6275.0,3786.0,3403.0
6282.0,3786.0,3393.0
6282.0,3802.0,3393.0
6289.0,3802.0,3384.0
6299.0,3802.0,3397.0
6299.0,3817.0,3397.0
6299.0,3831.0,3397.0
6309.0,3831.0,3397.0
6309.0,3846.0,3397.0
6320.0,3846.0,3395.0
6320.0,3861.0,3395.0
6334.0,3861.0,3392.0
6334.0,3873.0,3392.0
6345.0,3873.0,3388.0
6345.0,3882.0,3388.0
6360.0,3882.0,3388.0
6360.0,3892.0,3388.0
6374.0,3892.0,3388.0
6374.0,3900.0,3388.0
6387.0,3900.0,3388.0
6387.0,3909.0,3388.0
6403.0,3909.0,3365.0
6403.0,3915.0,3365.0
6418.0,3915.0,3372.0
6418.0,3920.0,3372.0
6435.0,3920.0,3374.0
6435.0,3924.0,3374.0
6451.0,3924.0,3374.0
6451.0,3927.0,3374.0
6469.0,3927.0,3374.0
6469.0,3929.0,3374.0
6482.0,3929.0,3356.0
6482.0,3930.0,3356.0
6501.0,3930.0,3347.0
6509.0,3930.0,3345.0
6509.0,3929.0,3345.0
6509.0,3929.0,3345.0
6513.0,3929.0,3344.0
6513.0,3917.0,3344.0
6512.0,3917.0,3344.0
6512.0,3896.0,3344.0
6511.0,3896.0,3344.0
6511.0,3849.0,3344.0
6512.0,3849.0,3344.0
6512.0,3781.0,3344.0
6513.0,3781.0,3344.0
6513.0,3727.0,3344.0
6513.0,3727.0,3343.0
6513.0,3697.0,3343.0
6513.0,3697.0,3343.0
6513.0,3689.0,3343.0
6513.0,3689.0,3343.0
6513.0,3692.0,3343.0
6515.0,3692.0,3343.0
6515.0,3693.0,3343.0
6523.0,3693.0,3343.0
6523.0,3693.0,3343.0
6536.0,3693.0,3343.0
6536.0,3695.0,3343.0
6545.0,3695.0,3343.0
6545.0,3695.0,3343.0
6551.0,3695.0,3331.0
6551.0,3691.0,3331.0
6552.0,3691.0,3326.0
6552.0,3679.0,3326.0
6551.0,3679.0,3326.0
6551.0,3674.0,3326.0
6550.0,3674.0,3326.0
6550.0,3672.0,3326.0
6546.0,3672.0,3326.0
6546.0,3677.0,3326.0
6536.0,3677.0,3331.0
6536.0,3681.0,3331.0
6526.0,3681.0,3333.0
6526.0,3685.0,3333.0
6514.0,3685.0,3342.0
6514.0,3688.0,3342.0
6515.0,3688.0,3348.0
6515.0,3693.0,3348.0
6513.0,3693.0,3344.0
6513.0,3721.0,3344.0
6510.0,3721.0,3344.0
6503.0,3721.0,3344.0
6503.0,3772.0,3344.0
6503.0,3813.0,3344.0
6498.0,3813.0,3344.0
6498.0,3832.0,3344.0
6495.0,3832.0,3344.0
6495.0,3830.0,3344.0
6501.0,3830.0,3344.0
6501.0,3828.0,3344.0
6506.0,3828.0,3344.0
6506.0,3824.0,3344.0
6505.0,3824.0,3344.0
6505.0,3805.0,3344.0
6502.0,3805.0,3344.0
6502.0,3792.0,3344.0
6499.0,3792.0,3344.0
6499.0,3791.0,3344.0
6509.0,3791.0,3344.0
6509.0,3787.0,3344.0
6531.0,3787.0,3344.0
6531.0,3784.0,3344.0
6547.0,3784.0,3344.0
6547.0,3786.0,3344.0
6549.0,3786.0,3344.0
6549.0,3806.0,3344.0
6552.0,3806.0,3344.0
6552.0,3818.0,3344.0
6554.0,3818.0,3344.0
6554.0,3819.0,3344.0
6557.0,3819.0,3344.0
6557.0,3818.0,3344.0
6566.0,3818.0,3344.0
6566.0,3816.0,3344.0
6568.0,3816.0,3344.0
6568.0,3810.0,3344.0
6568.0,3810.0,3325.0
6568.0,3790.0,3325.0
6563.0,3790.0,3327.0
6563.0,3780.0,3327.0
6562.0,3780.0,3327.0
6562.0,3775.0,3327.0
6575.0,3775.0,3327.0
6575.0,3771.0,3327.0
6586.0,3771.0,3327.0
6586.0,3763.0,3327.0
6593.0,3763.0,3326.0
6593.0,3755.0,3326.0
6599.0,3755.0,3327.0
6599.0,3745.0,3327.0
6603.0,3745.0,3327.0
6603.0,3736.0,3327.0
6605.0,3736.0,3327.0
6605.0,3726.0,3327.0
6603.0,3726.0,3327.0
6603.0,3717.0,3327.0
6600.0,3717.0,3327.0
6600.0,3710.0,3327.0
6595.0,3710.0,3327.0
6595.0,3703.0,3327.0
6587.0,3703.0,3327.0
6587.0,3698.0,3327.0
6579.0,3698.0,3327.0
6579.0,3695.0,3327.0
6568.0,3695.0,3327.0
6568.0,3695.0,3327.0
6561.0,3695.0,3327.0
6561.0,3698.0,3327.0
6559.0,3698.0,3327.0
6559.0,3703.0,3327.0
6559.0,3703.0,3327.0
6559.0,3705.0,3327.0
6563.0,3705.0,3327.0
6563.0,3714.0,3327.0
6571.0,3714.0,3327.0
6571.0,3722.0,3327.0
6572.0,3722.0,3327.0
6572.0,3733.0,3327.0
6573.0,3733.0,3327.0
6571.0,3733.0,3327.0
6571.0,3744.0,3327.0
6571.0,3754.0,3327.0
6567.0,3754.0,3327.0
6563.0,3754.0,3327.0
6563.0,3759.0,3327.0
6563.0,3765.0,3327.0
6554.0,3765.0,3327.0
6554.0,3770.0,3327.0
6543.0,3770.0,3341.0
6543.0,3773.0,3341.0
6531.0,3773.0,3332.0
6531.0,3777.0,3332.0
6513.0,3777.0,3336.0
6513.0,3780.0,3336.0
6492.0,3780.0,3337.0
6492.0,3782.0,3337.0
6482.0,3782.0,3337.0
6482.0,3772.0,3337.0
6482.0,3772.0,3356.0
6482.0,3752.0,3356.0
6476.0,3752.0,3357.0
6476.0,3732.0,3357.0
6474.0,3732.0,3357.0
6474.0,3711.0,3357.0
6470.0,3711.0,3357.0
6470.0,3691.0,3357.0
6467.0,3691.0,3357.0
6467.0,3671.0,3357.0
6462.0,3671.0,3357.0
6462.0,3651.0,3357.0
6459.0,3651.0,3357.0
6459.0,3632.0,3357.0
6455.0,3632.0,3357.0
6455.0,3616.0,3357.0
6453.0,3616.0,3357.0
6453.0,3610.0,3357.0
6456.0,3610.0,3341.0
6456.0,3604.0,3341.0
6461.0,3604.0,3350.0
6461.0,3599.0,3350.0
6471.0,3599.0,3344.0
6471.0,3597.0,3344.0
6489.0,3597.0,3336.0
6489.0,3595.0,3336.0
6504.0,3595.0,3335.0
6504.0,3595.0,3335.0
6515.0,3595.0,3335.0
6515.0,3595.0,3335.0
6523.0,3595.0,3335.0
6533.0,3595.0,3335.0
6533.0,3598.0,3335.0
6533.0,3602.0,3335.0
6541.0,3602.0,3335.0
6541.0,3609.0,3335.0
6550.0,3609.0,3335.0
6550.0,3620.0,3335.0
6555.0,3620.0,3317.0
6555.0,3629.0,3317.0
6558.0,3629.0,3327.0
6558.0,3637.0,3327.0
6559.0,3637.0,3328.0
6559.0,3646.0,3328.0
6559.0,3646.0,3328.0
6559.0,3659.0,3328.0
6556.0,3659.0,3328.0
6556.0,3666.0,3328.0
6553.0,3666.0,3328.0
6553.0,3668.0,3328.0
6555.0,3668.0,3328.0
6555.0,3668.0,3328.0
6559.0,3668.0,3328.0
6559.0,3665.0,3328.0
6568.0,3665.0,3328.0
6568.0,3661.0,3328.0
6579.0,3661.0,3328.0
6579.0,3654.0,3328.0
6584.0,3654.0,3328.0
6584.0,3645.0,3328.0
6590.0,3645.0,3329.0
6590.0,3636.0,3329.0
6591.0,3636.0,3329.0
6591.0,3625.0,3329.0
6593.0,3625.0,3329.0
6593.0,3616.0,3329.0
6592.0,3616.0,3329.0
6592.0,3608.0,3329.0
6589.0,3608.0,3329.0
6589.0,3601.0,3329.0
6583.0,3601.0,3329.0
6583.0,3592.0,3329.0
6576.0,3592.0,3329.0
6576.0,3587.0,3329.0
6567.0,3587.0,3329.0
6567.0,3582.0,3329.0
6556.0,3582.0,3329.0
6556.0,3581.0,3329.0
6548.0,3581.0,3329.0
6548.0,3579.0,3329.0
6528.0,3579.0,3329.0
6528.0,3578.0,3329.0
6523.0,3578.0,3329.0
6523.0,3561.0,3329.0
6522.0,3561.0,3329.0
6522.0,3544.0,3329.0
6518.0,3544.0,3329.0
6518.0,3542.0,3329.0
6518.0,3542.0,3329.0
6518.0,3542.0,3329.0
6510.0,3542.0,3329.0
6510.0,3543.0,3329.0
6505.0,3543.0,3329.0
6505.0,3546.0,3329.0
6504.0,3546.0,3329.0
6504.0,3563.0,3329.0
6507.0,3563.0,3331.0
6507.0,3580.0,3331.0
6511.0,3580.0,3346.0
6511.0,3581.0,3346.0
6505.0,3581.0,3342.0
6505.0,3584.0,3342.0
6482.0,3584.0,3340.0
6482.0,3589.0,3340.0
6465.0,3589.0,3339.0
6465.0,3589.0,3339.0
6460.0,3589.0,3339.0
6460.0,3571.0,3339.0
6459.0,3571.0,3339.0
6459.0,3555.0,3339.0
6455.0,3555.0,3339.0
6455.0,3553.0,3339.0
6452.0,3553.0,3339.0
6452.0,3554.0,3339.0
6444.0,3554.0,3339.0
6444.0,3558.0,3339.0
6441.0,3558.0,3339.0
6441.0,3565.0,3339.0
6442.0,3565.0,3338.0
6442.0,3585.0,3338.0
6447.0,3585.0,3338.0
6447.0,3592.0,3338.0
6447.0,3592.0,3338.0
6447.0,3596.0,3338.0
6430.0,3596.0,3361.0
6430.0,3599.0,3361.0
6407.0,3599.0,3355.0
6407.0,3600.0,3355.0
6401.0,3600.0,3353.0
6401.0,3603.0,3353.0
6400.0,3603.0,3353.0
6402.0,3603.0,3353.0
6402.0,3608.0,3353.0
6408.0,3608.0,3352.0
6408.0,3611.0,3352.0
6414.0,3611.0,3352.0
6414.0,3614.0,3352.0
6419.0,3614.0,3352.0
6419.0,3620.0,3352.0
6419.0,3632.0,3352.0
6421.0,3632.0,3352.0
6421.0,3650.0,3352.0
6425.0,3650.0,3352.0
6425.0,3670.0,3352.0
6429.0,3670.0,3352.0
6429.0,3689.0,3352.0
6432.0,3689.0,3352.0
6432.0,3709.0,3352.0
6435.0,3709.0,3352.0
6435.0,3730.0,3352.0
6439.0,3730.0,3352.0
6439.0,3751.0,3352.0
6443.0,3751.0,3352.0
6443.0,3770.0,3352.0
6447.0,3770.0,3352.0
6447.0,3778.0,3352.0
6447.0,3778.0,3352.0
6447.0,3784.0,3352.0
6445.0,3784.0,3352.0
6445.0,3791.0,3352.0
6439.0,3791.0,3352.0
6439.0,3797.0,3352.0
6435.0,3797.0,3353.0
6435.0,3802.0,3353.0
6436.0,3802.0,3353.0
6436.0,3804.0,3353.0
6438.0,3804.0,3353.0
6438.0,3800.0,3353.0
6452.0,3800.0,3353.0
6452.0,3796.0,3353.0
6475.0,3796.0,3353.0
6475.0,3795.0,3353.0
6485.0,3795.0,3353.0
6485.0,3805.0,3353.0
6486.0,3805.0,3352.0
6486.0,3825.0,3352.0
6491.0,3825.0,3352.0
6491.0,3829.0,3352.0
6492.0,3829.0,3352.0
6492.0,3834.0,3352.0
6495.0,3834.0,3352.0
6495.0,3860.0,3352.0
6497.0,3860.0,3352.0
6497.0,3898.0,3352.0
6503.0,3898.0,3352.0
6503.0,3913.0,3352.0
6503.0,3913.0,3352.0
6503.0,3912.0,3352.0
6495.0,3912.0,3352.0
6495.0,3911.0,3352.0
6475.0,3911.0,3352.0
6475.0,3910.0,3352.0
6464.0,3910.0,3352.0
6464.0,3906.0,3352.0
6445.0,3906.0,3354.0
6445.0,3901.0,3354.0
6428.0,3901.0,3355.0
6428.0,3894.0,3355.0
6409.0,3894.0,3365.0
6409.0,3887.0,3365.0
6395.0,3887.0,3379.0
6395.0,3876.0,3379.0
6379.0,3876.0,3382.0
6379.0,3865.0,3382.0
6365.0,3865.0,3382.0
6365.0,3854.0,3382.0
6351.0,3854.0,3382.0
6351.0,3840.0,3382.0
6336.0,3840.0,3382.0
6336.0,3826.0,3382.0
6325.0,3826.0,3382.0
6325.0,3813.0,3382.0
6315.0,3813.0,3382.0
6315.0,3798.0,3382.0
6306.0,3798.0,3382.0
6306.0,3781.0,3382.0
6299.0,3781.0,3382.0
6291.0,3781.0,3382.0
6291.0,3763.0,3382.0
6291.0,3753.0,3382.0
6288.0,3753.0,3382.0
6288.0,3732.0,3382.0
6283.0,3732.0,3382.0
6283.0,3721.0,3382.0
6281.0,3721.0,3382.0
6281.0,3699.0,3382.0
6279.0,3699.0,3382.0
6279.0,3699.0,3382.0
6279.0,3682.0,3382.0
6279.0,3665.0,3382.0
6279.0,3665.0,3382.0
6279.0,3650.0,3382.0
6281.0,3650.0,3382.0
6281.0,3631.0,3382.0
6285.0,3631.0,3382.0
6285.0,3618.0,3382.0
6289.0,3618.0,3382.0
6294.0,3618.0,3382.0
6294.0,3602.0,3382.0
6294.0,3587.0,3382.0
6300.0,3587.0,3382.0
6300.0,3573.0,3382.0
6311.0,3573.0,3382.0
6311.0,3556.0,3382.0
6319.0,3556.0,3382.0
6332.0,3556.0,3382.0
6332.0,3540.0,3382.0
6332.0,3526.0,3382.0
6343.0,3526.0,3361.0
6343.0,3513.0,3361.0
6358.0,3513.0,3357.0
6358.0,3503.0,3357.0
6373.0,3503.0,3358.0
6373.0,3494.0,3358.0
6387.0,3494.0,3358.0
6387.0,3483.0,3358.0
6403.0,3483.0,3358.0
6403.0,3476.0,3358.0
6417.0,3476.0,3358.0
6417.0,3470.0,3358.0
6436.0,3470.0,3340.0
6436.0,3466.0,3340.0
6453.0,3466.0,3340.0
6453.0,3463.0,3340.0
6467.0,3463.0,3341.0
6467.0,3461.0,3341.0
6485.0,3461.0,3341.0
6485.0,3460.0,3341.0
6503.0,3460.0,3341.0
6503.0,3460.0,3341.0
6519.0,3460.0,3334.0
6519.0,3462.0,3334.0
6539.0,3462.0,3332.0
6539.0,3465.0,3332.0
6555.0,3465.0,3331.0
6555.0,3470.0,3331.0
6571.0,3470.0,3327.0
6571.0,3476.0,3327.0
6588.0,3476.0,3318.0
6588.0,3483.0,3318.0
6604.0,3483.0,3316.0
6604.0,3491.0,3316.0
6619.0,3491.0,3316.0
6619.0,3502.0,3316.0
6635.0,3502.0,3300.0
6647.0,3502.0,3292.0
6647.0,3512.0,3292.0
6647.0,3522.0,3292.0
6660.0,3522.0,3297.0
6660.0,3533.0,3297.0
6671.0,3533.0,3297.0
6671.0,3547.0,3297.0
6682.0,3547.0,3297.0
6682.0,3562.0,3297.0
6692.0,3562.0,3297.0
6692.0,3575.0,3297.0
6700.0,3575.0,3297.0
6700.0,3589.0,3297.0
6708.0,3589.0,3297.0
6708.0,3604.0,3297.0
6714.0,3604.0,3297.0
6714.0,3620.0,3297.0
6719.0,3620.0,3296.0
6719.0,3639.0,3296.0
6723.0,3639.0,3296.0
6723.0,3654.0,3296.0
6727.0,3654.0,3296.0
6727.0,3669.0,3296.0
6728.0,3669.0,3296.0
6728.0,3687.0,3296.0
6728.0,3687.0,3296.0
6728.0,3707.0,3296.0
6728.0,3707.0,3296.0
6728.0,3724.0,3296.0
6726.0,3724.0,3296.0
6726.0,3741.0,3296.0
6723.0,3741.0,3296.0
6723.0,3758.0,3296.0
6718.0,3758.0,3296.0
6718.0,3772.0,3296.0
6711.0,3772.0,3296.0
6711.0,3791.0,3296.0
6704.0,3791.0,3296.0
6704.0,3800.0,3296.0
6699.0,3800.0,3296.0
6699.0,3818.0,3296.0
6687.0,3818.0,3296.0
6687.0,3832.0,3296.0
6677.0,3832.0,3299.0
6677.0,3844.0,3299.0
6664.0,3844.0,3319.0
6664.0,3856.0,3319.0
6653.0,3856.0,3317.0
6638.0,3856.0,3316.0
6638.0,3867.0,3316.0
6638.0,3877.0,3316.0
6623.0,3877.0,3316.0
6605.0,3877.0,3316.0
6605.0,3888.0,3316.0
6605.0,3895.0,3316.0
6590.0,3895.0,3337.0
6590.0,3901.0,3337.0
6573.0,3901.0,3336.0
6573.0,3905.0,3336.0
6558.0,3905.0,3335.0
6558.0,3909.0,3335.0
6541.0,3909.0,3335.0
6541.0,3911.0,3335.0
6527.0,3911.0,3335.0
6527.0,3912.0,3335.0
6507.0,3912.0,3343.0
6507.0,3912.0,3343.0
6504.0,3912.0,3351.0
6504.0,3907.0,3351.0
6487.0,3907.0,3348.0
6487.0,3896.0,3348.0
6443.0,3896.0,3370.0
6443.0,3884.0,3370.0
6403.0,3884.0,3369.0
6390.0,3884.0,3369.0
6390.0,3878.0,3369.0
6390.0,3872.0,3369.0
6384.0,3872.0,3369.0
6384.0,3857.0,3369.0
6367.0,3857.0,3369.0
6367.0,3842.0,3369.0
6356.0,3842.0,3392.0
6356.0,3828.0,3392.0
6339.0,3828.0,3386.0
6339.0,3813.0,3386.0
6326.0,3813.0,3386.0
6311.0,3813.0,3386.0
6311.0,3799.0,3386.0
6311.0,3796.0,3386.0
6310.0,3796.0,3386.0
6310.0,3778.0,3386.0
6302.0,3778.0,3386.0
6302.0,3777.0,3386.0
6303.0,3777.0,3386.0
6303.0,3791.0,3386.0
6317.0,3791.0,3386.0
6317.0,3805.0,3386.0
6330.0,3805.0,3386.0
6330.0,3820.0,3386.0
6346.0,3820.0,3386.0
6346.0,3834.0,3386.0
6360.0,3834.0,3386.0
6360.0,3849.0,3386.0
6375.0,3849.0,3386.0
6375.0,3863.0,3386.0
6387.0,3863.0,3383.0
6387.0,3878.0,3383.0
6403.0,3878.0,3363.0
6403.0,3891.0,3363.0
6415.0,3891.0,3372.0
6415.0,3892.0,3372.0
6419.0,3892.0,3372.0
6419.0,3897.0,3372.0
6435.0,3897.0,3356.0
6435.0,3890.0,3356.0
6422.0,3890.0,3377.0
6422.0,3875.0,3377.0
6408.0,3875.0,3376.0
6408.0,3861.0,3376.0
6394.0,3861.0,3376.0
6394.0,3846.0,3376.0
6381.0,3846.0,3376.0
6381.0,3831.0,3376.0
6367.0,3831.0,3376.0
6367.0,3817.0,3376.0
6351.0,3817.0,3376.0
6351.0,3803.0,3376.0
6338.0,3803.0,3376.0
6338.0,3788.0,3376.0
6323.0,3788.0,3376.0
6323.0,3773.0,3376.0
6310.0,3773.0,3376.0
6310.0,3759.0,3376.0
6295.0,3759.0,3376.0
6291.0,3759.0,3392.0
6291.0,3755.0,3392.0
6289.0,3755.0,3398.0
6289.0,3740.0,3398.0
6289.0,3745.0,3398.0
6293.0,3745.0,3398.0
6293.0,3760.0,3398.0
6310.0,3760.0,3398.0
6310.0,3774.0,3398.0
6322.0,3774.0,3398.0
6322.0,3788.0,3398.0
6337.0,3788.0,3397.0
6337.0,3802.0,3397.0
6350.0,3802.0,3392.0
6350.0,3817.0,3392.0
6366.0,3817.0,3392.0
6366.0,3832.0,3392.0
6380.0,3832.0,3367.0
6380.0,3847.0,3367.0
6395.0,3847.0,3370.0
6395.0,3861.0,3370.0
6408.0,3861.0,3370.0
6408.0,3875.0,3370.0
6423.0,3875.0,3370.0
6423.0,3890.0,3370.0
6438.0,3890.0,3370.0
6438.0,3902.0,3370.0
6450.0,3902.0,3370.0
6450.0,3903.0,3370.0
6455.0,3903.0,3370.0
6455.0,3905.0,3370.0
6465.0,3905.0,3370.0
6465.0,3894.0,3370.0
6448.0,3894.0,3370.0
6448.0,3880.0,3370.0
6437.0,3880.0,3370.0
6437.0,3865.0,3370.0
6420.0,3865.0,3370.0
6420.0,3850.0,3370.0
6408.0,3850.0,3370.0
6408.0,3836.0,3370.0
6392.0,3836.0,3370.0
6392.0,3821.0,3370.0
6378.0,3821.0,3370.0
6378.0,3807.0,3370.0
6364.0,3807.0,3370.0
6350.0,3807.0,3384.0
6350.0,3792.0,3384.0
6350.0,3777.0,3384.0
6335.0,3777.0,3389.0
6335.0,3763.0,3389.0
6320.0,3763.0,3385.0
6320.0,3749.0,3385.0
6306.0,3749.0,3385.0
6306.0,3734.0,3385.0
6292.0,3734.0,3385.0
6292.0,3725.0,3385.0
6286.0,3725.0,3385.0
6286.0,3714.0,3385.0
6285.0,3714.0,3385.0
6285.0,3715.0,3385.0
6286.0,3715.0,3385.0
6286.0,3729.0,3385.0
6302.0,3729.0,3384.0
6302.0,3744.0,3384.0
6315.0,3744.0,3384.0
6315.0,3758.0,3384.0
6331.0,3758.0,3384.0
6331.0,3772.0,3384.0
6344.0,3772.0,3384.0
6344.0,3787.0,3384.0
6359.0,3787.0,3384.0
6359.0,3802.0,3384.0
6372.0,3802.0,3384.0
6372.0,3816.0,3384.0
6387.0,3816.0,3370.0
6387.0,3831.0,3370.0
6402.0,3831.0,3372.0
6402.0,3845.0,3372.0
6416.0,3845.0,3373.0
6416.0,3859.0,3373.0
6430.0,3859.0,3360.0
6430.0,3874.0,3360.0
6445.0,3874.0,3356.0
6445.0,3889.0,3356.0
6460.0,3889.0,3356.0
6460.0,3903.0,3356.0
6474.0,3903.0,3357.0
6474.0,3907.0,3357.0
6478.0,3907.0,3357.0
6478.0,3908.0,3357.0
6489.0,3908.0,3357.0
6489.0,3902.0,3357.0
6482.0,3902.0,3357.0
6482.0,3887.0,3357.0
6466.0,3887.0,3358.0
6466.0,3873.0,3358.0
6453.0,3873.0,3358.0
6453.0,3858.0,3358.0
6436.0,3858.0,3359.0
6436.0,3843.0,3359.0
6424.0,3843.0,3359.0
6424.0,3829.0,3359.0
6407.0,3829.0,3359.0
6407.0,3814.0,3359.0
6395.0,3814.0,3359.0
6395.0,3800.0,3359.0
6379.0,3800.0,3378.0
6379.0,3785.0,3378.0
6366.0,3785.0,3377.0
6366.0,3771.0,3377.0
6350.0,3771.0,3373.0
6350.0,3756.0,3373.0
6337.0,3756.0,3372.0
6337.0,3741.0,3372.0
6322.0,3741.0,3382.0
6322.0,3727.0,3382.0
6308.0,3727.0,3384.0
6308.0,3713.0,3384.0
6293.0,3713.0,3384.0
6293.0,3700.0,3384.0
6282.0,3700.0,3384.0
6282.0,3695.0,3384.0
6283.0,3695.0,3383.0
6283.0,3689.0,3383.0
6283.0,3689.0,3383.0
6283.0,3701.0,3383.0
6297.0,3701.0,3383.0
6297.0,3715.0,3383.0
6311.0,3715.0,3383.0
6311.0,3730.0,3383.0
6324.0,3730.0,3383.0
6324.0,3745.0,3383.0
6339.0,3745.0,3383.0
6339.0,3759.0,3383.0
6353.0,3759.0,3383.0
6353.0,3774.0,3383.0
6368.0,3774.0,3383.0
6368.0,3788.0,3383.0
6382.0,3788.0,3383.0
6382.0,3802.0,3383.0
6396.0,3802.0,3362.0
6396.0,3817.0,3362.0
6411.0,3817.0,3366.0
6426.0,3817.0,3366.0
6426.0,3832.0,3366.0
6426.0,3847.0,3366.0
6440.0,3847.0,3366.0
6440.0,3861.0,3366.0
6455.0,3861.0,3367.0
6455.0,3875.0,3367.0
6469.0,3875.0,3367.0
6469.0,3890.0,3367.0
6484.0,3890.0,3360.0
6484.0,3905.0,3360.0
6498.0,3905.0,3358.0
6498.0,3908.0,3358.0
6503.0,3908.0,3346.0
6503.0,3908.0,3346.0
6512.0,3908.0,3343.0
6512.0,3901.0,3343.0
6503.0,3901.0,3358.0
6503.0,3887.0,3358.0
6487.0,3887.0,3356.0
6487.0,3872.0,3356.0
6475.0,3872.0,3351.0
6475.0,3857.0,3351.0
6459.0,3857.0,3351.0
6459.0,3843.0,3351.0
6446.0,3843.0,3366.0
6446.0,3828.0,3366.0
6430.0,3828.0,3372.0
6430.0,3814.0,3372.0
6417.0,3814.0,3373.0
6417.0,3799.0,3373.0
6401.0,3799.0,3373.0
6401.0,3785.0,3373.0
6388.0,3785.0,3373.0
6388.0,3770.0,3373.0
6372.0,3770.0,3373.0
6372.0,3756.0,3373.0
6359.0,3756.0,3373.0
6359.0,3741.0,3373.0
6343.0,3741.0,3373.0
6343.0,3727.0,3373.0
6330.0,3727.0,3373.0
6330.0,3712.0,3373.0
6315.0,3712.0,3377.0
6315.0,3698.0,3377.0
6301.0,3698.0,3382.0
6301.0,3683.0,3382.0
6287.0,3683.0,3381.0
6287.0,3677.0,3381.0
6282.0,3677.0,3381.0
6282.0,3666.0,3381.0
6283.0,3666.0,3381.0
6288.0,3666.0,3381.0
6288.0,3672.0,3381.0
6288.0,3687.0,3381.0
6305.0,3687.0,3381.0
6305.0,3701.0,3381.0
6317.0,3701.0,3381.0
6317.0,3715.0,3381.0
6333.0,3715.0,3381.0
6333.0,3729.0,3381.0
6346.0,3729.0,3381.0
6346.0,3744.0,3381.0
6362.0,3744.0,3381.0
6362.0,3759.0,3381.0
6375.0,3759.0,3381.0
6375.0,3773.0,3381.0
6391.0,3773.0,3375.0
6404.0,3773.0,3357.0
6404.0,3788.0,3357.0
6404.0,3802.0,3357.0
6419.0,3802.0,3360.0
6419.0,3816.0,3360.0
6433.0,3816.0,3360.0
6433.0,3831.0,3360.0
6448.0,3831.0,3360.0
6448.0,3846.0,3360.0
6463.0,3846.0,3360.0
6463.0,3861.0,3360.0
6478.0,3861.0,3360.0
6478.0,3875.0,3360.0
6491.0,3875.0,3359.0
6491.0,3890.0,3359.0
6507.0,3890.0,3348.0
6507.0,3904.0,3348.0
6520.0,3904.0,3348.0
6520.0,3907.0,3348.0
6524.0,3907.0,3354.0
6524.0,3906.0,3354.0
6534.0,3906.0,3353.0
6534.0,3898.0,3353.0
6523.0,3898.0,3353.0
6523.0,3884.0,3353.0
6508.0,3884.0,3353.0
6508.0,3869.0,3353.0
6494.0,3869.0,3353.0
6494.0,3854.0,3353.0
6479.0,3854.0,3353.0
6479.0,3839.0,3353.0
6466.0,3839.0,3353.0
6466.0,3825.0,3353.0
6450.0,3825.0,3353.0
6450.0,3811.0,3353.0
6436.0,3811.0,3353.0
6436.0,3796.0,3353.0
6421.0,3796.0,3353.0
6421.0,3781.0,3353.0
6407.0,3781.0,3353.0
6407.0,3767.0,3353.0
6392.0,3767.0,3363.0
6392.0,3752.0,3363.0
6378.0,3752.0,3370.0
6378.0,3738.0,3370.0
6363.0,3738.0,3371.0
6363.0,3723.0,3371.0
6349.0,3723.0,3371.0
6349.0,3709.0,3371.0
6335.0,3709.0,3371.0
6335.0,3694.0,3371.0
6320.0,3694.0,3394.0
6320.0,3680.0,3394.0
6306.0,3680.0,3392.0
6306.0,3665.0,3392.0
6292.0,3665.0,3391.0
6292.0,3655.0,3391.0
6283.0,3655.0,3391.0
6283.0,3647.0,3391.0
6286.0,3647.0,3391.0
6286.0,3649.0,3391.0
6289.0,3649.0,3391.0
6289.0,3665.0,3391.0
6307.0,3665.0,3391.0
6307.0,3679.0,3391.0
6318.0,3679.0,3391.0
6318.0,3693.0,3391.0
6334.0,3693.0,3391.0
6334.0,3707.0,3391.0
6347.0,3707.0,3389.0
6347.0,3722.0,3389.0
6362.0,3722.0,3375.0
6362.0,3737.0,3375.0
6376.0,3737.0,3371.0
6376.0,3751.0,3371.0
6391.0,3751.0,3358.0
6391.0,3765.0,3358.0
6405.0,3765.0,3358.0
6419.0,3765.0,3358.0
6419.0,3780.0,3358.0
6419.0,3793.0,3358.0
6432.0,3793.0,3358.0
6432.0,3791.0,3358.0
6434.0,3791.0,3358.0
6434.0,3787.0,3358.0
6437.0,3787.0,3358.0
6437.0,3773.0,3358.0
6419.0,3773.0,3358.0
6419.0,3758.0,3358.0
6407.0,3758.0,3358.0
6407.0,3745.0,3358.0
6391.0,3745.0,3358.0
6391.0,3730.0,3358.0
6379.0,3730.0,3358.0
6379.0,3715.0,3358.0
6363.0,3715.0,3380.0
6363.0,3701.0,3380.0
6350.0,3701.0,3377.0
6350.0,3686.0,3377.0
6335.0,3686.0,3376.0
6335.0,3672.0,3376.0
6321.0,3672.0,3376.0
6321.0,3657.0,3376.0
6306.0,3657.0,3376.0
6306.0,3643.0,3376.0
6293.0,3643.0,3376.0
6293.0,3637.0,3376.0
6287.0,3637.0,3376.0
6287.0,3627.0,3376.0
6290.0,3627.0,3376.0
6290.0,3635.0,3376.0
6296.0,3635.0,3376.0
6296.0,3649.0,3376.0
6314.0,3649.0,3376.0
6314.0,3664.0,3376.0
6325.0,3664.0,3376.0
6325.0,3678.0,3376.0
6342.0,3678.0,3376.0
6342.0,3692.0,3376.0
6354.0,3692.0,3376.0
6354.0,3707.0,3376.0
6370.0,3707.0,3376.0
6370.0,3721.0,3376.0
6383.0,3721.0,3376.0
6399.0,3721.0,3376.0
6399.0,3736.0,3376.0
6412.0,3736.0,3376.0
6412.0,3750.0,3376.0
6412.0,3765.0,3376.0
6427.0,3765.0,3375.0
6427.0,3779.0,3375.0
6440.0,3779.0,3372.0
6440.0,3779.0,3372.0
6442.0,3779.0,3370.0
6442.0,3770.0,3370.0
6442.0,3770.0,3370.0
6442.0,3761.0,3370.0
6432.0,3761.0,3370.0
6432.0,3747.0,3370.0
6415.0,3747.0,3370.0
6415.0,3732.0,3370.0
6403.0,3732.0,3370.0
6403.0,3718.0,3370.0
6387.0,3718.0,3370.0
6387.0,3703.0,3370.0
6375.0,3703.0,3370.0
6375.0,3688.0,3370.0
6359.0,3688.0,3370.0
6359.0,3674.0,3370.0
6345.0,3674.0,3370.0
6345.0,3659.0,3370.0
6330.0,3659.0,3370.0
6330.0,3645.0,3370.0
6317.0,3645.0,3377.0
6317.0,3630.0,3377.0
6302.0,3630.0,3379.0
6302.0,3619.0,3379.0
6292.0,3619.0,3379.0
6292.0,3613.0,3379.0
6295.0,3613.0,3379.0
6295.0,3613.0,3379.0
6298.0,3613.0,3380.0
6298.0,3627.0,3380.0
6314.0,3627.0,3380.0
6314.0,3641.0,3380.0
6327.0,3641.0,3380.0
6327.0,3656.0,3380.0
6342.0,3656.0,3380.0
6342.0,3670.0,3380.0
6355.0,3670.0,3380.0
6355.0,3685.0,3380.0
6370.0,3685.0,3380.0
6370.0,3700.0,3380.0
6384.0,3700.0,3360.0
6384.0,3714.0,3360.0
6399.0,3714.0,3358.0
6414.0,3714.0,3359.0
6414.0,3728.0,3359.0
6414.0,3743.0,3359.0
6427.0,3743.0,3359.0
6440.0,3743.0,3359.0
6440.0,3756.0,3359.0
6440.0,3753.0,3359.0
6439.0,3753.0,3359.0
6439.0,3742.0,3359.0
6438.0,3742.0,3359.0
6438.0,3733.0,3359.0
6427.0,3733.0,3359.0
6427.0,3719.0,3359.0
6411.0,3719.0,3359.0
6411.0,3704.0,3359.0
6398.0,3704.0,3359.0
6398.0,3690.0,3359.0
6383.0,3690.0,3359.0
6383.0,3675.0,3359.0
6370.0,3675.0,3359.0
6370.0,3660.0,3359.0
6355.0,3660.0,3364.0
6355.0,3646.0,3364.0
6341.0,3646.0,3376.0
6341.0,3632.0,3376.0
6326.0,3632.0,3369.0
6326.0,3617.0,3369.0
6312.0,3617.0,3386.0
6312.0,3603.0,3386.0
6299.0,3603.0,3392.0
6299.0,3600.0,3392.0
6300.0,3600.0,3392.0
6300.0,3595.0,3392.0
6303.0,3595.0,3392.0
6303.0,3607.0,3392.0
6315.0,3607.0,3392.0
6315.0,3622.0,3392.0
6331.0,3622.0,3366.0
6331.0,3637.0,3366.0
6344.0,3637.0,3373.0
6344.0,3651.0,3373.0
6360.0,3651.0,3374.0
6360.0,3665.0,3374.0
6372.0,3665.0,3374.0
6372.0,3680.0,3374.0
6388.0,3680.0,3374.0
6388.0,3694.0,3374.0
6402.0,3694.0,3374.0
6402.0,3709.0,3374.0
6418.0,3709.0,3374.0
6418.0,3723.0,3374.0
6431.0,3723.0,3364.0
6431.0,3728.0,3364.0
6435.0,3728.0,3355.0
6435.0,3715.0,3355.0
6431.0,3715.0,3355.0
6431.0,3712.0,3355.0
6428.0,3712.0,3355.0
6428.0,3697.0,3355.0
6411.0,3697.0,3355.0
6411.0,3682.0,3355.0
6399.0,3682.0,3355.0
6399.0,3667.0,3355.0
6383.0,3667.0,3355.0
6383.0,3653.0,3355.0
6370.0,3653.0,3363.0
6370.0,3639.0,3363.0
6355.0,3639.0,3370.0
6355.0,3624.0,3370.0
6342.0,3624.0,3371.0
6342.0,3609.0,3371.0
6327.0,3609.0,3371.0
6327.0,3595.0,3371.0
6312.0,3595.0,3375.0
6312.0,3586.0,3375.0
6304.0,3586.0,3381.0
6304.0,3579.0,3381.0
6310.0,3579.0,3381.0
6310.0,3585.0,3381.0
6315.0,3585.0,3381.0
6315.0,3600.0,3381.0
6333.0,3600.0,3381.0
6333.0,3614.0,3381.0
6344.0,3614.0,3381.0
6344.0,3629.0,3381.0
6360.0,3629.0,3375.0
6360.0,3643.0,3375.0
6373.0,3643.0,3367.0
6373.0,3657.0,3367.0
6389.0,3657.0,3375.0
6389.0,3672.0,3375.0
6402.0,3672.0,3375.0
6402.0,3686.0,3375.0
6417.0,3686.0,3375.0
6417.0,3700.0,3375.0
6430.0,3700.0,3357.0
6430.0,3697.0,3357.0
6428.0,3697.0,3351.0
6428.0,3686.0,3351.0
6427.0,3686.0,3352.0
6427.0,3677.0,3352.0
6418.0,3677.0,3367.0
6418.0,3663.0,3367.0
6401.0,3663.0,3362.0
6401.0,3649.0,3362.0
6388.0,3649.0,3356.0
6388.0,3635.0,3356.0
6373.0,3635.0,3355.0
6373.0,3620.0,3355.0
6360.0,3620.0,3364.0
6360.0,3605.0,3364.0
6344.0,3605.0,3378.0
6344.0,3591.0,3378.0
6331.0,3591.0,3376.0
6331.0,3576.0,3376.0
6315.0,3576.0,3376.0
6315.0,3572.0,3376.0
6314.0,3572.0,3376.0
6314.0,3565.0,3376.0
6319.0,3565.0,3376.0
6319.0,3575.0,3376.0
6327.0,3575.0,3376.0
6327.0,3589.0,3376.0
6345.0,3589.0,3376.0
6345.0,3604.0,3376.0
6357.0,3604.0,3376.0
6357.0,3619.0,3376.0
6373.0,3619.0,3376.0
6373.0,3633.0,3376.0
6386.0,3633.0,3376.0
6386.0,3647.0,3376.0
6402.0,3647.0,3374.0
6402.0,3662.0,3374.0
6415.0,3662.0,3370.0
6415.0,3673.0,3370.0
6426.0,3673.0,3370.0
6422.0,3673.0,3370.0
6422.0,3665.0,3370.0
6422.0,3658.0,3370.0
6421.0,3658.0,3370.0
6421.0,3645.0,3370.0
6407.0,3645.0,3370.0
6407.0,3631.0,3370.0
6393.0,3631.0,3370.0
6393.0,3617.0,3370.0
6379.0,3617.0,3370.0
6379.0,3603.0,3370.0
6365.0,3603.0,3370.0
6365.0,3588.0,3370.0
6351.0,3588.0,3370.0
6351.0,3573.0,3370.0
6336.0,3573.0,3370.0
6336.0,3559.0,3370.0
6323.0,3559.0,3370.0
6323.0,3556.0,3370.0
6323.0,3556.0,3370.0
6323.0,3552.0,3370.0
6329.0,3552.0,3370.0
6329.0,3564.0,3370.0
6341.0,3564.0,3370.0
6341.0,3579.0,3370.0
6358.0,3579.0,3370.0
6370.0,3579.0,3370.0
6370.0,3594.0,3370.0
6370.0,3609.0,3370.0
6385.0,3609.0,3370.0
6385.0,3623.0,3370.0
6398.0,3623.0,3370.0
6398.0,3638.0,3370.0
6414.0,3638.0,3370.0
6414.0,3645.0,3370.0
6419.0,3645.0,3370.0
6419.0,3633.0,3370.0
6417.0,3633.0,3370.0
6417.0,3629.0,3370.0
6414.0,3629.0,3370.0
6414.0,3615.0,3370.0
6399.0,3615.0,3370.0
6399.0,3600.0,3370.0
6385.0,3600.0,3370.0
6385.0,3585.0,3370.0
6371.0,3585.0,3370.0
6371.0,3571.0,3370.0
6356.0,3571.0,3370.0
6356.0,3556.0,3370.0
6341.0,3556.0,3370.0
6341.0,3545.0,3370.0
6331.0,3545.0,3370.0
6338.0,3545.0,3370.0
6338.0,3540.0,3370.0
6338.0,3542.0,3370.0
6341.0,3542.0,3370.0
6341.0,3557.0,3370.0
6358.0,3557.0,3370.0
6358.0,3571.0,3370.0
6370.0,3571.0,3370.0
6370.0,3585.0,3370.0
6385.0,3585.0,3370.0
6385.0,3598.0,3370.0
6396.0,3598.0,3370.0
6396.0,3598.0,3370.0
6400.0,3598.0,3370.0
6400.0,3595.0,3370.0
6404.0,3595.0,3370.0
6404.0,3581.0,3370.0
6387.0,3581.0,3370.0
6387.0,3567.0,3370.0
6375.0,3567.0,3370.0
6375.0,3553.0,3370.0
6359.0,3553.0,3370.0
6359.0,3538.0,3370.0
6347.0,3538.0,3370.0
6347.0,3533.0,3370.0
6342.0,3533.0,3370.0
6342.0,3526.0,3370.0
6351.0,3526.0,3370.0
6351.0,3537.0,3370.0
6357.0,3537.0,3370.0
6357.0,3551.0,3370.0
6375.0,3551.0,3370.0
6375.0,3566.0,3370.0
6387.0,3566.0,3370.0
6387.0,3580.0,3370.0
6403.0,3580.0,3370.0
6403.0,3593.0,3370.0
6413.0,3593.0,3364.0
6413.0,3593.0,3364.0
6419.0,3593.0,3358.0
6419.0,3591.0,3358.0
6423.0,3591.0,3358.0
6423.0,3578.0,3358.0
6407.0,3578.0,3358.0
6407.0,3564.0,3358.0
6395.0,3564.0,3358.0
6395.0,3550.0,3358.0
6379.0,3550.0,3359.0
6379.0,3535.0,3359.0
6366.0,3535.0,3359.0
6366.0,3522.0,3359.0
6353.0,3522.0,3359.0
6353.0,3519.0,3359.0
6359.0,3519.0,3359.0
6359.0,3518.0,3359.0
6363.0,3518.0,3359.0
6363.0,3532.0,3359.0
6376.0,3532.0,3359.0
6376.0,3546.0,3359.0
6392.0,3546.0,3359.0
6392.0,3561.0,3359.0
6405.0,3561.0,3359.0
6405.0,3575.0,3359.0
6421.0,3575.0,3359.0
6421.0,3589.0,3359.0
6432.0,3589.0,3359.0
6432.0,3589.0,3359.0
6437.0,3589.0,3358.0
6437.0,3587.0,3358.0
6441.0,3587.0,3348.0
6441.0,3574.0,3348.0
6426.0,3574.0,3355.0
6426.0,3560.0,3355.0
6413.0,3560.0,3355.0
6413.0,3546.0,3355.0
6398.0,3546.0,3355.0
6398.0,3531.0,3355.0
6384.0,3531.0,3355.0
6384.0,3516.0,3355.0
6370.0,3516.0,3355.0
6370.0,3511.0,3355.0
6367.0,3511.0,3355.0
6367.0,3506.0,3355.0
6375.0,3506.0,3355.0
6375.0,3515.0,3355.0
6381.0,3515.0,3355.0
6381.0,3530.0,3355.0
6400.0,3530.0,3354.0
6400.0,3544.0,3354.0
6410.0,3544.0,3354.0
6410.0,3559.0,3354.0
6427.0,3559.0,3354.0
6427.0,3572.0,3354.0
6437.0,3572.0,3354.0
6437.0,3570.0,3354.0
6438.0,3570.0,3354.0
6438.0,3558.0,3354.0
6435.0,3558.0,3354.0
6435.0,3549.0,3354.0
6427.0,3549.0,3354.0
6427.0,3535.0,3354.0
6409.0,3535.0,3354.0
6409.0,3521.0,3354.0
6398.0,3521.0,3354.0
6398.0,3506.0,3354.0
6382.0,3506.0,3354.0
6382.0,3501.0,3354.0
6381.0,3501.0,3354.0
6381.0,3497.0,3354.0
6387.0,3497.0,3354.0
6387.0,3507.0,3354.0
6396.0,3507.0,3354.0
6396.0,3521.0,3354.0
6414.0,3521.0,3354.0
6414.0,3536.0,3354.0
6425.0,3536.0,3354.0
6425.0,3550.0,3354.0
6440.0,3550.0,3354.0
6440.0,3550.0,3354.0
6443.0,3550.0,3354.0
6443.0,3548.0,3354.0
6450.0,3548.0,3354.0
6450.0,3535.0,3354.0
6433.0,3535.0,3354.0
6433.0,3521.0,3354.0
6422.0,3521.0,3354.0
6422.0,3507.0,3354.0
6405.0,3507.0,3354.0
6405.0,3494.0,3354.0
6394.0,3494.0,3354.0
6394.0,3491.0,3354.0
6398.0,3491.0,3354.0
6398.0,3490.0,3354.0
6404.0,3490.0,3354.0
6404.0,3503.0,3354.0
6416.0,3503.0,3354.0
6416.0,3518.0,3354.0
6433.0,3518.0,3354.0
6433.0,3533.0,3354.0
6445.0,3533.0,3354.0
6445.0,3547.0,3354.0
6461.0,3547.0,3354.0
6461.0,3562.0,3354.0
6474.0,3562.0,3354.0
6474.0,3576.0,3354.0
6490.0,3576.0,3354.0
6490.0,3579.0,3354.0
6490.0,3579.0,3354.0
6490.0,3581.0,3354.0
6480.0,3581.0,3353.0
6480.0,3572.0,3353.0
6473.0,3572.0,3353.0
6473.0,3560.0,3353.0
6457.0,3560.0,3353.0
6457.0,3563.0,3353.0
6461.0,3563.0,3353.0
6461.0,3573.0,3353.0
6461.0,3573.0,3353.0
6461.0,3582.0,3353.0
6471.0,3582.0,3353.0
6471.0,3586.0,3353.0
6474.0,3586.0,3353.0
6480.0,3586.0,3353.0
6480.0,3603.0,3353.0
6480.0,3609.0,3353.0
6487.0,3609.0,3353.0
6487.0,3623.0,3353.0
6503.0,3623.0,3351.0
6503.0,3638.0,3351.0
6516.0,3638.0,3344.0
6516.0,3652.0,3344.0
6532.0,3652.0,3344.0
6532.0,3666.0,3344.0
6544.0,3666.0,3325.0
6544.0,3665.0,3325.0
6547.0,3665.0,3330.0
6547.0,3661.0,3330.0
6549.0,3661.0,3330.0
6549.0,3646.0,3330.0
6534.0,3646.0,3331.0
6521.0,3646.0,3331.0
6521.0,3633.0,3331.0
6521.0,3619.0,3331.0
6505.0,3619.0,3331.0
6505.0,3605.0,3331.0
6492.0,3605.0,3332.0
6492.0,3601.0,3332.0
6491.0,3601.0,3334.0
6491.0,3599.0,3334.0
6502.0,3599.0,3334.0
6507.0,3599.0,3333.0
6507.0,3608.0,3333.0
6507.0,3623.0,3333.0
6527.0,3623.0,3333.0
6527.0,3637.0,3333.0
6537.0,3637.0,3333.0
6537.0,3651.0,3333.0
6554.0,3651.0,3333.0
6554.0,3652.0,3333.0
6554.0,3652.0,3333.0
6554.0,3644.0,3333.0
6556.0,3644.0,3333.0
6556.0,3632.0,3333.0
6543.0,3632.0,3333.0
6543.0,3619.0,3333.0
6528.0,3619.0,3333.0
6528.0,3604.0,3333.0
6515.0,3604.0,3333.0
6515.0,3598.0,3333.0
6509.0,3598.0,3333.0
6509.0,3599.0,3333.0
6523.0,3599.0,3333.0
6523.0,3603.0,3333.0
6526.0,3603.0,3333.0
6526.0,3617.0,3333.0
6544.0,3617.0,3333.0
6544.0,3632.0,3333.0
6554.0,3632.0,3333.0
6554.0,3635.0,3333.0
6559.0,3635.0,3333.0
6559.0,3651.0,3333.0
6575.0,3651.0,3332.0
6575.0,3668.0,3332.0
6595.0,3668.0,3327.0
6595.0,3683.0,3327.0
6606.0,3683.0,3327.0
6606.0,3697.0,3327.0
6623.0,3697.0,3327.0
6623.0,3711.0,3327.0
6635.0,3711.0,3324.0
6635.0,3726.0,3324.0
6652.0,3726.0,3305.0
6652.0,3741.0,3305.0
6664.0,3741.0,3311.0
6664.0,3755.0,3311.0
6681.0,3755.0,3311.0
6681.0,3770.0,3311.0
6694.0,3770.0,3311.0
6694.0,3780.0,3311.0
6705.0,3780.0,3311.0
6705.0,3787.0,3311.0
6700.0,3787.0,3311.0
6700.0,3786.0,3311.0
6697.0,3786.0,3311.0
6697.0,3771.0,3311.0
6681.0,3771.0,3311.0
6681.0,3756.0,3311.0
6668.0,3756.0,3311.0
6668.0,3742.0,3311.0
6652.0,3742.0,3311.0
6652.0,3728.0,3311.0
6639.0,3728.0,3311.0
6639.0,3713.0,3311.0
6624.0,3713.0,3311.0
6624.0,3698.0,3311.0
6609.0,3698.0,3311.0
6609.0,3684.0,3311.0
6595.0,3684.0,3311.0
6595.0,3670.0,3311.0
6580.0,3670.0,3311.0
6580.0,3666.0,3311.0
6576.0,3666.0,3311.0
6576.0,3670.0,3311.0
6570.0,3670.0,3321.0
6570.0,3679.0,3321.0
6582.0,3679.0,3327.0
6582.0,3693.0,3327.0
6597.0,3693.0,3327.0
6597.0,3708.0,3327.0
6610.0,3708.0,3327.0
6610.0,3723.0,3327.0
6625.0,3723.0,3327.0
6625.0,3737.0,3327.0
6639.0,3737.0,3327.0
6639.0,3752.0,3327.0
6654.0,3752.0,3305.0
6654.0,3766.0,3305.0
6668.0,3766.0,3304.0
6668.0,3780.0,3304.0
6683.0,3780.0,3305.0
6695.0,3780.0,3305.0
6695.0,3794.0,3305.0
6695.0,3798.0,3305.0
6695.0,3798.0,3305.0
6695.0,3802.0,3305.0
6690.0,3802.0,3305.0
6690.0,3790.0,3305.0
6678.0,3790.0,3305.0
6678.0,3775.0,3305.0
6662.0,3775.0,3305.0
6662.0,3761.0,3305.0
6649.0,3761.0,3305.0
6649.0,3746.0,3305.0
6633.0,3746.0,3314.0
6633.0,3731.0,3314.0
6620.0,3731.0,3321.0
6620.0,3718.0,3321.0
6604.0,3718.0,3318.0
6604.0,3714.0,3318.0
6603.0,3714.0,3318.0
6603.0,3729.0,3318.0
6608.0,3729.0,3318.0
6608.0,3733.0,3318.0
6613.0,3733.0,3318.0
6613.0,3748.0,3318.0
6629.0,3748.0,3318.0
6629.0,3763.0,3318.0
6643.0,3763.0,3318.0
6643.0,3777.0,3318.0
6657.0,3777.0,3318.0
6657.0,3792.0,3318.0
6671.0,3792.0,3318.0
6671.0,3806.0,3318.0
6686.0,3806.0,3295.0
6686.0,3810.0,3295.0
6687.0,3810.0,3309.0
6687.0,3817.0,3309.0
6682.0,3817.0,3313.0
6682.0,3806.0,3313.0
6673.0,3806.0,3314.0
6673.0,3792.0,3314.0
6655.0,3792.0,3314.0
6655.0,3777.0,3314.0
6643.0,3777.0,3314.0
6643.0,3762.0,3314.0
6627.0,3762.0,3314.0
6627.0,3748.0,3314.0
6615.0,3748.0,3314.0
6607.0,3748.0,3314.0
6607.0,3743.0,3314.0
6607.0,3752.0,3314.0
6607.0,3752.0,3315.0
6607.0,3757.0,3315.0
6613.0,3757.0,3315.0
6613.0,3772.0,3315.0
6631.0,3772.0,3315.0
6631.0,3787.0,3315.0
6643.0,3787.0,3315.0
6643.0,3801.0,3315.0
6659.0,3801.0,3315.0
6659.0,3816.0,3315.0
6671.0,3816.0,3315.0
6671.0,3823.0,3315.0
6680.0,3823.0,3315.0
6680.0,3830.0,3315.0
6671.0,3830.0,3315.0
6671.0,3821.0,3315.0
6667.0,3821.0,3315.0
6667.0,3807.0,3315.0
6647.0,3807.0,3315.0
6647.0,3793.0,3315.0
6637.0,3793.0,3315.0
6637.0,3778.0,3315.0
6619.0,3778.0,3315.0
6619.0,3764.0,3315.0
6608.0,3764.0,3315.0
6608.0,3759.0,3315.0
6601.0,3759.0,3315.0
6601.0,3765.0,3315.0
6598.0,3765.0,3315.0
6598.0,3773.0,3315.0
6606.0,3773.0,3315.0
6606.0,3788.0,3315.0
6623.0,3788.0,3315.0
6623.0,3802.0,3315.0
6636.0,3802.0,3315.0
6636.0,3817.0,3315.0
6652.0,3817.0,3315.0
6652.0,3832.0,3315.0
6664.0,3832.0,3315.0
6664.0,3836.0,3315.0
6667.0,3836.0,3315.0
6667.0,3842.0,3315.0
6660.0,3842.0,3315.0
6660.0,3830.0,3315.0
6652.0,3830.0,3315.0
6652.0,3816.0,3315.0
6633.0,3816.0,3315.0
6633.0,3801.0,3315.0
6622.0,3801.0,3315.0
6622.0,3786.0,3315.0
6604.0,3786.0,3315.0
6604.0,3773.0,3315.0
6594.0,3773.0,3315.0
6594.0,3771.0,3315.0
6588.0,3771.0,3315.0
6588.0,3775.0,3315.0
6586.0,3775.0,3315.0
6586.0,3787.0,3315.0
6598.0,3787.0,3315.0
6598.0,3801.0,3315.0
6612.0,3801.0,3315.0
6612.0,3815.0,3315.0
6626.0,3815.0,3315.0
6626.0,3830.0,3315.0
6642.0,3830.0,3315.0
6654.0,3830.0,3315.0
6654.0,3845.0,3315.0
6655.0,3845.0,3315.0
6655.0,3848.0,3315.0
6655.0,3852.0,3315.0
6647.0,3852.0,3315.0
6647.0,3840.0,3315.0
6639.0,3840.0,3315.0
6639.0,3826.0,3315.0
6620.0,3826.0,3315.0
6620.0,3811.0,3315.0
6609.0,3811.0,3315.0
6609.0,3796.0,3315.0
6591.0,3796.0,3315.0
6591.0,3782.0,3315.0
6580.0,3782.0,3319.0
6580.0,3779.0,3319.0
6574.0,3779.0,3335.0
6574.0,3782.0,3335.0
6570.0,3782.0,3333.0
6570.0,3793.0,3333.0
6580.0,3793.0,3332.0
6580.0,3807.0,3332.0
6596.0,3807.0,3331.0
6596.0,3821.0,3331.0
6609.0,3821.0,3331.0
6609.0,3836.0,3331.0
6625.0,3836.0,3331.0
6625.0,3851.0,3331.0
6638.0,3851.0,3331.0
6638.0,3858.0,3331.0
6646.0,3858.0,3331.0
6646.0,3863.0,3331.0
6636.0,3863.0,3331.0
6636.0,3855.0,3331.0
6631.0,3855.0,3331.0
6631.0,3841.0,3331.0
6612.0,3841.0,3331.0
6612.0,3827.0,3331.0
6602.0,3827.0,3331.0
6602.0,3812.0,3331.0
6585.0,3812.0,3330.0
6585.0,3798.0,3330.0
6573.0,3798.0,3330.0
6573.0,3795.0,3330.0
6569.0,3795.0,3330.0
6569.0,3808.0,3330.0
6573.0,3808.0,3330.0
6573.0,3813.0,3330.0
6577.0,3813.0,3330.0
6577.0,3828.0,3330.0
6595.0,3828.0,3330.0
6595.0,3842.0,3330.0
6607.0,3842.0,3329.0
6607.0,3857.0,3329.0
6623.0,3857.0,3329.0
6631.0,3857.0,3329.0
6631.0,3868.0,3329.0
6631.0,3872.0,3329.0
6626.0,3872.0,3329.0
6626.0,3869.0,3329.0
6619.0,3869.0,3329.0
6619.0,3854.0,3329.0
6604.0,3854.0,3329.0
6604.0,3839.0,3329.0
6591.0,3839.0,3329.0
6591.0,3826.0,3329.0
6576.0,3826.0,3329.0
6576.0,3820.0,3329.0
6571.0,3820.0,3329.0
6571.0,3823.0,3329.0
6564.0,3823.0,3329.0
6564.0,3830.0,3329.0
6572.0,3830.0,3329.0
6572.0,3845.0,3329.0
6589.0,3845.0,3329.0
6601.0,3845.0,3329.0
6601.0,3860.0,3329.0
6601.0,3874.0,3329.0
6617.0,3874.0,3329.0
6615.0,3874.0,3329.0
6615.0,3877.0,3329.0
6615.0,3881.0,3329.0
6609.0,3881.0,3329.0
6609.0,3869.0,3329.0
6599.0,3869.0,3329.0
6599.0,3855.0,3329.0
6582.0,3855.0,3329.0
6582.0,3841.0,3329.0
6570.0,3841.0,3329.0
6570.0,3826.0,3329.0
6554.0,3826.0,3329.0
6554.0,3812.0,3329.0
6540.0,3812.0,3331.0
6540.0,3797.0,3331.0
6525.0,3797.0,3336.0
6525.0,3792.0,3336.0
6521.0,3792.0,3336.0
6521.0,3794.0,3336.0
6512.0,3794.0,3336.0
6512.0,3802.0,3336.0
6521.0,3802.0,3335.0
6521.0,3816.0,3335.0
6536.0,3816.0,3335.0
6536.0,3831.0,3335.0
6550.0,3831.0,3335.0
6550.0,3845.0,3335.0
6566.0,3845.0,3335.0
6566.0,3860.0,3335.0
6579.0,3860.0,3336.0
6579.0,3875.0,3336.0
6595.0,3875.0,3336.0
6595.0,3885.0,3336.0
6603.0,3885.0,3336.0
6603.0,3888.0,3336.0
6596.0,3888.0,3336.0
6591.0,3888.0,3336.0
6591.0,3886.0,3336.0
6591.0,3871.0,3336.0
6576.0,3871.0,3336.0
6576.0,3856.0,3336.0
6562.0,3856.0,3336.0
6547.0,3856.0,3336.0
6547.0,3842.0,3336.0
6547.0,3828.0,3336.0
6532.0,3828.0,3336.0
6532.0,3813.0,3336.0
6519.0,3813.0,3336.0
6519.0,3799.0,3336.0
6505.0,3799.0,3336.0
6505.0,3800.0,3336.0
6505.0,3800.0,3336.0
6505.0,3812.0,3336.0
6507.0,3812.0,3336.0
6507.0,3820.0,3336.0
6515.0,3820.0,3336.0
6515.0,3834.0,3336.0
6532.0,3834.0,3336.0
6532.0,3848.0,3336.0
6544.0,3848.0,3336.0
6544.0,3863.0,3336.0
6560.0,3863.0,3336.0
6560.0,3878.0,3336.0
6573.0,3878.0,3336.0
6573.0,3892.0,3336.0
6587.0,3892.0,3336.0
6587.0,3893.0,3336.0
6583.0,3893.0,3336.0
6583.0,3894.0,3336.0
6576.0,3894.0,3336.0
6576.0,3882.0,3336.0
6565.0,3882.0,3336.0
6565.0,3867.0,3336.0
6547.0,3867.0,3337.0
6547.0,3853.0,3337.0
6536.0,3853.0,3337.0
6536.0,3838.0,3337.0
6520.0,3838.0,3337.0
6520.0,3826.0,3337.0
6511.0,3826.0,3337.0
6511.0,3830.0,3337.0
6507.0,3830.0,3337.0
6507.0,3835.0,3337.0
6507.0,3835.0,3337.0
6507.0,3850.0,3337.0
6523.0,3850.0,3337.0
6523.0,3864.0,3337.0
6538.0,3864.0,3337.0
6538.0,3878.0,3337.0
6552.0,3878.0,3337.0
6552.0,3892.0,3337.0
6566.0,3892.0,3337.0
6566.0,3898.0,3337.0
6570.0,3898.0,3337.0
6570.0,3901.0,3337.0
6559.0,3901.0,3337.0
6559.0,3893.0,3337.0
6555.0,3893.0,3337.0
6555.0,3879.0,3337.0
6536.0,3879.0,3337.0
6536.0,3864.0,3337.0
6525.0,3864.0,3337.0
6525.0,3850.0,3337.0
6507.0,3850.0,3337.0
6507.0,3836.0,3337.0
6497.0,3836.0,3337.0
6497.0,3833.0,3337.0
6493.0,3833.0,3348.0
6493.0,3818.0,3348.0
6477.0,3818.0,3352.0
6477.0,3804.0,3352.0
6465.0,3804.0,3352.0
6465.0,3803.0,3352.0
6460.0,3803.0,3352.0
6460.0,3805.0,3352.0
6453.0,3805.0,3352.0
6453.0,3817.0,3352.0
6470.0,3817.0,3352.0
6470.0,3831.0,3352.0
6482.0,3831.0,3352.0
6482.0,3846.0,3352.0
6498.0,3846.0,3352.0
6498.0,3860.0,3352.0
6511.0,3860.0,3352.0
6511.0,3875.0,3352.0
6526.0,3875.0,3352.0
6526.0,3890.0,3352.0
6540.0,3890.0,3352.0
6540.0,3902.0,3352.0
6553.0,3902.0,3352.0
6553.0,3903.0,3352.0
6547.0,3903.0,3352.0
6547.0,3904.0,3352.0
6539.0,3904.0,3352.0
6539.0,3891.0,3352.0
6529.0,3891.0,3352.0
6529.0,3877.0,3352.0
6512.0,3877.0,3352.0
6512.0,3863.0,3352.0
6500.0,3863.0,3352.0
6500.0,3848.0,3352.0
6484.0,3848.0,3352.0
6484.0,3833.0,3352.0
6471.0,3833.0,3352.0
6471.0,3818.0,3352.0
6455.0,3818.0,3352.0
6455.0,3806.0,3352.0
6443.0,3806.0,3352.0
6443.0,3805.0,3352.0
6448.0,3805.0,3352.0
6448.0,3802.0,3352.0
6471.0,3802.0,3352.0
6471.0,3802.0,3352.0
6475.0,3802.0,3352.0
6475.0,3812.0,3352.0
6484.0,3812.0,3352.0
6484.0,3805.0,3352.0
6486.0,3805.0,3352.0
6486.0,3780.0,3352.0
6494.0,3780.0,3352.0
6494.0,3776.0,3352.0
6493.0,3776.0,3352.0
6493.0,3765.0,3352.0
6483.0,3765.0,3352.0
6483.0,3759.0,3352.0
6483.0,3759.0,3352.0
6483.0,3752.0,3352.0
6481.0,3752.0,3352.0
6481.0,3763.0,3352.0
6494.0,3763.0,3352.0
6494.0,3774.0,3352.0
6505.0,3774.0,3352.0
6505.0,3773.0,3352.0
6510.0,3773.0,3352.0
6510.0,3772.0,3352.0
6514.0,3772.0,3352.0
6514.0,3758.0,3352.0
6494.0,3758.0,3352.0
6494.0,3743.0,3352.0
6484.0,3743.0,3352.0
6484.0,3737.0,3352.0
6475.0,3737.0,3352.0
6475.0,3724.0,3352.0
6478.0,3724.0,3352.0
6478.0,3726.0,3352.0
6479.0,3726.0,3352.0
6479.0,3741.0,3352.0
6497.0,3741.0,3352.0
6497.0,3756.0,3352.0
6507.0,3756.0,3352.0
6507.0,3769.0,3352.0
6523.0,3769.0,3352.0
6523.0,3770.0,3352.0
6526.0,3770.0,3352.0
6526.0,3769.0,3352.0
6535.0,3769.0,3352.0
6535.0,3757.0,3352.0
6518.0,3757.0,3352.0
6518.0,3743.0,3352.0
6506.0,3743.0,3352.0
6506.0,3729.0,3352.0
6490.0,3729.0,3352.0
6490.0,3714.0,3352.0
6477.0,3714.0,3352.0
6477.0,3709.0,3352.0
6473.0,3709.0,3352.0
6473.0,3695.0,3352.0
6471.0,3695.0,3352.0
6471.0,3700.0,3352.0
6475.0,3700.0,3352.0
6475.0,3715.0,3352.0
6492.0,3715.0,3352.0
6492.0,3730.0,3352.0
6505.0,3730.0,3352.0
6505.0,3743.0,3352.0
6521.0,3743.0,3352.0
6521.0,3757.0,3352.0
6534.0,3757.0,3347.0
6534.0,3767.0,3347.0
6543.0,3767.0,3339.0
6543.0,3763.0,3339.0
6547.0,3763.0,3338.0
6547.0,3759.0,3338.0
6546.0,3759.0,3338.0
6546.0,3744.0,3338.0
6527.0,3744.0,3338.0
6527.0,3729.0,3338.0
6516.0,3729.0,3338.0
6516.0,3715.0,3338.0
6499.0,3715.0,3338.0
6499.0,3701.0,3338.0
6487.0,3701.0,3338.0
6471.0,3701.0,3338.0
6471.0,3687.0,3338.0
6471.0,3681.0,3338.0
6468.0,3681.0,3340.0
6468.0,3667.0,3340.0
6466.0,3667.0,3341.0
6466.0,3671.0,3341.0
6470.0,3671.0,3341.0
6470.0,3686.0,3341.0
6486.0,3686.0,3340.0
6486.0,3701.0,3340.0
6499.0,3701.0,3340.0
6499.0,3715.0,3340.0
6515.0,3715.0,3340.0
6515.0,3729.0,3340.0
6528.0,3729.0,3340.0
6528.0,3744.0,3340.0
6543.0,3744.0,3340.0
6543.0,3757.0,3340.0
6555.0,3757.0,3340.0
6555.0,3756.0,3340.0
6559.0,3756.0,3340.0
6559.0,3753.0,3340.0
6562.0,3753.0,3340.0
6562.0,3738.0,3340.0
6545.0,3738.0,3340.0
6545.0,3724.0,3340.0
6532.0,3724.0,3340.0
6532.0,3710.0,3340.0
6516.0,3710.0,3340.0
6516.0,3695.0,3340.0
6503.0,3695.0,3340.0
6503.0,3681.0,3340.0
6489.0,3681.0,3340.0
6489.0,3666.0,3340.0
6475.0,3666.0,3340.0
6475.0,3653.0,3340.0
6462.0,3653.0,3340.0
6462.0,3649.0,3340.0
6462.0,3649.0,3340.0
6462.0,3639.0,3340.0
6460.0,3639.0,3340.0
6472.0,3639.0,3340.0
6472.0,3649.0,3340.0
6472.0,3663.0,3340.0
6487.0,3663.0,3340.0
6487.0,3678.0,3340.0
6500.0,3678.0,3340.0
6511.0,3678.0,3340.0
6511.0,3689.0,3340.0
6511.0,3683.0,3340.0
6511.0,3683.0,3340.0
6511.0,3679.0,3340.0
6511.0,3679.0,3340.0
6511.0,3664.0,3340.0
6493.0,3664.0,3340.0
6493.0,3649.0,3340.0
6481.0,3649.0,3340.0
6481.0,3635.0,3340.0
6464.0,3635.0,3340.0
6464.0,3626.0,3340.0
6458.0,3626.0,3340.0
6458.0,3617.0,3340.0
6458.0,3617.0,3340.0
6458.0,3617.0,3340.0
6461.0,3617.0,3340.0
6461.0,3630.0,3340.0
6476.0,3630.0,3340.0
6476.0,3645.0,3340.0
6489.0,3645.0,3340.0
6489.0,3659.0,3340.0
6505.0,3659.0,3340.0
6505.0,3673.0,3340.0
6519.0,3673.0,3340.0
6519.0,3678.0,3340.0
6523.0,3678.0,3340.0
6523.0,3676.0,3340.0
6531.0,3676.0,3340.0
6531.0,3667.0,3340.0
6520.0,3667.0,3340.0
6520.0,3653.0,3340.0
6505.0,3653.0,3340.0
6505.0,3639.0,3340.0
6492.0,3639.0,3340.0
6492.0,3624.0,3340.0
6476.0,3624.0,3340.0
6476.0,3610.0,3340.0
6464.0,3610.0,3340.0
6463.0,3610.0,3340.0
6463.0,3607.0,3340.0
6463.0,3605.0,3340.0
6473.0,3605.0,3340.0
6473.0,3615.0,3340.0
6481.0,3615.0,3340.0
6481.0,3629.0,3340.0
6499.0,3629.0,3340.0
6499.0,3644.0,3340.0
6510.0,3644.0,3340.0
6527.0,3644.0,3340.0
6527.0,3659.0,3340.0
6527.0,3672.0,3340.0
6537.0,3672.0,3340.0
6537.0,3673.0,3340.0
6543.0,3673.0,3340.0
6543.0,3677.0,3340.0
6556.0,3677.0,3319.0
6556.0,3685.0,3319.0
6561.0,3685.0,3325.0
6561.0,3691.0,3325.0
6571.0,3691.0,3333.0
6571.0,3692.0,3333.0
6556.0,3692.0,3318.0
6556.0,3695.0,3318.0
6555.0,3695.0,3337.0
6555.0,3699.0,3337.0
6553.0,3699.0,3330.0
6553.0,3700.0,3330.0
6550.0,3700.0,3329.0
6550.0,3699.0,3329.0
6539.0,3699.0,3329.0
6539.0,3711.0,3329.0
6558.0,3711.0,3329.0
6558.0,3723.0,3329.0
6566.0,3723.0,3329.0
6566.0,3727.0,3329.0
6568.0,3727.0,3329.0
6568.0,3736.0,3329.0
6567.0,3736.0,3329.0
6567.0,3726.0,3329.0
6556.0,3726.0,3329.0
6556.0,3712.0,3329.0
6540.0,3712.0,3329.0
6540.0,3698.0,3329.0
6530.0,3698.0,3329.0
6530.0,3697.0,3329.0
6524.0,3697.0,3343.0
6524.0,3698.0,3343.0
6518.0,3698.0,3333.0
6518.0,3710.0,3333.0
6534.0,3710.0,3345.0
6534.0,3725.0,3345.0
6547.0,3725.0,3332.0
6547.0,3739.0,3332.0
6563.0,3739.0,3328.0
6563.0,3746.0,3328.0
6567.0,3746.0,3328.0
6567.0,3758.0,3328.0
6558.0,3758.0,3328.0
6558.0,3782.0,3328.0
6542.0,3782.0,3336.0
6542.0,3788.0,3336.0
6541.0,3788.0,3344.0
6541.0,3794.0,3344.0
6547.0,3794.0,3345.0
6547.0,3806.0,3345.0
6548.0,3806.0,3345.0
6548.0,3805.0,3345.0
6546.0,3805.0,3345.0
6546.0,3791.0,3345.0
6530.0,3791.0,3345.0
6530.0,3788.0,3345.0
6531.0,3788.0,3345.0
6531.0,3769.0,3345.0
6543.0,3769.0,3345.0
6543.0,3731.0,3345.0
6569.0,3731.0,3320.0
6569.0,3704.0,3320.0
6583.0,3704.0,3333.0
6583.0,3697.0,3333.0
6586.0,3697.0,3324.0
6586.0,3686.0,3324.0
6573.0,3686.0,3322.0
6573.0,3673.0,3322.0
6560.0,3673.0,3323.0
6560.0,3671.0,3323.0
6565.0,3671.0,3323.0
6565.0,3657.0,3323.0
6585.0,3657.0,3323.0
6585.0,3654.0,3323.0
6591.0,3654.0,3323.0
6591.0,3667.0,3323.0
6602.0,3667.0,3323.0
6602.0,3681.0,3323.0
6618.0,3681.0,3323.0
6618.0,3696.0,3323.0
6630.0,3696.0,3323.0
6630.0,3710.0,3323.0
6648.0,3710.0,3323.0
6648.0,3724.0,3323.0
6661.0,3724.0,3303.0
6661.0,3739.0,3303.0
6677.0,3739.0,3305.0
6677.0,3753.0,3305.0
6689.0,3753.0,3305.0
6689.0,3768.0,3305.0
6704.0,3768.0,3305.0
6704.0,3772.0,3305.0
6707.0,3772.0,3305.0
6707.0,3764.0,3305.0
6711.0,3764.0,3305.0
6711.0,3756.0,3305.0
6702.0,3756.0,3305.0
6702.0,3742.0,3305.0
6685.0,3742.0,3305.0
6685.0,3727.0,3305.0
6672.0,3727.0,3305.0
6672.0,3712.0,3305.0
6657.0,3712.0,3305.0
6657.0,3697.0,3305.0
6644.0,3697.0,3305.0
6644.0,3683.0,3305.0
6628.0,3683.0,3305.0
6628.0,3669.0,3305.0
6614.0,3669.0,3321.0
6614.0,3654.0,3321.0
6598.0,3654.0,3324.0
6598.0,3647.0,3324.0
6593.0,3647.0,3324.0
6598.0,3647.0,3324.0
6598.0,3638.0,3324.0
6598.0,3645.0,3324.0
6603.0,3645.0,3324.0
6603.0,3660.0,3324.0
6620.0,3660.0,3324.0
6620.0,3674.0,3324.0
6631.0,3674.0,3324.0
6631.0,3688.0,3324.0
6648.0,3688.0,3305.0
6648.0,3702.0,3305.0
6661.0,3702.0,3310.0
6661.0,3717.0,3310.0
6678.0,3717.0,3310.0
6678.0,3731.0,3310.0
6690.0,3731.0,3310.0
6690.0,3746.0,3310.0
6705.0,3746.0,3310.0
6705.0,3756.0,3310.0
6714.0,3756.0,3310.0
6714.0,3748.0,3310.0
6716.0,3748.0,3310.0
6716.0,3745.0,3310.0
6714.0,3745.0,3310.0
6714.0,3730.0,3310.0
6696.0,3730.0,3310.0
6696.0,3715.0,3310.0
6684.0,3715.0,3310.0
6684.0,3701.0,3310.0
6668.0,3701.0,3310.0
6668.0,3686.0,3310.0
6655.0,3686.0,3310.0
6655.0,3672.0,3310.0
6640.0,3672.0,3310.0
6640.0,3658.0,3310.0
6626.0,3658.0,3310.0
6626.0,3643.0,3310.0
6610.0,3643.0,3310.0
6610.0,3629.0,3310.0
6598.0,3629.0,3310.0
6598.0,3626.0,3310.0
6598.0,3626.0,3310.0
6598.0,3616.0,3310.0
6597.0,3616.0,3310.0
6597.0,3626.0,3310.0
6607.0,3626.0,3310.0
6607.0,3640.0,3310.0
6623.0,3640.0,3310.0
6623.0,3655.0,3310.0
6637.0,3655.0,3310.0
6637.0,3670.0,3310.0
6652.0,3670.0,3310.0
6652.0,3684.0,3310.0
6666.0,3684.0,3309.0
6666.0,3698.0,3309.0
6681.0,3698.0,3309.0
6681.0,3713.0,3309.0
6694.0,3713.0,3309.0
6694.0,3727.0,3309.0
6710.0,3727.0,3309.0
6710.0,3738.0,3309.0
6719.0,3738.0,3309.0
6719.0,3731.0,3309.0
6720.0,3731.0,3309.0
6720.0,3727.0,3309.0
6718.0,3727.0,3309.0
6718.0,3712.0,3309.0
6702.0,3712.0,3309.0
6702.0,3698.0,3309.0
6689.0,3698.0,3309.0
6689.0,3683.0,3309.0
6674.0,3683.0,3309.0
6674.0,3669.0,3309.0
6661.0,3669.0,3309.0
6661.0,3655.0,3309.0
6645.0,3655.0,3309.0
6645.0,3640.0,3309.0
6631.0,3640.0,3309.0
6631.0,3625.0,3309.0
6616.0,3625.0,3309.0
6616.0,3611.0,3309.0
6602.0,3611.0,3309.0
6602.0,3597.0,3309.0
6587.0,3597.0,3309.0
6587.0,3582.0,3309.0
6572.0,3582.0,3309.0
6572.0,3568.0,3309.0
6558.0,3568.0,3310.0
6558.0,3553.0,3310.0
6543.0,3553.0,3312.0
6543.0,3538.0,3312.0
6529.0,3538.0,3331.0
6529.0,3524.0,3331.0
6515.0,3524.0,3322.0
6515.0,3509.0,3322.0
6500.0,3509.0,3333.0
6500.0,3495.0,3333.0
6485.0,3495.0,3337.0
6485.0,3480.0,3337.0
6471.0,3480.0,3342.0
6471.0,3468.0,3342.0
6460.0,3468.0,3342.0
6460.0,3469.0,3342.0
6455.0,3469.0,3342.0
6455.0,3472.0,3342.0
6451.0,3472.0,3343.0
6451.0,3486.0,3343.0
6469.0,3486.0,3343.0
6469.0,3500.0,3343.0
6481.0,3500.0,3343.0
6481.0,3514.0,3343.0
6498.0,3514.0,3343.0
6498.0,3529.0,3343.0
6510.0,3529.0,3343.0
6510.0,3544.0,3343.0
6526.0,3544.0,3331.0
6526.0,3559.0,3331.0
6539.0,3559.0,3329.0
6539.0,3573.0,3329.0
6555.0,3573.0,3330.0
6555.0,3578.0,3330.0
6558.0,3578.0,3330.0
6558.0,3575.0,3330.0
6544.0,3575.0,3330.0
6544.0,3571.0,3330.0
6539.0,3571.0,3330.0
6539.0,3557.0,3330.0
6523.0,3557.0,3330.0
6523.0,3557.0,3330.0
6525.0,3557.0,3330.0
6525.0,3569.0,3330.0
6527.0,3569.0,3330.0
6527.0,3575.0,3330.0
6532.0,3575.0,3330.0
6532.0,3573.0,3330.0
6523.0,3573.0,3330.0
6523.0,3569.0,3330.0
6502.0,3569.0,3330.0
6502.0,3565.0,3330.0
6501.0,3565.0,3335.0
6501.0,3551.0,3335.0
6482.0,3551.0,3341.0
6482.0,3536.0,3341.0
6471.0,3536.0,3333.0
6471.0,3521.0,3333.0
6454.0,3521.0,3333.0
6454.0,3507.0,3333.0
6441.0,3507.0,3339.0
6441.0,3492.0,3339.0
6425.0,3492.0,3345.0
6425.0,3482.0,3345.0
6416.0,3482.0,3345.0
6416.0,3485.0,3345.0
6411.0,3485.0,3345.0
6411.0,3489.0,3345.0
6412.0,3489.0,3345.0
6412.0,3503.0,3345.0
6430.0,3503.0,3345.0
6430.0,3518.0,3345.0
6441.0,3518.0,3344.0
6441.0,3532.0,3344.0
6458.0,3532.0,3344.0
6458.0,3547.0,3344.0
6471.0,3547.0,3344.0
6471.0,3561.0,3344.0
6487.0,3561.0,3344.0
6487.0,3575.0,3344.0
6498.0,3575.0,3344.0
6498.0,3576.0,3344.0
6500.0,3576.0,3344.0
6500.0,3558.0,3344.0
6500.0,3558.0,3344.0
6500.0,3555.0,3344.0
6499.0,3555.0,3344.0
6499.0,3540.0,3344.0
6484.0,3540.0,3344.0
6484.0,3526.0,3344.0
6470.0,3526.0,3343.0
6470.0,3511.0,3343.0
6455.0,3511.0,3343.0
6455.0,3497.0,3343.0
6442.0,3497.0,3343.0
6442.0,3482.0,3343.0
6427.0,3482.0,3343.0
6427.0,3478.0,3343.0
6425.0,3478.0,3343.0
6425.0,3475.0,3343.0
6435.0,3475.0,3343.0
6435.0,3485.0,3343.0
6441.0,3485.0,3343.0
6441.0,3499.0,3343.0
6461.0,3499.0,3343.0
6461.0,3514.0,3343.0
6472.0,3514.0,3343.0
6472.0,3529.0,3343.0
6489.0,3529.0,3343.0
6489.0,3542.0,3343.0
6499.0,3542.0,3343.0
6499.0,3541.0,3343.0
6503.0,3541.0,3343.0
6503.0,3537.0,3343.0
6506.0,3537.0,3343.0
6506.0,3523.0,3343.0
6491.0,3523.0,3343.0
6491.0,3509.0,3343.0
6477.0,3509.0,3343.0
6477.0,3495.0,3343.0
6461.0,3495.0,3343.0
6461.0,3480.0,3343.0
6447.0,3480.0,3343.0
6447.0,3471.0,3343.0
6440.0,3471.0,3343.0
6440.0,3469.0,3343.0
6453.0,3469.0,3343.0
6453.0,3466.0,3343.0
6472.0,3466.0,3343.0
6472.0,3471.0,3343.0
6473.0,3471.0,3343.0
6473.0,3486.0,3343.0
6493.0,3486.0,3343.0
6493.0,3500.0,3343.0
6503.0,3500.0,3343.0
6503.0,3514.0,3343.0
6521.0,3514.0,3339.0
6521.0,3529.0,3339.0
6533.0,3529.0,3323.0
6533.0,3544.0,3323.0
6549.0,3544.0,3319.0
6549.0,3558.0,3319.0
6563.0,3558.0,3323.0
6563.0,3573.0,3323.0
6578.0,3573.0,3323.0
6578.0,3588.0,3323.0
6592.0,3588.0,3323.0
6592.0,3602.0,3323.0
6607.0,3602.0,3323.0
6607.0,3616.0,3323.0
6621.0,3616.0,3324.0
6621.0,3631.0,3324.0
6635.0,3631.0,3317.0
6635.0,3646.0,3317.0
6650.0,3646.0,3303.0
6650.0,3660.0,3303.0
6665.0,3660.0,3305.0
6679.0,3660.0,3305.0
6679.0,3674.0,3305.0
6679.0,3689.0,3305.0
6694.0,3689.0,3304.0
6694.0,3704.0,3304.0
6708.0,3704.0,3304.0
6708.0,3718.0,3304.0
6722.0,3718.0,3304.0
6722.0,3717.0,3304.0
6723.0,3717.0,3304.0
6723.0,3709.0,3304.0
6723.0,3709.0,3304.0
6723.0,3698.0,3304.0
6712.0,3698.0,3304.0
6712.0,3684.0,3304.0
6696.0,3684.0,3304.0
6696.0,3670.0,3304.0
6684.0,3670.0,3303.0
6684.0,3655.0,3303.0
6668.0,3655.0,3303.0
6668.0,3641.0,3303.0
6655.0,3641.0,3303.0
6655.0,3625.0,3303.0
6639.0,3625.0,3303.0
6639.0,3611.0,3303.0
6625.0,3611.0,3303.0
6625.0,3597.0,3303.0
6610.0,3597.0,3309.0
6610.0,3583.0,3309.0
6596.0,3583.0,3319.0
6596.0,3568.0,3319.0
6581.0,3568.0,3320.0
6581.0,3553.0,3320.0
6567.0,3553.0,3320.0
6567.0,3539.0,3320.0
6551.0,3539.0,3320.0
6551.0,3524.0,3320.0
6538.0,3524.0,3320.0
6538.0,3510.0,3320.0
6523.0,3510.0,3320.0
6523.0,3495.0,3320.0
6509.0,3495.0,3331.0
6509.0,3481.0,3331.0
6494.0,3481.0,3338.0
6494.0,3467.0,3338.0
6481.0,3467.0,3334.0
6481.0,3465.0,3334.0
6483.0,3465.0,3334.0
6483.0,3465.0,3334.0
6494.0,3465.0,3334.0
6501.0,3465.0,3334.0
6501.0,3476.0,3334.0
6520.0,3476.0,3334.0
6520.0,3490.0,3334.0
6520.0,3505.0,3334.0
6531.0,3505.0,3334.0
6531.0,3519.0,3334.0
6548.0,3519.0,3328.0
6548.0,3534.0,3328.0
6560.0,3534.0,3323.0
6560.0,3549.0,3323.0
6577.0,3549.0,3323.0
6577.0,3563.0,3323.0
6590.0,3563.0,3323.0
6590.0,3577.0,3323.0
6606.0,3577.0,3323.0
6606.0,3591.0,3323.0
6619.0,3591.0,3323.0
6619.0,3607.0,3323.0
6635.0,3607.0,3301.0
6635.0,3621.0,3301.0
6648.0,3621.0,3313.0
6648.0,3636.0,3313.0
6663.0,3636.0,3297.0
6663.0,3650.0,3297.0
6678.0,3650.0,3301.0
6678.0,3665.0,3301.0
6692.0,3665.0,3307.0
6692.0,3679.0,3307.0
6706.0,3679.0,3307.0
6706.0,3694.0,3307.0
6721.0,3694.0,3307.0
6721.0,3698.0,3307.0
6725.0,3698.0,3307.0
6725.0,3687.0,3307.0
6725.0,3687.0,3307.0
6725.0,3683.0,3307.0
6719.0,3683.0,3301.0
6719.0,3668.0,3301.0
6703.0,3668.0,3300.0
6703.0,3653.0,3300.0
6690.0,3653.0,3300.0
6690.0,3638.0,3300.0
6674.0,3638.0,3299.0
6674.0,3624.0,3299.0
6661.0,3624.0,3299.0
6661.0,3610.0,3299.0
6645.0,3610.0,3299.0
6645.0,3595.0,3299.0
6632.0,3595.0,3299.0
6632.0,3581.0,3299.0
6616.0,3581.0,3302.0
6616.0,3566.0,3302.0
6603.0,3566.0,3306.0
6603.0,3551.0,3306.0
6587.0,3551.0,3317.0
6587.0,3537.0,3317.0
6573.0,3537.0,3324.0
6573.0,3523.0,3324.0
6558.0,3523.0,3324.0
6558.0,3508.0,3324.0
6544.0,3508.0,3324.0
6544.0,3493.0,3324.0
6529.0,3493.0,3324.0
6529.0,3478.0,3324.0
6515.0,3478.0,3324.0
6515.0,3465.0,3324.0
6502.0,3465.0,3324.0
6502.0,3464.0,3324.0
6506.0,3464.0,3324.0
6506.0,3464.0,3324.0
6516.0,3464.0,3324.0
6516.0,3475.0,3324.0
6523.0,3475.0,3324.0
6523.0,3489.0,3324.0
6542.0,3489.0,3324.0
6542.0,3503.0,3324.0
6552.0,3503.0,3324.0
6552.0,3518.0,3324.0
6571.0,3518.0,3324.0
6571.0,3533.0,3324.0
6582.0,3533.0,3324.0
6582.0,3547.0,3324.0
6599.0,3547.0,3324.0
6599.0,3562.0,3324.0
6611.0,3562.0,3324.0
6628.0,3562.0,3306.0
6628.0,3577.0,3306.0
6628.0,3591.0,3306.0
6641.0,3591.0,3299.0
6656.0,3591.0,3299.0
6656.0,3606.0,3299.0
6656.0,3620.0,3299.0
6670.0,3620.0,3299.0
6685.0,3620.0,3299.0
6685.0,3635.0,3299.0
6699.0,3635.0,3299.0
6699.0,3649.0,3299.0
6714.0,3649.0,3299.0
6714.0,3664.0,3299.0
6714.0,3676.0,3299.0
6725.0,3676.0,3299.0
6725.0,3670.0,3299.0
6724.0,3670.0,3299.0
6724.0,3663.0,3299.0
6723.0,3663.0,3299.0
6723.0,3649.0,3299.0
6710.0,3649.0,3299.0
6710.0,3636.0,3299.0
6695.0,3636.0,3299.0
6695.0,3622.0,3299.0
6681.0,3622.0,3299.0
6681.0,3608.0,3299.0
6667.0,3608.0,3299.0
6667.0,3593.0,3299.0
6653.0,3593.0,3299.0
6653.0,3578.0,3299.0
6637.0,3578.0,3299.0
6637.0,3564.0,3299.0
6623.0,3564.0,3299.0
6623.0,3549.0,3299.0
6608.0,3549.0,3311.0
6608.0,3535.0,3311.0
6594.0,3535.0,3315.0
6594.0,3520.0,3315.0
6579.0,3520.0,3315.0
6579.0,3506.0,3315.0
6565.0,3506.0,3315.0
6565.0,3491.0,3315.0
6550.0,3491.0,3315.0
6550.0,3477.0,3315.0
6535.0,3477.0,3315.0
6535.0,3465.0,3315.0
6525.0,3465.0,3315.0
6525.0,3466.0,3315.0
6534.0,3466.0,3315.0
6534.0,3467.0,3315.0
6542.0,3467.0,3315.0
6542.0,3480.0,3315.0
6551.0,3480.0,3315.0
6551.0,3494.0,3315.0
6570.0,3494.0,3315.0
6570.0,3509.0,3315.0
6581.0,3509.0,3315.0
6581.0,3523.0,3315.0
6598.0,3523.0,3315.0
6598.0,3538.0,3315.0
6610.0,3538.0,3315.0
6610.0,3553.0,3315.0
6627.0,3553.0,3315.0
6627.0,3567.0,3315.0
6639.0,3567.0,3315.0
6639.0,3581.0,3315.0
6656.0,3581.0,3299.0
6656.0,3596.0,3299.0
6669.0,3596.0,3294.0
6669.0,3611.0,3294.0
6685.0,3611.0,3297.0
6685.0,3625.0,3297.0
6698.0,3625.0,3297.0
6698.0,3640.0,3297.0
6714.0,3640.0,3297.0
6714.0,3650.0,3297.0
6722.0,3650.0,3297.0
6722.0,3642.0,3297.0
6720.0,3642.0,3297.0
6720.0,3636.0,3297.0
6718.0,3636.0,3297.0
6718.0,3622.0,3297.0
6705.0,3622.0,3297.0
6705.0,3608.0,3297.0
6690.0,3608.0,3297.0
6690.0,3595.0,3297.0
6676.0,3595.0,3297.0
6676.0,3580.0,3297.0
6661.0,3580.0,3297.0
6661.0,3565.0,3297.0
6647.0,3565.0,3297.0
6647.0,3551.0,3297.0
6632.0,3551.0,3297.0
6632.0,3536.0,3297.0
6618.0,3536.0,3297.0
6618.0,3521.0,3297.0
6603.0,3521.0,3318.0
6603.0,3507.0,3318.0
6589.0,3507.0,3316.0
6589.0,3493.0,3316.0
6574.0,3493.0,3315.0
6574.0,3478.0,3315.0
6560.0,3478.0,3315.0
6560.0,3468.0,3315.0
6551.0,3468.0,3315.0
6551.0,3471.0,3315.0
6562.0,3471.0,3316.0
6562.0,3474.0,3316.0
6572.0,3474.0,3316.0
6572.0,3486.0,3316.0
6580.0,3486.0,3316.0
6580.0,3501.0,3316.0
6599.0,3501.0,3316.0
6599.0,3515.0,3316.0
6610.0,3515.0,3316.0
6610.0,3530.0,3316.0
6627.0,3530.0,3316.0
6627.0,3544.0,3316.0
6639.0,3544.0,3311.0
6639.0,3559.0,3311.0
6656.0,3559.0,3292.0
6656.0,3573.0,3292.0
6668.0,3573.0,3289.0
6668.0,3588.0,3289.0
6685.0,3588.0,3290.0
6685.0,3602.0,3290.0
6697.0,3602.0,3290.0
6697.0,3617.0,3290.0
6713.0,3617.0,3290.0
6713.0,3620.0,3290.0
6715.0,3620.0,3290.0
6715.0,3606.0,3290.0
6710.0,3606.0,3290.0
6710.0,3602.0,3290.0
6706.0,3602.0,3290.0
6706.0,3587.0,3290.0
6690.0,3587.0,3290.0
6690.0,3572.0,3290.0
6677.0,3572.0,3290.0
6677.0,3557.0,3290.0
6662.0,3557.0,3290.0
6662.0,3543.0,3290.0
6648.0,3543.0,3290.0
6648.0,3529.0,3290.0
6633.0,3529.0,3290.0
6633.0,3514.0,3290.0
6619.0,3514.0,3312.0
6619.0,3500.0,3312.0
6604.0,3500.0,3318.0
6604.0,3485.0,3318.0
6590.0,3485.0,3317.0
6590.0,3479.0,3317.0
6585.0,3479.0,3317.0
6585.0,3485.0,3317.0
6599.0,3485.0,3317.0
6599.0,3490.0,3317.0
6611.0,3490.0,3317.0
6611.0,3502.0,3317.0
6619.0,3502.0,3316.0
6619.0,3517.0,3316.0
6638.0,3517.0,3304.0
6638.0,3531.0,3304.0
6648.0,3531.0,3293.0
6648.0,3545.0,3293.0
6666.0,3545.0,3291.0
6666.0,3560.0,3291.0
6678.0,3560.0,3291.0
6678.0,3575.0,3291.0
6695.0,3575.0,3291.0
6695.0,3581.0,3291.0
6699.0,3581.0,3291.0
6699.0,3569.0,3291.0
6690.0,3569.0,3291.0
6690.0,3550.0,3291.0
6676.0,3550.0,3291.0
6676.0,3542.0,3291.0
6671.0,3542.0,3291.0
6671.0,3527.0,3291.0
6653.0,3527.0,3291.0
6653.0,3513.0,3291.0
6643.0,3513.0,3291.0
6643.0,3511.0,3291.0
6639.0,3511.0,3329.0
6639.0,3511.0,3329.0
6640.0,3511.0,3355.0
6640.0,3511.0,3355.0
6639.0,3511.0,3417.0
6639.0,3511.0,3417.0
6640.0,3511.0,3490.0
6640.0,3511.0,3490.0
6640.0,3511.0,3564.0
6640.0,3511.0,3564.0
6640.0,3511.0,3651.0
6640.0,3511.0,3651.0
6639.0,3511.0,3745.0
6639.0,3512.0,3745.0
6639.0,3512.0,3753.0
6639.0,3533.0,3753.0
6632.0,3533.0,3761.0
6632.0,3577.0,3761.0
6616.0,3577.0,3762.0
6616.0,3642.0,3762.0
6593.0,3642.0,3766.0
6593.0,3720.0,3766.0
6565.0,3720.0,3791.0
6565.0,3797.0,3791.0
6539.0,3797.0,3795.0
6539.0,3858.0,3795.0
6520.0,3858.0,3789.0
6520.0,3895.0,3789.0
6508.0,3895.0,3817.0
6508.0,3912.0,3817.0
6503.0,3912.0,3805.0
6503.0,3912.0,3805.0
6497.0,3912.0,3802.0
6497.0,3911.0,3802.0
6477.0,3911.0,3811.0
6477.0,3909.0,3811.0
6465.0,3909.0,3825.0
6465.0,3906.0,3825.0
6446.0,3906.0,3822.0
6446.0,3902.0,3822.0
6434.0,3902.0,3822.0
6434.0,3897.0,3822.0
6416.0,3897.0,3822.0
6416.0,3890.0,3822.0
6403.0,3890.0,3822.0
6403.0,3880.0,3822.0
6384.0,3880.0,3843.0
6384.0,3870.0,3843.0
6370.0,3870.0,3841.0
6370.0,3860.0,3841.0
6355.0,3860.0,3840.0
6355.0,3848.0,3840.0
6344.0,3848.0,3839.0
6344.0,3833.0,3839.0
6330.0,3833.0,3839.0
6330.0,3822.0,3839.0
6322.0,3822.0,3838.0
6322.0,3807.0,3838.0
6312.0,3807.0,3838.0
6312.0,3791.0,3838.0
6303.0,3791.0,3838.0
6303.0,3776.0,3838.0
6295.0,3776.0,3838.0
6295.0,3758.0,3838.0
6290.0,3758.0,3838.0
6290.0,3746.0,3838.0
6286.0,3746.0,3838.0
6286.0,3725.0,3838.0
6283.0,3725.0,3838.0
6283.0,3710.0,3838.0
6280.0,3710.0,3838.0
6280.0,3696.0,3838.0
6279.0,3696.0,3838.0
6279.0,3677.0,3838.0
6279.0,3677.0,3838.0
6279.0,3659.0,3838.0
6280.0,3659.0,3838.0
6280.0,3644.0,3838.0
6283.0,3644.0,3838.0
6283.0,3626.0,3838.0
6285.0,3626.0,3838.0
6285.0,3614.0,3838.0
6290.0,3614.0,3838.0
6290.0,3597.0,3838.0
6297.0,3597.0,3838.0
6297.0,3581.0,3838.0
6303.0,3581.0,3838.0
6303.0,3565.0,3838.0
6312.0,3565.0,3838.0
6312.0,3553.0,3838.0
6322.0,3553.0,3838.0
6322.0,3540.0,3838.0
6334.0,3540.0,3838.0
6334.0,3524.0,3838.0
6346.0,3524.0,3819.0
6346.0,3512.0,3819.0
6359.0,3512.0,3823.0
6374.0,3512.0,3826.0
6374.0,3502.0,3826.0
6374.0,3495.0,3826.0
6385.0,3495.0,3826.0
6385.0,3483.0,3826.0
6403.0,3483.0,3822.0
6403.0,3476.0,3822.0
6418.0,3476.0,3807.0
6418.0,3472.0,3807.0
6433.0,3472.0,3802.0
6433.0,3468.0,3802.0
6449.0,3468.0,3802.0
6449.0,3464.0,3802.0
6463.0,3464.0,3802.0
6463.0,3461.0,3802.0
6481.0,3461.0,3802.0
6481.0,3460.0,3802.0
6497.0,3460.0,3802.0
6497.0,3460.0,3802.0
6513.0,3460.0,3802.0
6513.0,3462.0,3802.0
6530.0,3462.0,3785.0
6530.0,3464.0,3785.0
6545.0,3464.0,3778.0
6545.0,3467.0,3778.0
6560.0,3467.0,3776.0
6576.0,3467.0,3776.0
6576.0,3471.0,3776.0
6576.0,3477.0,3776.0
6591.0,3477.0,3777.0
6591.0,3484.0,3777.0
6609.0,3484.0,3777.0
6609.0,3493.0,3777.0
6620.0,3493.0,3777.0
6620.0,3503.0,3777.0
6638.0,3503.0,3754.0
6638.0,3511.0,3754.0
6647.0,3511.0,3756.0
6647.0,3526.0,3756.0
6665.0,3526.0,3757.0
6665.0,3541.0,3757.0
6676.0,3541.0,3757.0
6676.0,3552.0,3757.0
6687.0,3552.0,3758.0
6687.0,3566.0,3758.0
6694.0,3566.0,3758.0
6705.0,3566.0,3758.0
6705.0,3585.0,3758.0
6705.0,3600.0,3758.0
6712.0,3600.0,3758.0
6712.0,3616.0,3758.0
6719.0,3616.0,3758.0
6719.0,3629.0,3758.0
6722.0,3629.0,3758.0
6722.0,3648.0,3758.0
6725.0,3648.0,3758.0
6725.0,3666.0,3758.0
6727.0,3666.0,3758.0
6727.0,3680.0,3758.0
6728.0,3680.0,3758.0
6728.0,3701.0,3758.0
6728.0,3701.0,3758.0
6728.0,3716.0,3758.0
6727.0,3716.0,3758.0
6727.0,3732.0,3758.0
6724.0,3732.0,3758.0
6720.0,3732.0,3758.0
6720.0,3750.0,3758.0
6720.0,3765.0,3758.0
6715.0,3765.0,3758.0
6715.0,3781.0,3758.0
6707.0,3781.0,3758.0
6700.0,3781.0,3758.0
6700.0,3794.0,3758.0
6700.0,3810.0,3758.0
6691.0,3810.0,3759.0
6691.0,3827.0,3759.0
6683.0,3827.0,3759.0
6683.0,3838.0,3759.0
6670.0,3838.0,3766.0
6670.0,3851.0,3766.0
6655.0,3851.0,3779.0
6655.0,3864.0,3779.0
6643.0,3864.0,3777.0
6643.0,3875.0,3777.0
6627.0,3875.0,3777.0
6627.0,3884.0,3777.0
6610.0,3884.0,3777.0
6610.0,3892.0,3777.0
6597.0,3892.0,3777.0
6597.0,3899.0,3777.0
6579.0,3899.0,3801.0
6579.0,3904.0,3801.0
6566.0,3904.0,3800.0
6566.0,3907.0,3800.0
6547.0,3907.0,3800.0
6547.0,3909.0,3800.0
6534.0,3909.0,3800.0
6534.0,3912.0,3800.0
6515.0,3912.0,3800.0
6515.0,3912.0,3800.0
6503.0,3912.0,3800.0
6503.0,3917.0,3800.0
6505.0,3917.0,3800.0
6505.0,3921.0,3800.0
6508.0,3921.0,3800.0
6508.0,3921.0,3800.0
6526.0,3921.0,3800.0
6526.0,3919.0,3800.0
6540.0,3919.0,3800.0
6540.0,3916.0,3800.0
6557.0,3916.0,3800.0
6557.0,3912.0,3800.0
6571.0,3912.0,3800.0
6571.0,3906.0,3800.0
6587.0,3906.0,3800.0
6587.0,3899.0,3800.0
6602.0,3899.0,3793.0
6602.0,3892.0,3793.0
6618.0,3892.0,3777.0
6618.0,3883.0,3777.0
6634.0,3883.0,3779.0
6634.0,3874.0,3779.0
6647.0,3874.0,3768.0
6647.0,3859.0,3768.0
6662.0,3859.0,3769.0
6662.0,3848.0,3769.0
6673.0,3848.0,3769.0
6673.0,3835.0,3769.0
6686.0,3835.0,3770.0
6686.0,3822.0,3770.0
6695.0,3822.0,3770.0
6695.0,3807.0,3770.0
6705.0,3807.0,3754.0
6705.0,3792.0,3754.0
6711.0,3792.0,3759.0
6711.0,3777.0,3759.0
6719.0,3777.0,3760.0
6719.0,3760.0,3760.0
6725.0,3760.0,3760.0
6725.0,3743.0,3760.0
6730.0,3743.0,3760.0
6730.0,3727.0,3760.0
6733.0,3727.0,3760.0
6735.0,3727.0,3760.0
6735.0,3714.0,3760.0
6736.0,3714.0,3760.0
6736.0,3691.0,3760.0
6736.0,3691.0,3754.0
6736.0,3673.0,3754.0
6735.0,3673.0,3747.0
6735.0,3659.0,3747.0
6735.0,3643.0,3747.0
6733.0,3643.0,3747.0
6733.0,3627.0,3747.0
6729.0,3627.0,3747.0
6729.0,3611.0,3747.0
6724.0,3611.0,3747.0
6724.0,3597.0,3747.0
6719.0,3597.0,3747.0
6719.0,3576.0,3747.0
6710.0,3576.0,3747.0
6710.0,3566.0,3747.0
6703.0,3566.0,3747.0
6703.0,3552.0,3747.0
6693.0,3552.0,3747.0
6693.0,3537.0,3747.0
6683.0,3537.0,3747.0
6683.0,3523.0,3747.0
6671.0,3523.0,3747.0
6671.0,3513.0,3747.0
6658.0,3513.0,3747.0
6658.0,3499.0,3747.0
6641.0,3499.0,3767.0
6641.0,3489.0,3767.0
6630.0,3489.0,3756.0
6630.0,3480.0,3756.0
6611.0,3480.0,3774.0
6611.0,3474.0,3774.0
6600.0,3474.0,3769.0
6600.0,3466.0,3769.0
6579.0,3466.0,3769.0
6579.0,3461.0,3769.0
6566.0,3461.0,3769.0
6566.0,3456.0,3769.0
6545.0,3456.0,3769.0
6545.0,3454.0,3769.0
6531.0,3454.0,3770.0
6531.0,3452.0,3770.0
6515.0,3452.0,3799.0
6515.0,3452.0,3799.0
6495.0,3452.0,3786.0
6495.0,3452.0,3786.0
6482.0,3452.0,3781.0
6482.0,3455.0,3781.0
6462.0,3455.0,3783.0
6462.0,3458.0,3783.0
6450.0,3458.0,3788.0
6450.0,3463.0,3788.0
6427.0,3463.0,3800.0
6427.0,3467.0,3800.0
6416.0,3467.0,3805.0
6416.0,3475.0,3805.0
6397.0,3475.0,3805.0
6397.0,3485.0,3805.0
6383.0,3485.0,3805.0
6383.0,3493.0,3805.0
6369.0,3493.0,3805.0
6369.0,3502.0,3805.0
6355.0,3502.0,3820.0
6355.0,3515.0,3820.0
6340.0,3515.0,3831.0
6340.0,3531.0,3831.0
6326.0,3531.0,3832.0
6326.0,3545.0,3832.0
6315.0,3545.0,3832.0
6315.0,3561.0,3832.0
6305.0,3561.0,3832.0
6305.0,3573.0,3832.0
6297.0,3573.0,3832.0
6290.0,3573.0,3832.0
6290.0,3591.0,3832.0
6290.0,3603.0,3832.0
6284.0,3603.0,3832.0
6284.0,3620.0,3832.0
6279.0,3620.0,3832.0
6279.0,3637.0,3832.0
6275.0,3637.0,3853.0
6275.0,3651.0,3853.0
6272.0,3651.0,3847.0
6272.0,3666.0,3847.0
6271.0,3666.0,3847.0
6271.0,3683.0,3847.0
6270.0,3683.0,3847.0
6270.0,3700.0,3847.0
6270.0,3700.0,3847.0
6270.0,3718.0,3847.0
6271.0,3718.0,3847.0
6271.0,3732.0,3847.0
6274.0,3732.0,3847.0
6274.0,3752.0,3847.0
6278.0,3752.0,3847.0
6278.0,3767.0,3847.0
6283.0,3767.0,3847.0
6283.0,3780.0,3847.0
6289.0,3780.0,3847.0
6289.0,3798.0,3847.0
6297.0,3798.0,3847.0
6297.0,3812.0,3847.0
6306.0,3812.0,3847.0
6306.0,3829.0,3847.0
6316.0,3829.0,3847.0
6316.0,3840.0,3847.0
6326.0,3840.0,3847.0
6326.0,3853.0,3847.0
6339.0,3853.0,3847.0
6339.0,3867.0,3847.0
6352.0,3867.0,3847.0
6352.0,3879.0,3847.0
6369.0,3879.0,3847.0
6369.0,3887.0,3847.0
6382.0,3887.0,3847.0
6382.0,3895.0,3847.0
6396.0,3895.0,3832.0
6396.0,3903.0,3832.0
6415.0,3903.0,3823.0
6415.0,3908.0,3823.0
6430.0,3908.0,3822.0
6430.0,3914.0,3822.0
6447.0,3914.0,3822.0
6447.0,3918.0,3822.0
6462.0,3918.0,3822.0
6462.0,3920.0,3822.0
6479.0,3920.0,3823.0
6479.0,3921.0,3823.0
6492.0,3921.0,3823.0
6492.0,3921.0,3823.0
6507.0,3921.0,3805.0
6507.0,3929.0,3805.0
6505.0,3929.0,3802.0
6505.0,3930.0,3802.0
6512.0,3930.0,3803.0
6512.0,3929.0,3803.0
6528.0,3929.0,3803.0
6528.0,3927.0,3803.0
6542.0,3927.0,3803.0
6542.0,3924.0,3803.0
6559.0,3924.0,3803.0
6559.0,3920.0,3803.0
6574.0,3920.0,3803.0
6574.0,3914.0,3803.0
6590.0,3914.0,3803.0
6590.0,3907.0,3803.0
6605.0,3907.0,3787.0
6605.0,3899.0,3787.0
6622.0,3899.0,3781.0
6622.0,3891.0,3781.0
6635.0,3891.0,3781.0
6635.0,3880.0,3781.0
6653.0,3880.0,3781.0
6653.0,3869.0,3781.0
6665.0,3869.0,3781.0
6665.0,3858.0,3781.0
6676.0,3858.0,3780.0
6676.0,3844.0,3780.0
6688.0,3844.0,3772.0
6688.0,3832.0,3772.0
6698.0,3832.0,3753.0
6698.0,3816.0,3753.0
6708.0,3816.0,3762.0
6708.0,3802.0,3762.0
6716.0,3802.0,3755.0
6716.0,3787.0,3755.0
6723.0,3787.0,3760.0
6723.0,3773.0,3760.0
6730.0,3773.0,3759.0
6730.0,3756.0,3759.0
6735.0,3756.0,3758.0
6735.0,3739.0,3758.0
6740.0,3739.0,3758.0
6740.0,3720.0,3758.0
6742.0,3720.0,3758.0
6744.0,3720.0,3758.0
6744.0,3705.0,3758.0
6744.0,3705.0,3754.0
6744.0,3688.0,3754.0
6744.0,3688.0,3751.0
6744.0,3672.0,3751.0
6743.0,3672.0,3751.0
6743.0,3655.0,3751.0
6743.0,3639.0,3751.0
6740.0,3639.0,3751.0
6740.0,3622.0,3751.0
6736.0,3622.0,3751.0
6736.0,3607.0,3751.0
6731.0,3607.0,3751.0
6731.0,3591.0,3751.0
6726.0,3591.0,3751.0
6726.0,3572.0,3751.0
6717.0,3572.0,3751.0
6711.0,3572.0,3751.0
6711.0,3562.0,3751.0
6699.0,3562.0,3751.0
6699.0,3547.0,3751.0
6699.0,3532.0,3751.0
6690.0,3532.0,3751.0
6690.0,3521.0,3751.0
6679.0,3521.0,3751.0
6679.0,3509.0,3751.0
6665.0,3509.0,3751.0
6665.0,3496.0,3751.0
6652.0,3496.0,3751.0
6652.0,3487.0,3751.0
6639.0,3487.0,3751.0
6639.0,3477.0,3751.0
6624.0,3477.0,3756.0
6624.0,3468.0,3756.0
6608.0,3468.0,3778.0
6608.0,3461.0,3778.0
6593.0,3461.0,3768.0
6593.0,3456.0,3768.0
6577.0,3456.0,3766.0
6577.0,3452.0,3766.0
6561.0,3452.0,3766.0
6561.0,3448.0,3766.0
6542.0,3448.0,3766.0
6542.0,3445.0,3766.0
6526.0,3445.0,3787.0
6526.0,3444.0,3787.0
6511.0,3444.0,3794.0
6511.0,3444.0,3794.0
6491.0,3444.0,3788.0
6477.0,3444.0,3787.0
6477.0,3444.0,3787.0
6477.0,3446.0,3787.0
6459.0,3446.0,3787.0
6459.0,3450.0,3787.0
6443.0,3450.0,3787.0
6443.0,3454.0,3787.0
6428.0,3454.0,3806.0
6428.0,3460.0,3806.0
6411.0,3460.0,3808.0
6411.0,3467.0,3808.0
6396.0,3467.0,3817.0
6379.0,3467.0,3812.0
6379.0,3476.0,3812.0
6379.0,3485.0,3812.0
6367.0,3485.0,3812.0
6367.0,3494.0,3812.0
6353.0,3494.0,3812.0
6353.0,3505.0,3812.0
6339.0,3505.0,3832.0
6339.0,3517.0,3832.0
6327.0,3517.0,3822.0
6327.0,3534.0,3822.0
6312.0,3534.0,3845.0
6312.0,3548.0,3845.0
6304.0,3548.0,3843.0
6304.0,3562.0,3843.0
6293.0,3562.0,3843.0
6293.0,3576.0,3843.0
6288.0,3576.0,3843.0
6288.0,3592.0,3843.0
6278.0,3592.0,3843.0
6278.0,3608.0,3843.0
6274.0,3608.0,3843.0
6274.0,3619.0,3843.0
6269.0,3619.0,3843.0
6269.0,3638.0,3843.0
6267.0,3638.0,3843.0
6267.0,3653.0,3843.0
6263.0,3653.0,3843.0
6263.0,3672.0,3843.0
6262.0,3672.0,3856.0
6262.0,3686.0,3856.0
6261.0,3686.0,3850.0
6261.0,3704.0,3850.0
6261.0,3704.0,3844.0
6261.0,3722.0,3844.0
6263.0,3722.0,3845.0
6263.0,3738.0,3845.0
6266.0,3738.0,3845.0
6266.0,3755.0,3845.0
6270.0,3755.0,3845.0
6270.0,3769.0,3845.0
6275.0,3769.0,3845.0
6275.0,3785.0,3845.0
6283.0,3785.0,3845.0
6283.0,3801.0,3845.0
6289.0,3801.0,3845.0
6289.0,3817.0,3845.0
6298.0,3817.0,3845.0
6298.0,3834.0,3845.0
6309.0,3834.0,3845.0
6309.0,3843.0,3845.0
6317.0,3843.0,3845.0
6317.0,3857.0,3845.0
6331.0,3857.0,3845.0
6331.0,3871.0,3845.0
6343.0,3871.0,3845.0
6343.0,3882.0,3845.0
6358.0,3882.0,3845.0
6358.0,3891.0,3845.0
6372.0,3891.0,3845.0
6372.0,3899.0,3845.0
6386.0,3899.0,3845.0
6386.0,3908.0,3845.0
6403.0,3908.0,3830.0
6403.0,3915.0,3830.0
6417.0,3915.0,3834.0
6417.0,3920.0,3834.0
6436.0,3920.0,3822.0
6436.0,3924.0,3822.0
6449.0,3924.0,3808.0
6449.0,3927.0,3808.0
6468.0,3927.0,3813.0
6468.0,3929.0,3813.0
6481.0,3929.0,3814.0
6481.0,3929.0,3814.0
6499.0,3929.0,3814.0
6499.0,3930.0,3814.0
6507.0,3930.0,3814.0
6507.0,3929.0,3814.0
6508.0,3929.0,3814.0
6508.0,3917.0,3814.0
6508.0,3917.0,3814.0
6508.0,3909.0,3814.0
6505.0,3909.0,3814.0
6500.0,3909.0,3813.0
6500.0,3905.0,3813.0
6500.0,3903.0,3813.0
6484.0,3903.0,3813.0
6484.0,3902.0,3813.0
6466.0,3902.0,3813.0
6466.0,3899.0,3813.0
6455.0,3899.0,3813.0
6455.0,3896.0,3813.0
6438.0,3896.0,3813.0
6438.0,3890.0,3813.0
6424.0,3890.0,3815.0
6424.0,3883.0,3815.0
6405.0,3883.0,3829.0
6405.0,3874.0,3829.0
6392.0,3874.0,3832.0
6392.0,3863.0,3832.0
6371.0,3863.0,3832.0
6371.0,3855.0,3832.0
6365.0,3855.0,3832.0
6365.0,3842.0,3832.0
6349.0,3842.0,3831.0
6349.0,3828.0,3831.0
6339.0,3828.0,3831.0
6339.0,3818.0,3831.0
6328.0,3818.0,3831.0
6328.0,3803.0,3831.0
6319.0,3803.0,3834.0
6319.0,3789.0,3834.0
6311.0,3789.0,3842.0
6311.0,3773.0,3842.0
6304.0,3773.0,3843.0
6304.0,3756.0,3843.0
6297.0,3756.0,3843.0
6297.0,3745.0,3843.0
6295.0,3745.0,3843.0
6295.0,3725.0,3843.0
6291.0,3725.0,3843.0
6291.0,3709.0,3843.0
6288.0,3709.0,3843.0
6288.0,3695.0,3843.0
6287.0,3695.0,3843.0
6287.0,3676.0,3843.0
6287.0,3676.0,3843.0
6287.0,3660.0,3843.0
6289.0,3660.0,3843.0
6289.0,3645.0,3843.0
6291.0,3645.0,3843.0
6291.0,3627.0,3843.0
6294.0,3627.0,3843.0
6294.0,3614.0,3843.0
6299.0,3614.0,3843.0
6299.0,3599.0,3843.0
6306.0,3599.0,3843.0
6306.0,3582.0,3843.0
6314.0,3582.0,3843.0
6314.0,3566.0,3843.0
6323.0,3566.0,3843.0
6323.0,3551.0,3843.0
6333.0,3551.0,3841.0
6333.0,3539.0,3841.0
6344.0,3539.0,3824.0
6344.0,3528.0,3824.0
6355.0,3528.0,3829.0
6355.0,3516.0,3829.0
6367.0,3516.0,3811.0
6367.0,3507.0,3811.0
6380.0,3507.0,3815.0
6380.0,3500.0,3815.0
6393.0,3500.0,3815.0
6393.0,3490.0,3815.0
6410.0,3490.0,3815.0
6410.0,3483.0,3815.0
6425.0,3483.0,3815.0
6425.0,3477.0,3815.0
6443.0,3477.0,3790.0
6443.0,3474.0,3790.0
6455.0,3474.0,3800.0
6455.0,3471.0,3800.0
6472.0,3471.0,3803.0
6472.0,3469.0,3803.0
6488.0,3469.0,3803.0
6488.0,3468.0,3803.0
6507.0,3468.0,3803.0
6507.0,3469.0,3803.0
6526.0,3469.0,3794.0
6526.0,3471.0,3794.0
6542.0,3471.0,3775.0
6542.0,3474.0,3775.0
6554.0,3474.0,3780.0
6554.0,3478.0,3780.0
6572.0,3478.0,3784.0
6572.0,3483.0,3784.0
6583.0,3483.0,3782.0
6583.0,3491.0,3782.0
6602.0,3491.0,3782.0
6602.0,3498.0,3782.0
6614.0,3498.0,3776.0
6614.0,3507.0,3776.0
6631.0,3507.0,3767.0
6631.0,3516.0,3767.0
6639.0,3516.0,3765.0
6639.0,3527.0,3765.0
6654.0,3527.0,3765.0
6654.0,3539.0,3765.0
6665.0,3539.0,3755.0
6665.0,3552.0,3755.0
6676.0,3552.0,3749.0
6676.0,3567.0,3749.0
6684.0,3567.0,3760.0
6684.0,3580.0,3760.0
6694.0,3580.0,3756.0
6694.0,3595.0,3756.0
6702.0,3595.0,3756.0
6702.0,3612.0,3756.0
6708.0,3612.0,3756.0
6708.0,3628.0,3756.0
6713.0,3628.0,3756.0
6713.0,3646.0,3756.0
6716.0,3646.0,3756.0
6716.0,3656.0,3756.0
6719.0,3656.0,3756.0
6720.0,3656.0,3756.0
6720.0,3675.0,3756.0
6720.0,3693.0,3756.0
6720.0,3693.0,3757.0
6720.0,3711.0,3757.0
6719.0,3711.0,3757.0
6719.0,3726.0,3757.0
6717.0,3726.0,3757.0
6717.0,3742.0,3757.0
6714.0,3742.0,3757.0
6714.0,3755.0,3757.0
6710.0,3755.0,3757.0
6710.0,3769.0,3757.0
6704.0,3769.0,3757.0
6697.0,3769.0,3757.0
6697.0,3784.0,3757.0
6697.0,3802.0,3757.0
6688.0,3802.0,3757.0
6688.0,3815.0,3757.0
6679.0,3815.0,3762.0
6679.0,3825.0,3762.0
6670.0,3825.0,3774.0
6670.0,3840.0,3774.0
6656.0,3840.0,3777.0
6656.0,3854.0,3777.0
6643.0,3854.0,3777.0
6643.0,3861.0,3777.0
6631.0,3861.0,3777.0
6631.0,3873.0,3777.0
6614.0,3873.0,3777.0
6614.0,3880.0,3777.0
6601.0,3880.0,3777.0
6601.0,3888.0,3777.0
6583.0,3888.0,3795.0
6583.0,3894.0,3795.0
6566.0,3894.0,3802.0
6566.0,3898.0,3802.0
6553.0,3898.0,3802.0
6553.0,3901.0,3802.0
6536.0,3901.0,3802.0
6536.0,3903.0,3802.0
6523.0,3903.0,3802.0
6523.0,3904.0,3802.0
6505.0,3904.0,3802.0
6505.0,3904.0,3802.0
6501.0,3904.0,3802.0
6501.0,3904.0,3802.0
6498.0,3904.0,3802.0
6498.0,3904.0,3802.0
6499.0,3904.0,3802.0
6499.0,3904.0,3802.0
6499.0,3904.0,3802.0
6499.0,3904.0,3802.0
6499.0,3904.0,3802.0
6499.0,3904.0,3802.0
6499.0,3904.0,3802.0
6499.0,3904.0,3802.0
6499.0,3904.0,3802.0
6499.0,3904.0,3802.0
6499.0,3904.0,3802.0
6499.0,3904.0,3802.0
6499.0,3904.0,3802.0
6499.0,3904.0,3802.0
6499.0,3904.0,3802.0
6499.0,3904.0,3802.0
6499.0,3904.0,3802.0
6499.0,3904.0,3802.0
6499.0,3904.0,3802.0
6499.0,3904.0,3802.0
6499.0,3904.0,3802.0
6499.0,3904.0,3802.0
6499.0,3904.0,3802.0
6499.0,3904.0,3802.0
6499.0,3904.0,3802.0
6499.0,3904.0,3802.0
6499.0,3904.0,3802.0
6499.0,3904.0,3802.0
6499.0,3904.0,3802.0
6499.0,3904.0,3802.0
6499.0,3904.0,3802.0
6499.0,3904.0,3802.0
6499.0,3904.0,3802.0
6499.0,3904.0,3802.0
6499.0,3904.0,3802.0
6499.0,3904.0,3802.0
6499.0,3904.0,3802.0
6499.0,3904.0,3802.0
6499.0,3904.0,3802.0
6499.0,3904.0,3802.0
6499.0,3904.0,3802.0
6499.0,3904.0,3802.0
6499.0,3904.0,3802.0
6499.0,3904.0,3802.0
6499.0,3904.0,3802.0
6499.0,3904.0,3802.0
6499.0,3904.0,3802.0
6499.0,3904.0,3802.0
6499.0,3904.0,3802.0
6499.0,3904.0,3802.0
6499.0,3904.0,3802.0
6499.0,3904.0,3802.0
6499.0,3904.0,3802.0
6499.0,3904.0,3802.0
6499.0,3904.0,3802.0
6499.0,3904.0,3802.0
6499.0,3904.0,3802.0
6499.0,3904.0,3802.0
6499.0,3904.0,3802.0
6499.0,3904.0,3802.0
6499.0,3904.0,3802.0
6499.0,3904.0,3802.0
6499.0,3904.0,3802.0
6499.0,3904.0,3802.0
6499.0,3904.0,3802.0
6499.0,3904.0,3802.0
6499.0,3904.0,3802.0
6499.0,3904.0,3802.0
6499.0,3904.0,3802.0
6499.0,3904.0,3802.0
6499.0,3904.0,3802.0
6499.0,3904.0,3802.0
6499.0,3904.0,3802.0
6499.0,3904.0,3802.0
6499.0,3904.0,3802.0
6499.0,3904.0,3802.0
6499.0,3904.0,3802.0
6499.0,3904.0,3802.0
6499.0,3904.0,3802.0
6499.0,3904.0,3802.0
6499.0,3904.0,3802.0
6499.0,3904.0,3802.0
6499.0,3904.0,3802.0
6499.0,3904.0,3802.0
6499.0,3904.0,3802.0
6499.0,3904.0,3802.0
6499.0,3904.0,3802.0
6499.0,3918.0,3802.0
6499.0,3918.0,3802.0
6499.0,3907.0,3802.0
6498.0,3907.0,3802.0
6498.0,3886.0,3802.0
6495.0,3886.0,3802.0
6495.0,3870.0,3802.0
6494.0,3870.0,3802.0
6494.0,3858.0,3802.0
6493.0,3858.0,3802.0
6493.0,3841.0,3802.0
6490.0,3841.0,3802.0
6490.0,3833.0,3802.0
6491.0,3833.0,3802.0
6491.0,3809.0,3802.0
6496.0,3809.0,3802.0
6496.0,3807.0,3802.0
6496.0,3807.0,3802.0
6496.0,3807.0,3802.0
6495.0,3807.0,3802.0
6495.0,3807.0,3802.0
6495.0,3807.0,3802.0
6495.0,3807.0,3802.0
6495.0,3807.0,3802.0
6495.0,3807.0,3802.0
6495.0,3807.0,3802.0
6495.0,3807.0,3802.0
6496.0,3807.0,3802.0
6496.0,3807.0,3802.0
6496.0,3807.0,3802.0
6496.0,3807.0,3802.0
6496.0,3807.0,3802.0
6496.0,3807.0,3802.0
6496.0,3807.0,3802.0
6496.0,3807.0,3802.0
6496.0,3807.0,3802.0
6496.0,3807.0,3802.0
6496.0,3807.0,3802.0
6496.0,3807.0,3802.0
6496.0,3807.0,3802.0
6496.0,3807.0,3802.0
6496.0,3807.0,3802.0
6496.0,3807.0,3802.0
6496.0,3807.0,3802.0
6496.0,3807.0,3802.0
6496.0,3807.0,3802.0
6496.0,3807.0,3802.0
6496.0,3807.0,3802.0
6496.0,3807.0,3802.0
6496.0,3807.0,3802.0
6496.0,3807.0,3802.0
6496.0,3807.0,3802.0
6496.0,3807.0,3802.0
6496.0,3807.0,3802.0
6496.0,3807.0,3802.0
6496.0,3807.0,3802.0
6496.0,3807.0,3802.0
6496.0,3807.0,3802.0
6496.0,3807.0,3802.0
6496.0,3807.0,3802.0
6496.0,3806.0,3802.0
6496.0,3806.0,3802.0
6496.0,3806.0,3802.0
6496.0,3806.0,3802.0
6496.0,3806.0,3802.0
6496.0,3806.0,3802.0
6496.0,3806.0,3802.0
6496.0,3806.0,3802.0
6496.0,3806.0,3802.0
6496.0,3806.0,3802.0
6496.0,3806.0,3802.0
6496.0,3806.0,3802.0
6496.0,3806.0,3802.0
6496.0,3806.0,3802.0
6496.0,3806.0,3802.0
6496.0,3806.0,3802.0
6496.0,3806.0,3802.0
6496.0,3806.0,3802.0
6496.0,3806.0,3802.0
6496.0,3806.0,3802.0
6496.0,3806.0,3802.0
6496.0,3806.0,3802.0
6496.0,3806.0,3802.0
6496.0,3806.0,3802.0
6496.0,3806.0,3802.0
6496.0,3806.0,3802.0
6496.0,3806.0,3802.0
6496.0,3806.0,3802.0
6496.0,3806.0,3802.0
6496.0,3806.0,3802.0
6496.0,3806.0,3802.0
6496.0,3806.0,3802.0
6496.0,3806.0,3802.0
6497.0,3806.0,3802.0
6497.0,3806.0,3802.0
6497.0,3806.0,3802.0
6497.0,3806.0,3802.0
6497.0,3806.0,3802.0
6497.0,3806.0,3802.0
6497.0,3806.0,3802.0
6497.0,3806.0,3802.0
6497.0,3806.0,3802.0
6497.0,3806.0,3802.0
6497.0,3806.0,3802.0
6497.0,3806.0,3802.0
6497.0,3806.0,3802.0
6497.0,3803.0,3802.0
6499.0,3803.0,3802.0
6499.0,3797.0,3802.0
6498.0,3797.0,3802.0
6498.0,3779.0,3802.0
6480.0,3779.0,3802.0
6480.0,3754.0,3802.0
6452.0,3754.0,3804.0
6452.0,3744.0,3804.0
6446.0,3744.0,3811.0
6446.0,3738.0,3811.0
6452.0,3738.0,3812.0
6452.0,3721.0,3812.0
6471.0,3721.0,3812.0
6471.0,3720.0,3812.0
6466.0,3720.0,3812.0
6466.0,3723.0,3812.0
6467.0,3723.0,3812.0
6467.0,3751.0,3812.0
6471.0,3751.0,3812.0
6471.0,3781.0,3812.0
6477.0,3781.0,3812.0
6477.0,3788.0,3812.0
6480.0,3788.0,3812.0
6480.0,3785.0,3812.0
6501.0,3785.0,3812.0
6501.0,3781.0,3812.0
6526.0,3781.0,3789.0
6526.0,3782.0,3789.0
6518.0,3782.0,3800.0
6518.0,3780.0,3800.0
6530.0,3780.0,3801.0
6530.0,3771.0,3801.0
6554.0,3771.0,3801.0
6554.0,3768.0,3801.0
6559.0,3768.0,3801.0
6559.0,3756.0,3801.0
6574.0,3756.0,3796.0
6574.0,3755.0,3796.0
6570.0,3755.0,3787.0
6570.0,3761.0,3787.0
6576.0,3761.0,3786.0
6576.0,3769.0,3786.0
6586.0,3769.0,3786.0
6586.0,3764.0,3786.0
6579.0,3764.0,3786.0
6579.0,3747.0,3786.0
6583.0,3747.0,3786.0
6583.0,3728.0,3786.0
6576.0,3728.0,3786.0
6576.0,3727.0,3786.0
6576.0,3727.0,3786.0
6576.0,3720.0,3786.0
6582.0,3720.0,3786.0
6582.0,3709.0,3786.0
6597.0,3709.0,3786.0
6597.0,3713.0,3786.0
6588.0,3713.0,3786.0
6588.0,3726.0,3786.0
6586.0,3726.0,3786.0
6586.0,3751.0,3786.0
6569.0,3751.0,3786.0
6569.0,3757.0,3786.0
6569.0,3757.0,3786.0
6569.0,3770.0,3786.0
6554.0,3770.0,3786.0
6554.0,3772.0,3786.0
6551.0,3772.0,3786.0
6551.0,3778.0,3786.0
6526.0,3778.0,3786.0
6526.0,3780.0,3786.0
6515.0,3780.0,3786.0
6515.0,3786.0,3786.0
6483.0,3786.0,3815.0
6483.0,3787.0,3815.0
6478.0,3787.0,3798.0
6478.0,3773.0,3798.0
6479.0,3773.0,3799.0
6479.0,3735.0,3799.0
6467.0,3735.0,3800.0
6467.0,3679.0,3800.0
6460.0,3679.0,3800.0
6460.0,3643.0,3800.0
6449.0,3643.0,3800.0
6449.0,3626.0,3800.0
6450.0,3626.0,3800.0
6450.0,3614.0,3800.0
6448.0,3614.0,3800.0
6448.0,3604.0,3800.0
6455.0,3604.0,3800.0
6455.0,3601.0,3800.0
6459.0,3601.0,3800.0
6480.0,3601.0,3800.0
6480.0,3596.0,3800.0
6508.0,3596.0,3800.0
6508.0,3591.0,3800.0
6508.0,3590.0,3800.0
6512.0,3590.0,3800.0
6512.0,3593.0,3800.0
6539.0,3593.0,3800.0
6539.0,3595.0,3800.0
6536.0,3595.0,3800.0
6536.0,3605.0,3800.0
6555.0,3605.0,3782.0
6555.0,3614.0,3782.0
6555.0,3614.0,3780.0
6555.0,3641.0,3780.0
6577.0,3641.0,3782.0
6577.0,3650.0,3782.0
6581.0,3650.0,3783.0
6581.0,3649.0,3783.0
6579.0,3649.0,3783.0
6579.0,3635.0,3783.0
6563.0,3635.0,3783.0
6563.0,3632.0,3783.0
6560.0,3632.0,3783.0
6560.0,3626.0,3783.0
6564.0,3626.0,3783.0
6564.0,3609.0,3783.0
6580.0,3609.0,3784.0
6580.0,3603.0,3784.0
6588.0,3603.0,3784.0
6588.0,3607.0,3784.0
6577.0,3607.0,3784.0
6577.0,3602.0,3784.0
6565.0,3602.0,3784.0
6565.0,3592.0,3784.0
6525.0,3592.0,3784.0
6525.0,3589.0,3784.0
6524.0,3589.0,3784.0
6524.0,3591.0,3784.0
6519.0,3591.0,3785.0
6519.0,3579.0,3785.0
6510.0,3579.0,3785.0
6510.0,3577.0,3785.0
6507.0,3577.0,3785.0
6507.0,3561.0,3785.0
6515.0,3561.0,3785.0
6515.0,3568.0,3785.0
6513.0,3568.0,3785.0
6513.0,3584.0,3785.0
6516.0,3584.0,3785.0
6516.0,3586.0,3785.0
6506.0,3586.0,3785.0
6506.0,3594.0,3785.0
6475.0,3594.0,3788.0
6475.0,3599.0,3788.0
6454.0,3599.0,3810.0
6454.0,3604.0,3810.0
6455.0,3604.0,3812.0
6455.0,3623.0,3812.0
6447.0,3623.0,3810.0
6447.0,3624.0,3810.0
6451.0,3624.0,3810.0
6451.0,3630.0,3810.0
6443.0,3630.0,3810.0
6443.0,3646.0,3810.0
6427.0,3646.0,3810.0
6427.0,3647.0,3810.0
6430.0,3647.0,3810.0
6430.0,3645.0,3810.0
6436.0,3645.0,3810.0
6436.0,3638.0,3810.0
6453.0,3638.0,3811.0
6453.0,3637.0,3811.0
6450.0,3637.0,3811.0
6450.0,3621.0,3811.0
6436.0,3621.0,3811.0
6436.0,3603.0,3811.0
6414.0,3603.0,3811.0
6414.0,3602.0,3811.0
6417.0,3602.0,3811.0
6417.0,3609.0,3811.0
6417.0,3609.0,3811.0
6417.0,3636.0,3811.0
6435.0,3636.0,3811.0
6435.0,3676.0,3811.0
6453.0,3676.0,3811.0
6453.0,3697.0,3811.0
6462.0,3697.0,3811.0
6462.0,3696.0,3811.0
6464.0,3696.0,3811.0
6470.0,3696.0,3811.0
6470.0,3690.0,3811.0
6470.0,3685.0,3811.0
6463.0,3685.0,3811.0
6463.0,3678.0,3811.0
6464.0,3678.0,3811.0
6464.0,3650.0,3811.0
6457.0,3650.0,3811.0
6457.0,3628.0,3811.0
6454.0,3628.0,3811.0
6454.0,3616.0,3811.0
6453.0,3616.0,3811.0
6453.0,3609.0,3811.0
6457.0,3609.0,3811.0
6457.0,3604.0,3811.0
6461.0,3604.0,3811.0
6461.0,3599.0,3811.0
6470.0,3599.0,3798.0
6470.0,3598.0,3798.0
6480.0,3598.0,3789.0
6480.0,3594.0,3789.0
6503.0,3594.0,3787.0
6503.0,3594.0,3787.0
6507.0,3594.0,3787.0
6507.0,3594.0,3787.0
6522.0,3594.0,3787.0
6522.0,3597.0,3787.0
6530.0,3597.0,3787.0
6530.0,3601.0,3787.0
6538.0,3601.0,3787.0
6538.0,3607.0,3787.0
6545.0,3607.0,3787.0
6545.0,3613.0,3787.0
6553.0,3613.0,3787.0
6553.0,3622.0,3787.0
6557.0,3622.0,3787.0
6557.0,3634.0,3787.0
6559.0,3634.0,3787.0
6559.0,3645.0,3787.0
6559.0,3645.0,3787.0
6559.0,3653.0,3787.0
6557.0,3653.0,3787.0
6557.0,3661.0,3787.0
6554.0,3661.0,3787.0
6554.0,3669.0,3787.0
6548.0,3669.0,3787.0
6548.0,3675.0,3787.0
6539.0,3675.0,3787.0
6539.0,3681.0,3787.0
6529.0,3681.0,3787.0
6529.0,3685.0,3787.0
6515.0,3685.0,3786.0
6515.0,3686.0,3786.0
6503.0,3686.0,3786.0
6503.0,3690.0,3786.0
6477.0,3690.0,3792.0
6477.0,3690.0,3792.0
6474.0,3690.0,3793.0
6474.0,3693.0,3793.0
6469.0,3693.0,3793.0
6469.0,3697.0,3793.0
6475.0,3697.0,3793.0
6475.0,3694.0,3793.0
6497.0,3694.0,3793.0
6497.0,3690.0,3793.0
6520.0,3690.0,3793.0
6520.0,3689.0,3793.0
6531.0,3689.0,3793.0
6531.0,3688.0,3793.0
6556.0,3688.0,3793.0
6556.0,3687.0,3793.0
6552.0,3687.0,3793.0
6552.0,3680.0,3793.0
6556.0,3680.0,3793.0
6555.0,3680.0,3793.0
6555.0,3673.0,3793.0
6555.0,3670.0,3793.0
6561.0,3670.0,3793.0
6561.0,3664.0,3793.0
6572.0,3664.0,3792.0
6572.0,3659.0,3792.0
6580.0,3659.0,3770.0
6580.0,3650.0,3770.0
6587.0,3650.0,3786.0
6587.0,3643.0,3786.0
6591.0,3643.0,3781.0
6591.0,3633.0,3781.0
6593.0,3633.0,3781.0
6593.0,3624.0,3781.0
6593.0,3624.0,3781.0
6593.0,3615.0,3781.0
6591.0,3615.0,3781.0
6591.0,3605.0,3781.0
6587.0,3605.0,3781.0
6587.0,3599.0,3781.0
6582.0,3599.0,3781.0
6582.0,3590.0,3781.0
6573.0,3590.0,3781.0
6573.0,3584.0,3781.0
6565.0,3584.0,3781.0
6565.0,3581.0,3781.0
6555.0,3581.0,3781.0
6555.0,3580.0,3781.0
6546.0,3580.0,3781.0
6546.0,3579.0,3781.0
6532.0,3579.0,3781.0
6532.0,3575.0,3781.0
6527.0,3575.0,3781.0
6527.0,3569.0,3781.0
6520.0,3569.0,3781.0
6520.0,3561.0,3781.0
6520.0,3561.0,3781.0
6520.0,3542.0,3781.0
6517.0,3542.0,3781.0
6517.0,3542.0,3781.0
6511.0,3542.0,3781.0
6511.0,3545.0,3781.0
6503.0,3545.0,3782.0
6503.0,3564.0,3782.0
6510.0,3564.0,3782.0
6510.0,3570.0,3782.0
6508.0,3570.0,3782.0
6508.0,3577.0,3782.0
6506.0,3577.0,3782.0
6506.0,3583.0,3782.0
6499.0,3583.0,3782.0
6499.0,3586.0,3782.0
6484.0,3586.0,3786.0
6484.0,3588.0,3786.0
6466.0,3588.0,3788.0
6466.0,3583.0,3788.0
6466.0,3583.0,3799.0
6466.0,3578.0,3799.0
6455.0,3578.0,3810.0
6455.0,3570.0,3810.0
6459.0,3570.0,3811.0
6459.0,3554.0,3811.0
6451.0,3554.0,3811.0
6451.0,3555.0,3811.0
6446.0,3555.0,3811.0
6446.0,3557.0,3811.0
6439.0,3557.0,3811.0
6439.0,3577.0,3811.0
6448.0,3577.0,3811.0
6448.0,3582.0,3811.0
6444.0,3582.0,3811.0
6444.0,3591.0,3811.0
6442.0,3591.0,3811.0
6442.0,3594.0,3811.0
6435.0,3594.0,3811.0
6435.0,3597.0,3811.0
6421.0,3597.0,3811.0
6391.0,3597.0,3811.0
6391.0,3601.0,3811.0
6391.0,3603.0,3811.0
6389.0,3603.0,3811.0
6389.0,3611.0,3811.0
6390.0,3611.0,3811.0
6390.0,3609.0,3811.0
6398.0,3609.0,3811.0
6398.0,3612.0,3811.0
6407.0,3612.0,3811.0
6407.0,3615.0,3811.0
6412.0,3615.0,3811.0
6412.0,3622.0,3811.0
6419.0,3622.0,3811.0
6419.0,3630.0,3811.0
6420.0,3630.0,3811.0
6420.0,3648.0,3811.0
6423.0,3648.0,3811.0
6423.0,3687.0,3811.0
6431.0,3687.0,3811.0
6431.0,3728.0,3811.0
6439.0,3728.0,3811.0
6439.0,3761.0,3811.0
6445.0,3761.0,3811.0
6445.0,3772.0,3811.0
6447.0,3772.0,3811.0
6447.0,3780.0,3811.0
6445.0,3780.0,3811.0
6445.0,3787.0,3811.0
6442.0,3787.0,3811.0
6442.0,3793.0,3811.0
6436.0,3793.0,3811.0
6436.0,3797.0,3811.0
6429.0,3797.0,3811.0
6429.0,3799.0,3811.0
6424.0,3799.0,3811.0
6424.0,3807.0,3811.0
6426.0,3807.0,3811.0
6426.0,3803.0,3811.0
6440.0,3803.0,3811.0
6440.0,3798.0,3811.0
6471.0,3798.0,3811.0
6471.0,3798.0,3811.0
6475.0,3798.0,3811.0
6475.0,3799.0,3811.0
6483.0,3799.0,3811.0
6483.0,3804.0,3811.0
6484.0,3804.0,3811.0
6484.0,3807.0,3811.0
6487.0,3807.0,3811.0
6487.0,3811.0,3811.0
6489.0,3811.0,3811.0
6489.0,3831.0,3811.0
6494.0,3831.0,3811.0
6494.0,3830.0,3811.0
6499.0,3830.0,3811.0
6499.0,3829.0,3811.0
6505.0,3829.0,3811.0
6505.0,3811.0,3811.0
6498.0,3811.0,3811.0
6498.0,3805.0,3811.0
6501.0,3805.0,3811.0
6501.0,3801.0,3811.0
6501.0,3801.0,3811.0
6504.0,3801.0,3799.0
6504.0,3794.0,3799.0
6504.0,3789.0,3799.0
6508.0,3789.0,3790.0
6508.0,3789.0,3790.0
6520.0,3789.0,3806.0
6520.0,3785.0,3806.0
6539.0,3785.0,3805.0
6539.0,3787.0,3805.0
6541.0,3787.0,3805.0
6541.0,3793.0,3805.0
6553.0,3793.0,3805.0
6553.0,3797.0,3805.0
6551.0,3797.0,3805.0
6551.0,3817.0,3805.0
6556.0,3817.0,3805.0
6556.0,3818.0,3805.0
6559.0,3818.0,3805.0
6559.0,3817.0,3805.0
6570.0,3817.0,3804.0
6570.0,3801.0,3804.0
6563.0,3801.0,3803.0
6563.0,3790.0,3803.0
6564.0,3790.0,3803.0
6564.0,3781.0,3803.0
6564.0,3781.0,3803.0
6564.0,3778.0,3803.0
6570.0,3778.0,3799.0
6570.0,3774.0,3799.0
6579.0,3774.0,3787.0
6579.0,3769.0,3787.0
6589.0,3769.0,3785.0
6589.0,3762.0,3785.0
6596.0,3762.0,3785.0
6596.0,3752.0,3785.0
6600.0,3752.0,3786.0
6600.0,3743.0,3786.0
6603.0,3743.0,3782.0
6603.0,3736.0,3782.0
6605.0,3736.0,3776.0
6605.0,3725.0,3776.0
6604.0,3725.0,3776.0
6604.0,3718.0,3776.0
6600.0,3718.0,3776.0
6600.0,3710.0,3776.0
6594.0,3710.0,3776.0
6594.0,3702.0,3776.0
6587.0,3702.0,3776.0
6587.0,3698.0,3776.0
6579.0,3698.0,3776.0
6579.0,3695.0,3776.0
6569.0,3695.0,3776.0
6569.0,3694.0,3776.0
6559.0,3694.0,3792.0
6559.0,3689.0,3792.0
6556.0,3689.0,3797.0
6556.0,3688.0,3797.0
6550.0,3688.0,3796.0
6550.0,3689.0,3796.0
6536.0,3689.0,3796.0
6536.0,3689.0,3796.0
6517.0,3689.0,3796.0
6517.0,3691.0,3796.0
6507.0,3691.0,3796.0
6507.0,3697.0,3796.0
6468.0,3697.0,3796.0
6468.0,3700.0,3796.0
6463.0,3700.0,3819.0
6463.0,3709.0,3819.0
6464.0,3709.0,3799.0
6464.0,3742.0,3799.0
6472.0,3742.0,3804.0
6472.0,3777.0,3804.0
6478.0,3777.0,3804.0
6478.0,3788.0,3804.0
6479.0,3788.0,3804.0
6479.0,3779.0,3804.0
6486.0,3779.0,3804.0
6486.0,3775.0,3804.0
6483.0,3775.0,3804.0
6483.0,3771.0,3804.0
6480.0,3771.0,3804.0
6480.0,3750.0,3804.0
6477.0,3750.0,3804.0
6477.0,3721.0,3804.0
6470.0,3721.0,3804.0
6470.0,3712.0,3804.0
6471.0,3712.0,3804.0
6471.0,3706.0,3804.0
6473.0,3706.0,3804.0
6473.0,3700.0,3804.0
6479.0,3700.0,3804.0
6479.0,3699.0,3804.0
6489.0,3699.0,3804.0
6489.0,3695.0,3804.0
6517.0,3695.0,3804.0
6517.0,3694.0,3804.0
6523.0,3694.0,3804.0
6523.0,3694.0,3804.0
6540.0,3694.0,3804.0
6540.0,3697.0,3804.0
6548.0,3697.0,3804.0
6548.0,3700.0,3804.0
6558.0,3700.0,3797.0
6558.0,3706.0,3797.0
6558.0,3717.0,3797.0
6563.0,3717.0,3794.0
6569.0,3717.0,3794.0
6569.0,3723.0,3794.0
6571.0,3723.0,3794.0
6571.0,3733.0,3794.0
6572.0,3733.0,3794.0
6572.0,3744.0,3794.0
6571.0,3744.0,3793.0
6571.0,3755.0,3793.0
6566.0,3755.0,3793.0
6566.0,3759.0,3793.0
6560.0,3759.0,3793.0
6560.0,3765.0,3793.0
6552.0,3765.0,3793.0
6552.0,3770.0,3793.0
6540.0,3770.0,3793.0
6540.0,3775.0,3793.0
6527.0,3775.0,3793.0
6527.0,3779.0,3793.0
6511.0,3779.0,3793.0
6511.0,3779.0,3793.0
6497.0,3779.0,3793.0
6497.0,3780.0,3793.0
6491.0,3780.0,3793.0
6491.0,3778.0,3793.0
6487.0,3778.0,3808.0
6487.0,3771.0,3808.0
6494.0,3771.0,3795.0
6494.0,3771.0,3795.0
6487.0,3771.0,3803.0
6487.0,3765.0,3803.0
6489.0,3765.0,3803.0
6489.0,3744.0,3803.0
6483.0,3744.0,3803.0
6483.0,3724.0,3803.0
6481.0,3724.0,3803.0
6481.0,3713.0,3803.0
6479.0,3713.0,3803.0
6479.0,3710.0,3803.0
6481.0,3710.0,3803.0
6481.0,3707.0,3803.0
6490.0,3707.0,3803.0
6490.0,3704.0,3803.0
6514.0,3704.0,3803.0
6514.0,3703.0,3803.0
6524.0,3703.0,3803.0
6524.0,3702.0,3803.0
6537.0,3702.0,3803.0
6537.0,3705.0,3803.0
6546.0,3705.0,3803.0
6546.0,3709.0,3803.0
6553.0,3709.0,3802.0
6553.0,3715.0,3802.0
6559.0,3715.0,3795.0
6559.0,3723.0,3795.0
6563.0,3723.0,3787.0
6563.0,3734.0,3787.0
6564.0,3734.0,3787.0
6564.0,3741.0,3787.0
6563.0,3741.0,3787.0
6563.0,3749.0,3787.0
6559.0,3749.0,3787.0
6559.0,3753.0,3787.0
6555.0,3753.0,3787.0
6555.0,3759.0,3787.0
6546.0,3759.0,3787.0
6536.0,3759.0,3787.0
6536.0,3763.0,3787.0
6536.0,3767.0,3787.0
6519.0,3767.0,3787.0
6519.0,3770.0,3787.0
6502.0,3770.0,3790.0
6502.0,3772.0,3790.0
6490.0,3772.0,3809.0
6490.0,3771.0,3809.0
6491.0,3771.0,3806.0
6491.0,3771.0,3806.0
6483.0,3771.0,3805.0
6483.0,3772.0,3805.0
6474.0,3772.0,3805.0
6474.0,3760.0,3805.0
6474.0,3760.0,3805.0
6474.0,3724.0,3805.0
6466.0,3724.0,3805.0
6466.0,3701.0,3805.0
6463.0,3701.0,3805.0
6463.0,3697.0,3805.0
6466.0,3697.0,3805.0
6466.0,3682.0,3805.0
6475.0,3682.0,3805.0
6475.0,3680.0,3805.0
6471.0,3680.0,3805.0
6471.0,3667.0,3805.0
6470.0,3667.0,3805.0
6470.0,3648.0,3805.0
6465.0,3648.0,3805.0
6465.0,3629.0,3805.0
6463.0,3629.0,3805.0
6463.0,3617.0,3805.0
6461.0,3617.0,3805.0
6461.0,3609.0,3805.0
6465.0,3609.0,3805.0
6465.0,3609.0,3805.0
6472.0,3609.0,3805.0
6472.0,3607.0,3805.0
6488.0,3607.0,3805.0
6488.0,3604.0,3805.0
6505.0,3604.0,3805.0
6505.0,3602.0,3805.0
6515.0,3602.0,3805.0
6515.0,3603.0,3805.0
6525.0,3603.0,3805.0
6525.0,3606.0,3805.0
6532.0,3606.0,3790.0
6532.0,3612.0,3790.0
6539.0,3612.0,3787.0
6539.0,3620.0,3787.0
6546.0,3620.0,3787.0
6546.0,3627.0,3787.0
6549.0,3627.0,3787.0
6549.0,3636.0,3787.0
6551.0,3636.0,3787.0
6551.0,3646.0,3787.0
6551.0,3646.0,3787.0
6551.0,3655.0,3787.0
6548.0,3655.0,3787.0
6548.0,3660.0,3787.0
6543.0,3660.0,3787.0
6543.0,3667.0,3787.0
6535.0,3667.0,3787.0
6535.0,3672.0,3787.0
6527.0,3672.0,3787.0
6527.0,3676.0,3787.0
6513.0,3676.0,3787.0
6513.0,3679.0,3787.0
6498.0,3679.0,3787.0
6498.0,3683.0,3787.0
6478.0,3683.0,3802.0
6478.0,3683.0,3802.0
6475.0,3683.0,3804.0
6471.0,3683.0,3799.0
6471.0,3681.0,3799.0
6471.0,3682.0,3799.0
6459.0,3682.0,3799.0
6459.0,3686.0,3799.0
6459.0,3686.0,3799.0
6459.0,3714.0,3799.0
6465.0,3714.0,3799.0
6465.0,3759.0,3799.0
6474.0,3759.0,3799.0
6474.0,3784.0,3799.0
6479.0,3784.0,3799.0
6479.0,3787.0,3799.0
6482.0,3787.0,3799.0
6482.0,3783.0,3799.0
6507.0,3783.0,3799.0
6507.0,3779.0,3799.0
6531.0,3779.0,3799.0
6531.0,3775.0,3799.0
6542.0,3775.0,3799.0
6542.0,3771.0,3799.0
6554.0,3771.0,3799.0
6554.0,3762.0,3799.0
6567.0,3762.0,3799.0
6567.0,3754.0,3799.0
6571.0,3754.0,3799.0
6577.0,3754.0,3799.0
6577.0,3745.0,3799.0
6577.0,3730.0,3799.0
6575.0,3730.0,3793.0
6575.0,3719.0,3793.0
6575.0,3719.0,3779.0
6575.0,3706.0,3779.0
6567.0,3706.0,3778.0
6567.0,3700.0,3778.0
6564.0,3700.0,3778.0
6564.0,3681.0,3778.0
6562.0,3681.0,3778.0
6562.0,3678.0,3778.0
6563.0,3678.0,3778.0
6563.0,3673.0,3778.0
6574.0,3673.0,3778.0
6574.0,3668.0,3778.0
6584.0,3668.0,3778.0
6584.0,3661.0,3778.0
6589.0,3661.0,3779.0
6589.0,3651.0,3779.0
6597.0,3651.0,3779.0
6597.0,3642.0,3779.0
6599.0,3642.0,3779.0
6599.0,3633.0,3779.0
6602.0,3633.0,3780.0
6602.0,3623.0,3780.0
6601.0,3623.0,3780.0
6601.0,3612.0,3780.0
6599.0,3612.0,3780.0
6599.0,3604.0,3780.0
6595.0,3604.0,3780.0
6595.0,3596.0,3780.0
6590.0,3596.0,3780.0
6590.0,3587.0,3780.0
6582.0,3587.0,3780.0
6582.0,3580.0,3780.0
6574.0,3580.0,3780.0
6574.0,3575.0,3780.0
6563.0,3575.0,3780.0
6563.0,3572.0,3780.0
6553.0,3572.0,3780.0
6553.0,3571.0,3780.0
6541.0,3571.0,3780.0
6541.0,3570.0,3780.0
6531.0,3570.0,3780.0
6531.0,3567.0,3780.0
6532.0,3567.0,3784.0
6532.0,3548.0,3784.0
6527.0,3548.0,3784.0
6527.0,3531.0,3784.0
6525.0,3531.0,3784.0
6525.0,3531.0,3784.0
6519.0,3531.0,3784.0
6519.0,3535.0,3784.0
6498.0,3535.0,3784.0
6498.0,3536.0,3784.0
6494.0,3536.0,3784.0
6494.0,3551.0,3784.0
6497.0,3551.0,3784.0
6497.0,3569.0,3784.0
6499.0,3569.0,3784.0
6499.0,3573.0,3784.0
6499.0,3573.0,3784.0
6499.0,3574.0,3784.0
6494.0,3574.0,3784.0
6474.0,3574.0,3791.0
6474.0,3578.0,3791.0
6468.0,3578.0,3801.0
6468.0,3578.0,3801.0
6468.0,3576.0,3801.0
6467.0,3576.0,3802.0
6467.0,3560.0,3802.0
6464.0,3560.0,3802.0
6464.0,3543.0,3802.0
6462.0,3543.0,3802.0
6462.0,3543.0,3802.0
6456.0,3543.0,3802.0
6456.0,3547.0,3802.0
6432.0,3547.0,3802.0
6432.0,3548.0,3802.0
6429.0,3548.0,3802.0
6429.0,3565.0,3802.0
6434.0,3565.0,3802.0
6434.0,3581.0,3802.0
6437.0,3581.0,3802.0
6437.0,3585.0,3802.0
6435.0,3585.0,3802.0
6435.0,3586.0,3802.0
6429.0,3586.0,3803.0
6429.0,3590.0,3803.0
6407.0,3590.0,3806.0
6407.0,3594.0,3806.0
6387.0,3594.0,3806.0
6387.0,3596.0,3806.0
6378.0,3596.0,3808.0
6378.0,3607.0,3808.0
6382.0,3607.0,3818.0
6382.0,3620.0,3818.0
6383.0,3620.0,3819.0
6383.0,3618.0,3819.0
6391.0,3618.0,3819.0
6391.0,3618.0,3819.0
6401.0,3618.0,3818.0
6406.0,3618.0,3818.0
6406.0,3621.0,3818.0
6406.0,3625.0,3818.0
6411.0,3625.0,3818.0
6411.0,3633.0,3818.0
6412.0,3633.0,3818.0
6412.0,3649.0,3818.0
6416.0,3649.0,3818.0
6416.0,3669.0,3818.0
6419.0,3669.0,3818.0
6424.0,3669.0,3818.0
6424.0,3690.0,3818.0
6424.0,3711.0,3818.0
6427.0,3711.0,3818.0
6427.0,3730.0,3818.0
6431.0,3730.0,3818.0
6431.0,3751.0,3818.0
6434.0,3751.0,3818.0
6434.0,3770.0,3818.0
6438.0,3770.0,3818.0
6438.0,3778.0,3818.0
6438.0,3778.0,3818.0
6438.0,3784.0,3818.0
6436.0,3784.0,3818.0
6436.0,3788.0,3818.0
6430.0,3788.0,3818.0
6430.0,3790.0,3818.0
6419.0,3790.0,3818.0
6419.0,3793.0,3818.0
6413.0,3793.0,3818.0
6413.0,3811.0,3818.0
6419.0,3811.0,3818.0
6419.0,3816.0,3818.0
6419.0,3816.0,3818.0
6419.0,3813.0,3818.0
6439.0,3813.0,3818.0
6439.0,3809.0,3818.0
6458.0,3809.0,3818.0
6458.0,3805.0,3818.0
6475.0,3805.0,3818.0
6475.0,3806.0,3818.0
6477.0,3806.0,3818.0
6477.0,3811.0,3818.0
6479.0,3811.0,3818.0
6479.0,3830.0,3818.0
6482.0,3830.0,3818.0
6482.0,3843.0,3818.0
6484.0,3843.0,3818.0
6484.0,3841.0,3818.0
6495.0,3841.0,3818.0
6495.0,3837.0,3818.0
6518.0,3837.0,3791.0
6518.0,3834.0,3791.0
6514.0,3834.0,3811.0
6514.0,3815.0,3811.0
6512.0,3815.0,3813.0
6512.0,3802.0,3813.0
6508.0,3802.0,3813.0
6511.0,3802.0,3799.0
6511.0,3799.0,3799.0
6520.0,3799.0,3806.0
6520.0,3797.0,3806.0
6520.0,3794.0,3806.0
6540.0,3794.0,3800.0
6540.0,3795.0,3800.0
6539.0,3795.0,3800.0
6539.0,3799.0,3800.0
6543.0,3799.0,3800.0
6543.0,3819.0,3800.0
6545.0,3819.0,3800.0
6545.0,3831.0,3800.0
6548.0,3831.0,3800.0
6548.0,3829.0,3800.0
6559.0,3829.0,3801.0
6559.0,3825.0,3801.0
6581.0,3825.0,3801.0
6581.0,3822.0,3801.0
6577.0,3822.0,3801.0
6577.0,3802.0,3801.0
6575.0,3802.0,3801.0
6571.0,3802.0,3801.0
6571.0,3788.0,3801.0
6571.0,3785.0,3801.0
6575.0,3785.0,3801.0
6575.0,3780.0,3801.0
6584.0,3780.0,3790.0
6584.0,3774.0,3790.0
6595.0,3774.0,3773.0
6595.0,3767.0,3773.0
6603.0,3767.0,3773.0
6603.0,3758.0,3773.0
6607.0,3758.0,3774.0
6607.0,3748.0,3774.0
6611.0,3748.0,3774.0
6611.0,3739.0,3774.0
6613.0,3739.0,3774.0
6613.0,3732.0,3774.0
6613.0,3732.0,3774.0
6613.0,3721.0,3774.0
6611.0,3721.0,3774.0
6611.0,3711.0,3774.0
6606.0,3711.0,3774.0
6606.0,3704.0,3774.0
6600.0,3704.0,3774.0
6600.0,3698.0,3774.0
6592.0,3698.0,3774.0
6592.0,3693.0,3774.0
6592.0,3688.0,3774.0
6584.0,3688.0,3774.0
6574.0,3688.0,3774.0
6574.0,3686.0,3774.0
6563.0,3686.0,3795.0
6563.0,3684.0,3795.0
6563.0,3684.0,3786.0
6563.0,3681.0,3786.0
6562.0,3681.0,3784.0
6562.0,3680.0,3784.0
6563.0,3680.0,3784.0
6563.0,3680.0,3784.0
6563.0,3680.0,3784.0
6563.0,3680.0,3784.0
6563.0,3680.0,3784.0
6563.0,3680.0,3784.0
6563.0,3680.0,3784.0
6563.0,3680.0,3784.0
6563.0,3680.0,3784.0
6563.0,3680.0,3784.0
6563.0,3680.0,3784.0
6563.0,3680.0,3784.0
6563.0,3680.0,3784.0
6563.0,3680.0,3784.0
6563.0,3680.0,3784.0
6563.0,3680.0,3784.0
6563.0,3680.0,3784.0
6563.0,3680.0,3784.0
6563.0,3680.0,3784.0
6563.0,3680.0,3784.0
6563.0,3680.0,3784.0
6563.0,3680.0,3784.0
6563.0,3680.0,3784.0
6563.0,3680.0,3784.0
6563.0,3680.0,3784.0
6563.0,3680.0,3784.0
6563.0,3680.0,3784.0
6563.0,3680.0,3784.0
6563.0,3680.0,3784.0
6563.0,3680.0,3784.0
6563.0,3680.0,3784.0
6563.0,3680.0,3784.0
6563.0,3680.0,3784.0
6563.0,3680.0,3784.0
6563.0,3680.0,3784.0
6563.0,3680.0,3784.0
6563.0,3680.0,3784.0
6563.0,3680.0,3784.0
6563.0,3680.0,3784.0
6563.0,3680.0,3784.0
6563.0,3680.0,3784.0
6563.0,3680.0,3784.0
6563.0,3680.0,3784.0
6563.0,3680.0,3784.0
6563.0,3680.0,3784.0
6563.0,3680.0,3784.0
6563.0,3680.0,3784.0
6563.0,3680.0,3784.0
6563.0,3680.0,3784.0
6563.0,3680.0,3784.0
6563.0,3680.0,3784.0
6563.0,3680.0,3784.0
6563.0,3680.0,3784.0
6563.0,3680.0,3784.0
6563.0,3680.0,3784.0
6563.0,3680.0,3784.0
6563.0,3680.0,3784.0
6563.0,3680.0,3784.0
6563.0,3680.0,3784.0
6563.0,3680.0,3784.0
6563.0,3680.0,3784.0
6563.0,3680.0,3784.0
6563.0,3680.0,3784.0
6563.0,3680.0,3784.0
6563.0,3680.0,3784.0
6563.0,3680.0,3784.0
6563.0,3680.0,3784.0
6563.0,3680.0,3784.0
6563.0,3680.0,3784.0
6563.0,3680.0,3784.0
6563.0,3680.0,3784.0
6563.0,3680.0,3784.0
6563.0,3680.0,3784.0
6563.0,3680.0,3784.0
6563.0,3680.0,3784.0
6563.0,3680.0,3784.0
6563.0,3680.0,3784.0
6563.0,3680.0,3784.0
6563.0,3680.0,3784.0
6563.0,3680.0,3784.0
6563.0,3680.0,3784.0
6563.0,3680.0,3784.0
6563.0,3680.0,3784.0
6563.0,3680.0,3784.0
6563.0,3680.0,3784.0
6563.0,3680.0,3784.0
6563.0,3680.0,3784.0
6563.0,3680.0,3784.0
6563.0,3680.0,3838.0
6563.0,3680.0,3838.0
6563.0,3680.0,3878.0
6563.0,3680.0,3878.0
6563.0,3680.0,3951.0
6563.0,3680.0,3951.0
6563.0,3680.0,4031.0
6563.0,3680.0,4031.0
6563.0,3680.0,4106.0
6563.0,3680.0,4106.0
6563.0,3680.0,4211.0
6563.0,3680.0,4211.0
6563.0,3680.0,4249.0
6563.0,3667.0,4249.0
6557.0,3667.0,4254.0
6557.0,3673.0,4254.0
6556.0,3673.0,4249.0
6556.0,3699.0,4249.0
6559.0,3699.0,4249.0
6559.0,3707.0,4249.0
6559.0,3707.0,4249.0
6559.0,3720.0,4249.0
6567.0,3720.0,4249.0
6567.0,3724.0,4249.0
6567.0,3724.0,4249.0
6567.0,3752.0,4249.0
6563.0,3752.0,4249.0
6563.0,3798.0,4249.0
6556.0,3798.0,4249.0
6556.0,3823.0,4249.0
6552.0,3823.0,4249.0
6552.0,3832.0,4249.0
6554.0,3832.0,4249.0
6554.0,3847.0,4249.0
6556.0,3847.0,4250.0
6556.0,3854.0,4250.0
6550.0,3854.0,4250.0
6550.0,3877.0,4250.0
6529.0,3877.0,4256.0
6529.0,3886.0,4256.0
6523.0,3886.0,4267.0
6523.0,3898.0,4267.0
6525.0,3898.0,4263.0
6525.0,3907.0,4263.0
6525.0,3907.0,4263.0
6525.0,3913.0,4263.0
6511.0,3913.0,4263.0
6511.0,3917.0,4263.0
6501.0,3917.0,4267.0
6501.0,3913.0,4267.0
6505.0,3913.0,4268.0
6505.0,3913.0,4268.0
6499.0,3913.0,4268.0
6499.0,3913.0,4268.0
6504.0,3913.0,4268.0
6504.0,3913.0,4268.0
6502.0,3913.0,4268.0
6502.0,3913.0,4268.0
6503.0,3913.0,4268.0
6503.0,3913.0,4268.0
6502.0,3913.0,4268.0
6502.0,3913.0,4268.0
6502.0,3913.0,4268.0
6502.0,3913.0,4268.0
6503.0,3913.0,4268.0
6503.0,3913.0,4268.0
6503.0,3913.0,4268.0
6503.0,3913.0,4268.0
6503.0,3913.0,4268.0
6503.0,3913.0,4268.0
6503.0,3913.0,4268.0
6503.0,3913.0,4268.0
6502.0,3913.0,4268.0
6502.0,3913.0,4268.0
6503.0,3913.0,4268.0
6503.0,3913.0,4268.0
6503.0,3913.0,4268.0
6503.0,3913.0,4268.0
6503.0,3913.0,4268.0
6503.0,3913.0,4268.0
6503.0,3913.0,4268.0
6503.0,3913.0,4268.0
6503.0,3913.0,4268.0
6503.0,3913.0,4268.0
6503.0,3913.0,4268.0
6503.0,3913.0,4268.0
6503.0,3913.0,4268.0
6503.0,3913.0,4268.0
6503.0,3913.0,4268.0
6503.0,3913.0,4268.0
6503.0,3913.0,4268.0
6503.0,3913.0,4268.0
6503.0,3913.0,4268.0
6503.0,3913.0,4268.0
6503.0,3913.0,4268.0
6503.0,3913.0,4268.0
6503.0,3913.0,4268.0
6503.0,3913.0,4268.0
6503.0,3913.0,4268.0
6503.0,3913.0,4268.0
6503.0,3913.0,4268.0
6503.0,3913.0,4268.0
6503.0,3913.0,4268.0
6503.0,3913.0,4268.0
6503.0,3913.0,4268.0
6503.0,3913.0,4268.0
6503.0,3913.0,4268.0
6503.0,3913.0,4268.0
6503.0,3913.0,4268.0
6503.0,3913.0,4268.0
6503.0,3913.0,4268.0
6503.0,3913.0,4268.0
6503.0,3913.0,4268.0
6503.0,3913.0,4268.0
6503.0,3913.0,4268.0
6503.0,3913.0,4268.0
6503.0,3913.0,4268.0
6503.0,3913.0,4268.0
6503.0,3913.0,4268.0
6503.0,3913.0,4268.0
6503.0,3913.0,4268.0
6503.0,3913.0,4268.0
6503.0,3913.0,4268.0
6503.0,3913.0,4268.0
6503.0,3913.0,4268.0
6503.0,3913.0,4268.0
6503.0,3913.0,4268.0
6503.0,3913.0,4268.0
6503.0,3913.0,4268.0
6503.0,3913.0,4268.0
6503.0,3913.0,4268.0
6503.0,3913.0,4268.0
6503.0,3913.0,4268.0
6503.0,3913.0,4268.0
6503.0,3913.0,4268.0
6503.0,3913.0,4268.0
6503.0,3913.0,4268.0
6503.0,3913.0,4268.0
6503.0,3913.0,4268.0
6503.0,3912.0,4268.0
6491.0,3912.0,4268.0
6491.0,3911.0,4268.0
6471.0,3911.0,4268.0
6471.0,3909.0,4268.0
6460.0,3909.0,4280.0
6460.0,3905.0,4280.0
6442.0,3905.0,4277.0
6442.0,3900.0,4277.0
6427.0,3900.0,4280.0
6410.0,3900.0,4296.0
6410.0,3894.0,4296.0
6410.0,3886.0,4296.0
6395.0,3886.0,4295.0
6395.0,3875.0,4295.0
6377.0,3875.0,4294.0
6377.0,3864.0,4294.0
6362.0,3864.0,4294.0
6362.0,3853.0,4294.0
6351.0,3853.0,4296.0
6351.0,3842.0,4296.0
6335.0,3842.0,4299.0
6327.0,3842.0,4301.0
6327.0,3827.0,4301.0
6327.0,3811.0,4301.0
6314.0,3811.0,4305.0
6314.0,3798.0,4305.0
6307.0,3798.0,4308.0
6307.0,3782.0,4308.0
6297.0,3782.0,4307.0
6297.0,3767.0,4307.0
6293.0,3767.0,4309.0
6293.0,3748.0,4309.0
6286.0,3748.0,4309.0
6286.0,3729.0,4309.0
6283.0,3729.0,4309.0
6283.0,3720.0,4309.0
6281.0,3720.0,4309.0
6281.0,3702.0,4309.0
6279.0,3702.0,4309.0
6279.0,3679.0,4309.0
6279.0,3679.0,4310.0
6279.0,3665.0,4310.0
6279.0,3665.0,4310.0
6279.0,3647.0,4310.0
6281.0,3647.0,4310.0
6281.0,3635.0,4310.0
6284.0,3635.0,4309.0
6284.0,3622.0,4309.0
6288.0,3622.0,4310.0
6288.0,3601.0,4310.0
6295.0,3601.0,4301.0
6295.0,3584.0,4301.0
6302.0,3584.0,4301.0
6302.0,3570.0,4301.0
6311.0,3570.0,4300.0
6311.0,3558.0,4300.0
6319.0,3558.0,4300.0
6319.0,3544.0,4300.0
6329.0,3544.0,4300.0
6329.0,3529.0,4300.0
6341.0,3529.0,4299.0
6341.0,3515.0,4299.0
6357.0,3515.0,4283.0
6357.0,3506.0,4283.0
6370.0,3506.0,4278.0
6370.0,3496.0,4278.0
6383.0,3496.0,4283.0
6383.0,3487.0,4283.0
6398.0,3487.0,4277.0
6398.0,3478.0,4277.0
6417.0,3478.0,4278.0
6417.0,3473.0,4278.0
6431.0,3473.0,4267.0
6431.0,3468.0,4267.0
6448.0,3468.0,4261.0
6448.0,3464.0,4261.0
6462.0,3464.0,4261.0
6462.0,3462.0,4261.0
6478.0,3462.0,4256.0
6478.0,3461.0,4256.0
6498.0,3461.0,4255.0
6498.0,3461.0,4255.0
6519.0,3461.0,4255.0
6519.0,3462.0,4255.0
6536.0,3462.0,4243.0
6536.0,3464.0,4243.0
6549.0,3464.0,4243.0
6549.0,3468.0,4243.0
6566.0,3468.0,4243.0
6566.0,3473.0,4243.0
6579.0,3473.0,4233.0
6579.0,3479.0,4233.0
6598.0,3479.0,4230.0
6598.0,3486.0,4230.0
6611.0,3486.0,4225.0
6611.0,3496.0,4225.0
6627.0,3496.0,4224.0
6627.0,3507.0,4224.0
6640.0,3507.0,4224.0
6640.0,3515.0,4224.0
6652.0,3515.0,4224.0
6652.0,3531.0,4224.0
6669.0,3531.0,4225.0
6669.0,3546.0,4225.0
6682.0,3546.0,4211.0
6682.0,3560.0,4211.0
6690.0,3560.0,4209.0
6690.0,3574.0,4209.0
6701.0,3574.0,4201.0
6701.0,3589.0,4201.0
6707.0,3589.0,4217.0
6707.0,3606.0,4217.0
6715.0,3606.0,4216.0
6715.0,3625.0,4216.0
6720.0,3625.0,4216.0
6720.0,3637.0,4216.0
6724.0,3637.0,4216.0
6724.0,3651.0,4216.0
6726.0,3651.0,4217.0
6726.0,3671.0,4217.0
6727.0,3671.0,4217.0
6727.0,3690.0,4217.0
6728.0,3690.0,4201.0
6728.0,3705.0,4201.0
6727.0,3705.0,4209.0
6727.0,3725.0,4209.0
6726.0,3725.0,4215.0
6726.0,3740.0,4215.0
6722.0,3740.0,4206.0
6722.0,3751.0,4206.0
6719.0,3751.0,4215.0
6719.0,3768.0,4215.0
6713.0,3768.0,4218.0
6713.0,3785.0,4218.0
6706.0,3785.0,4218.0
6706.0,3800.0,4218.0
6699.0,3800.0,4219.0
6699.0,3811.0,4219.0
6689.0,3811.0,4219.0
6689.0,3826.0,4219.0
6680.0,3826.0,4220.0
6680.0,3840.0,4220.0
6668.0,3840.0,4220.0
6668.0,3853.0,4220.0
6655.0,3853.0,4230.0
6655.0,3864.0,4230.0
6643.0,3864.0,4233.0
6643.0,3875.0,4233.0
6627.0,3875.0,4238.0
6627.0,3882.0,4238.0
6611.0,3882.0,4243.0
6611.0,3891.0,4243.0
6598.0,3891.0,4243.0
6598.0,3899.0,4243.0
6579.0,3899.0,4255.0
6565.0,3899.0,4256.0
6565.0,3904.0,4256.0
6565.0,3907.0,4256.0
6547.0,3907.0,4256.0
6547.0,3909.0,4256.0
6533.0,3909.0,4257.0
6533.0,3912.0,4257.0
6515.0,3912.0,4269.0
6515.0,3913.0,4269.0
6503.0,3913.0,4269.0
6503.0,3917.0,4269.0
6504.0,3917.0,4269.0
6504.0,3921.0,4269.0
6507.0,3921.0,4269.0
6507.0,3921.0,4269.0
6525.0,3921.0,4269.0
6525.0,3919.0,4269.0
6540.0,3919.0,4264.0
6540.0,3916.0,4264.0
6556.0,3916.0,4257.0
6556.0,3911.0,4257.0
6572.0,3911.0,4258.0
6589.0,3911.0,4258.0
6589.0,3905.0,4258.0
6589.0,3899.0,4258.0
6604.0,3899.0,4253.0
6604.0,3891.0,4253.0
6620.0,3891.0,4250.0
6620.0,3884.0,4250.0
6633.0,3884.0,4238.0
6633.0,3873.0,4238.0
6648.0,3873.0,4233.0
6648.0,3860.0,4233.0
6660.0,3860.0,4236.0
6660.0,3849.0,4236.0
6673.0,3849.0,4231.0
6673.0,3837.0,4231.0
6684.0,3837.0,4226.0
6684.0,3821.0,4226.0
6697.0,3821.0,4226.0
6697.0,3804.0,4226.0
6706.0,3804.0,4226.0
6706.0,3788.0,4226.0
6715.0,3788.0,4219.0
6715.0,3775.0,4219.0
6720.0,3775.0,4210.0
6720.0,3757.0,4210.0
6726.0,3757.0,4211.0
6726.0,3741.0,4211.0
6731.0,3741.0,4211.0
6731.0,3727.0,4211.0
6734.0,3727.0,4211.0
6734.0,3710.0,4211.0
6735.0,3710.0,4211.0
6735.0,3691.0,4211.0
6736.0,3691.0,4211.0
6736.0,3672.0,4211.0
6736.0,3672.0,4211.0
6736.0,3656.0,4211.0
6735.0,3656.0,4211.0
6735.0,3642.0,4211.0
6733.0,3642.0,4211.0
6733.0,3627.0,4211.0
6728.0,3627.0,4211.0
6728.0,3610.0,4211.0
6723.0,3610.0,4211.0
6723.0,3596.0,4211.0
6719.0,3596.0,4211.0
6711.0,3596.0,4211.0
6711.0,3576.0,4211.0
6711.0,3563.0,4211.0
6700.0,3563.0,4211.0
6700.0,3551.0,4211.0
6692.0,3551.0,4211.0
6692.0,3537.0,4211.0
6681.0,3537.0,4211.0
6681.0,3523.0,4211.0
6671.0,3523.0,4211.0
6671.0,3508.0,4211.0
6655.0,3508.0,4212.0
6655.0,3499.0,4212.0
6642.0,3499.0,4225.0
6642.0,3488.0,4225.0
6623.0,3488.0,4223.0
6623.0,3478.0,4223.0
6610.0,3478.0,4220.0
6610.0,3472.0,4220.0
6594.0,3472.0,4221.0
6594.0,3465.0,4221.0
6577.0,3465.0,4233.0
6577.0,3459.0,4233.0
6561.0,3459.0,4230.0
6561.0,3456.0,4230.0
6545.0,3456.0,4238.0
6545.0,3453.0,4238.0
6528.0,3453.0,4243.0
6528.0,3452.0,4243.0
6513.0,3452.0,4249.0
6513.0,3452.0,4249.0
6489.0,3452.0,4253.0
6489.0,3453.0,4253.0
6479.0,3453.0,4253.0
6479.0,3455.0,4253.0
6456.0,3455.0,4253.0
6456.0,3459.0,4253.0
6443.0,3459.0,4265.0
6443.0,3463.0,4265.0
6425.0,3463.0,4266.0
6425.0,3471.0,4266.0
6409.0,3471.0,4267.0
6409.0,3478.0,4267.0
6394.0,3478.0,4269.0
6394.0,3487.0,4269.0
6375.0,3487.0,4269.0
6375.0,3497.0,4269.0
6363.0,3497.0,4279.0
6363.0,3510.0,4279.0
6346.0,3510.0,4288.0
6346.0,3521.0,4288.0
6346.0,3534.0,4288.0
6336.0,3534.0,4285.0
6323.0,3534.0,4287.0
6323.0,3551.0,4287.0
6311.0,3551.0,4286.0
6311.0,3564.0,4286.0
6302.0,3564.0,4292.0
6302.0,3577.0,4292.0
6295.0,3577.0,4303.0
6295.0,3596.0,4303.0
6287.0,3596.0,4305.0
6287.0,3614.0,4305.0
6281.0,3614.0,4306.0
6281.0,3629.0,4306.0
6276.0,3629.0,4310.0
6276.0,3641.0,4310.0
6273.0,3641.0,4313.0
6273.0,3660.0,4313.0
6271.0,3660.0,4316.0
6271.0,3678.0,4316.0
6270.0,3678.0,4318.0
6270.0,3695.0,4318.0
6270.0,3695.0,4317.0
6270.0,3710.0,4317.0
6271.0,3710.0,4317.0
6271.0,3724.0,4317.0
6272.0,3724.0,4318.0
6272.0,3742.0,4318.0
6276.0,3742.0,4318.0
6276.0,3759.0,4318.0
6281.0,3759.0,4319.0
6281.0,3776.0,4319.0
6287.0,3776.0,4318.0
6287.0,3792.0,4318.0
6293.0,3792.0,4319.0
6293.0,3804.0,4319.0
6301.0,3804.0,4319.0
6301.0,3819.0,4319.0
6312.0,3819.0,4319.0
6312.0,3833.0,4319.0
6321.0,3833.0,4316.0
6321.0,3849.0,4316.0
6334.0,3849.0,4313.0
6334.0,3860.0,4313.0
6346.0,3860.0,4308.0
6346.0,3871.0,4308.0
6360.0,3871.0,4303.0
6360.0,3883.0,4303.0
6376.0,3883.0,4303.0
6376.0,3892.0,4303.0
6390.0,3892.0,4303.0
6390.0,3901.0,4303.0
6409.0,3901.0,4301.0
6409.0,3907.0,4301.0
6420.0,3907.0,4294.0
6420.0,3912.0,4294.0
6441.0,3912.0,4286.0
6441.0,3916.0,4286.0
6455.0,3916.0,4282.0
6455.0,3919.0,4282.0
6474.0,3919.0,4269.0
6474.0,3921.0,4269.0
6487.0,3921.0,4269.0
6487.0,3921.0,4269.0
6505.0,3921.0,4271.0
6505.0,3924.0,4271.0
6503.0,3924.0,4271.0
6503.0,3930.0,4271.0
6507.0,3930.0,4271.0
6507.0,3930.0,4271.0
6522.0,3930.0,4271.0
6522.0,3927.0,4271.0
6539.0,3927.0,4257.0
6539.0,3925.0,4257.0
6556.0,3925.0,4257.0
6556.0,3920.0,4257.0
6571.0,3920.0,4251.0
6571.0,3915.0,4251.0
6590.0,3915.0,4255.0
6590.0,3909.0,4255.0
6602.0,3909.0,4253.0
6602.0,3900.0,4253.0
6622.0,3900.0,4253.0
6622.0,3891.0,4253.0
6633.0,3891.0,4244.0
6633.0,3880.0,4244.0
6653.0,3880.0,4241.0
6653.0,3869.0,4241.0
6663.0,3869.0,4232.0
6663.0,3856.0,4232.0
6679.0,3856.0,4230.0
6679.0,3845.0,4230.0
6687.0,3845.0,4230.0
6687.0,3831.0,4230.0
6700.0,3831.0,4230.0
6700.0,3813.0,4230.0
6710.0,3813.0,4222.0
6710.0,3798.0,4222.0
6718.0,3798.0,4212.0
6718.0,3782.0,4212.0
6726.0,3782.0,4210.0
6726.0,3769.0,4210.0
6731.0,3769.0,4211.0
6731.0,3752.0,4211.0
6736.0,3752.0,4211.0
6736.0,3731.0,4211.0
6740.0,3731.0,4211.0
6740.0,3717.0,4211.0
6743.0,3717.0,4211.0
6743.0,3702.0,4211.0
6744.0,3702.0,4211.0
6744.0,3684.0,4211.0
6744.0,3684.0,4211.0
6744.0,3668.0,4211.0
6744.0,3668.0,4211.0
6744.0,3651.0,4211.0
6742.0,3651.0,4211.0
6742.0,3635.0,4211.0
6739.0,3635.0,4211.0
6739.0,3615.0,4211.0
6735.0,3615.0,4211.0
6735.0,3601.0,4211.0
6730.0,3601.0,4211.0
6730.0,3587.0,4211.0
6723.0,3587.0,4211.0
6723.0,3573.0,4211.0
6715.0,3573.0,4211.0
6715.0,3556.0,4211.0
6706.0,3556.0,4211.0
6706.0,3540.0,4211.0
6695.0,3540.0,4211.0
6695.0,3526.0,4211.0
6684.0,3526.0,4211.0
6684.0,3513.0,4211.0
6671.0,3513.0,4211.0
6671.0,3502.0,4211.0
6657.0,3502.0,4214.0
6657.0,3489.0,4214.0
6643.0,3489.0,4221.0
6643.0,3479.0,4221.0
6629.0,3479.0,4227.0
6629.0,3471.0,4227.0
6610.0,3471.0,4220.0
6610.0,3463.0,4220.0
6595.0,3463.0,4221.0
6595.0,3457.0,4221.0
6579.0,3457.0,4233.0
6579.0,3451.0,4233.0
6564.0,3451.0,4235.0
6564.0,3448.0,4235.0
6548.0,3448.0,4247.0
6548.0,3446.0,4247.0
6531.0,3446.0,4240.0
6531.0,3444.0,4240.0
6515.0,3444.0,4253.0
6515.0,3444.0,4253.0
6496.0,3444.0,4249.0
6496.0,3444.0,4249.0
6480.0,3444.0,4248.0
6480.0,3446.0,4248.0
6463.0,3446.0,4251.0
6463.0,3449.0,4251.0
6447.0,3449.0,4266.0
6447.0,3453.0,4266.0
6432.0,3453.0,4264.0
6432.0,3459.0,4264.0
6413.0,3459.0,4272.0
6413.0,3465.0,4272.0
6400.0,3465.0,4273.0
6400.0,3473.0,4273.0
6383.0,3473.0,4273.0
6383.0,3482.0,4273.0
6370.0,3482.0,4273.0
6370.0,3492.0,4273.0
6354.0,3492.0,4286.0
6354.0,3503.0,4286.0
6344.0,3503.0,4283.0
6344.0,3514.0,4283.0
6328.0,3514.0,4298.0
6328.0,3525.0,4298.0
6321.0,3525.0,4293.0
6321.0,3539.0,4293.0
6307.0,3539.0,4293.0
6307.0,3554.0,4293.0
6300.0,3554.0,4293.0
6290.0,3554.0,4292.0
6290.0,3570.0,4292.0
6283.0,3570.0,4295.0
6283.0,3584.0,4295.0
6283.0,3598.0,4295.0
6276.0,3598.0,4301.0
6276.0,3616.0,4301.0
6271.0,3616.0,4303.0
6271.0,3631.0,4303.0
6267.0,3631.0,4308.0
6267.0,3649.0,4308.0
6264.0,3649.0,4310.0
6264.0,3663.0,4310.0
6262.0,3663.0,4312.0
6262.0,3680.0,4312.0
6261.0,3680.0,4313.0
6261.0,3696.0,4313.0
6261.0,3696.0,4313.0
6261.0,3714.0,4313.0
6263.0,3714.0,4313.0
6263.0,3730.0,4313.0
6265.0,3730.0,4313.0
6268.0,3730.0,4313.0
6268.0,3747.0,4313.0
6268.0,3764.0,4313.0
6273.0,3764.0,4313.0
6273.0,3780.0,4313.0
6279.0,3780.0,4314.0
6279.0,3795.0,4314.0
6286.0,3795.0,4313.0
6286.0,3811.0,4313.0
6295.0,3811.0,4314.0
6295.0,3824.0,4314.0
6304.0,3824.0,4314.0
6304.0,3840.0,4314.0
6314.0,3840.0,4314.0
6314.0,3853.0,4314.0
6326.0,3853.0,4315.0
6326.0,3865.0,4315.0
6338.0,3865.0,4312.0
6338.0,3875.0,4312.0
6351.0,3875.0,4310.0
6351.0,3887.0,4310.0
6366.0,3887.0,4294.0
6366.0,3896.0,4294.0
6379.0,3896.0,4295.0
6394.0,3896.0,4295.0
6394.0,3904.0,4295.0
6410.0,3904.0,4295.0
6410.0,3910.0,4295.0
6410.0,3917.0,4295.0
6426.0,3917.0,4295.0
6426.0,3922.0,4295.0
6445.0,3922.0,4278.0
6445.0,3925.0,4278.0
6458.0,3925.0,4284.0
6458.0,3928.0,4284.0
6475.0,3928.0,4280.0
6475.0,3929.0,4280.0
6491.0,3929.0,4274.0
6491.0,3930.0,4274.0
6506.0,3930.0,4273.0
6506.0,3929.0,4273.0
6506.0,3929.0,4273.0
6506.0,3922.0,4273.0
6508.0,3922.0,4273.0
6508.0,3914.0,4273.0
6505.0,3914.0,4274.0
6505.0,3904.0,4274.0
6503.0,3904.0,4274.0
6503.0,3903.0,4274.0
6489.0,3903.0,4274.0
6489.0,3903.0,4274.0
6470.0,3903.0,4274.0
6470.0,3901.0,4274.0
6459.0,3901.0,4274.0
6459.0,3897.0,4274.0
6442.0,3897.0,4274.0
6442.0,3891.0,4274.0
6428.0,3891.0,4289.0
6428.0,3885.0,4289.0
6408.0,3885.0,4289.0
6397.0,3885.0,4289.0
6397.0,3877.0,4289.0
6397.0,3866.0,4289.0
6376.0,3866.0,4289.0
6376.0,3857.0,4289.0
6367.0,3857.0,4289.0
6367.0,3846.0,4289.0
6353.0,3846.0,4290.0
6353.0,3833.0,4290.0
6342.0,3833.0,4295.0
6342.0,3821.0,4295.0
6332.0,3821.0,4297.0
6332.0,3808.0,4297.0
6322.0,3808.0,4298.0
6322.0,3794.0,4298.0
6313.0,3794.0,4301.0
6313.0,3780.0,4301.0
6307.0,3780.0,4305.0
6307.0,3767.0,4305.0
6301.0,3767.0,4305.0
6301.0,3746.0,4305.0
6296.0,3746.0,4308.0
6296.0,3735.0,4308.0
6293.0,3735.0,4307.0
6293.0,3722.0,4307.0
6289.0,3722.0,4307.0
6289.0,3706.0,4307.0
6287.0,3706.0,4308.0
6287.0,3686.0,4308.0
6287.0,3686.0,4309.0
6287.0,3667.0,4309.0
6288.0,3667.0,4309.0
6288.0,3651.0,4309.0
6290.0,3651.0,4308.0
6290.0,3639.0,4308.0
6292.0,3639.0,4307.0
6292.0,3625.0,4307.0
6296.0,3625.0,4308.0
6296.0,3606.0,4308.0
6302.0,3606.0,4298.0
6302.0,3590.0,4298.0
6309.0,3590.0,4297.0
6309.0,3574.0,4297.0
6318.0,3574.0,4297.0
6318.0,3563.0,4297.0
6326.0,3563.0,4297.0
6326.0,3547.0,4297.0
6338.0,3547.0,4297.0
6338.0,3534.0,4297.0
6348.0,3534.0,4297.0
6348.0,3522.0,4297.0
6361.0,3522.0,4281.0
6361.0,3513.0,4281.0
6372.0,3513.0,4279.0
6372.0,3504.0,4279.0
6386.0,3504.0,4272.0
6386.0,3495.0,4272.0
6400.0,3495.0,4272.0
6400.0,3487.0,4272.0
6418.0,3487.0,4272.0
6418.0,3480.0,4272.0
6433.0,3480.0,4272.0
6433.0,3476.0,4272.0
6450.0,3476.0,4264.0
6450.0,3472.0,4264.0
6463.0,3472.0,4263.0
6463.0,3470.0,4263.0
6479.0,3470.0,4260.0
6479.0,3469.0,4260.0
6499.0,3469.0,4253.0
6499.0,3469.0,4253.0
6518.0,3469.0,4250.0
6518.0,3470.0,4250.0
6535.0,3470.0,4250.0
6535.0,3472.0,4250.0
6547.0,3472.0,4243.0
6547.0,3476.0,4243.0
6563.0,3476.0,4239.0
6563.0,3481.0,4239.0
6577.0,3481.0,4230.0
6577.0,3487.0,4230.0
6595.0,3487.0,4228.0
6595.0,3493.0,4228.0
6607.0,3493.0,4227.0
6623.0,3493.0,4227.0
6623.0,3503.0,4227.0
6635.0,3503.0,4227.0
6635.0,3513.0,4227.0
6635.0,3521.0,4227.0
6647.0,3521.0,4227.0
6647.0,3532.0,4227.0
6659.0,3532.0,4227.0
6659.0,3547.0,4227.0
6671.0,3547.0,4215.0
6671.0,3557.0,4215.0
6680.0,3557.0,4221.0
6680.0,3571.0,4221.0
6688.0,3571.0,4216.0
6688.0,3588.0,4216.0
6697.0,3588.0,4221.0
6697.0,3603.0,4221.0
6705.0,3603.0,4216.0
6705.0,3620.0,4216.0
6711.0,3620.0,4204.0
6711.0,3632.0,4204.0
6715.0,3632.0,4205.0
6715.0,3649.0,4205.0
6717.0,3649.0,4205.0
6717.0,3667.0,4205.0
6719.0,3667.0,4205.0
6719.0,3684.0,4205.0
6720.0,3684.0,4205.0
6720.0,3702.0,4205.0
6720.0,3702.0,4205.0
6720.0,3719.0,4205.0
6719.0,3719.0,4206.0
6719.0,3733.0,4206.0
6715.0,3733.0,4206.0
6715.0,3748.0,4206.0
6711.0,3748.0,4218.0
6711.0,3764.0,4218.0
6707.0,3764.0,4223.0
6707.0,3780.0,4223.0
6700.0,3780.0,4223.0
6700.0,3792.0,4223.0
6692.0,3792.0,4223.0
6692.0,3805.0,4223.0
6684.0,3805.0,4223.0
6684.0,3821.0,4223.0
6675.0,3821.0,4223.0
6675.0,3834.0,4223.0
6664.0,3834.0,4223.0
6664.0,3845.0,4223.0
6650.0,3845.0,4223.0
6650.0,3856.0,4223.0
6638.0,3856.0,4236.0
6638.0,3867.0,4236.0
6625.0,3867.0,4241.0
6625.0,3877.0,4241.0
6607.0,3877.0,4252.0
6607.0,3884.0,4252.0
6593.0,3884.0,4250.0
6593.0,3891.0,4250.0
6575.0,3891.0,4250.0
6561.0,3891.0,4250.0
6561.0,3896.0,4250.0
6561.0,3900.0,4250.0
6545.0,3900.0,4258.0
6545.0,3902.0,4258.0
6530.0,3902.0,4256.0
6530.0,3903.0,4256.0
6515.0,3903.0,4271.0
6515.0,3904.0,4271.0
6502.0,3904.0,4271.0
6502.0,3904.0,4271.0
6501.0,3904.0,4271.0
6501.0,3904.0,4271.0
6498.0,3904.0,4271.0
6498.0,3904.0,4271.0
6499.0,3904.0,4271.0
6499.0,3904.0,4271.0
6499.0,3904.0,4271.0
6499.0,3904.0,4271.0
6499.0,3904.0,4271.0
6499.0,3904.0,4271.0
6499.0,3904.0,4271.0
6499.0,3904.0,4271.0
6499.0,3904.0,4271.0
6499.0,3904.0,4271.0
6499.0,3904.0,4271.0
6499.0,3904.0,4271.0
6499.0,3904.0,4271.0
6499.0,3904.0,4271.0
6499.0,3904.0,4271.0
6499.0,3904.0,4271.0
6499.0,3904.0,4271.0
6499.0,3904.0,4271.0
6499.0,3904.0,4271.0
6499.0,3904.0,4271.0
6499.0,3904.0,4271.0
6499.0,3904.0,4271.0
6499.0,3904.0,4271.0
6499.0,3904.0,4271.0
6499.0,3904.0,4271.0
6499.0,3904.0,4271.0
6499.0,3904.0,4271.0
6499.0,3904.0,4271.0
6499.0,3904.0,4271.0
6499.0,3904.0,4271.0
6499.0,3904.0,4271.0
6499.0,3904.0,4271.0
6499.0,3904.0,4271.0
6499.0,3904.0,4271.0
6499.0,3904.0,4271.0
6499.0,3904.0,4271.0
6499.0,3904.0,4271.0
6499.0,3904.0,4271.0
6499.0,3904.0,4271.0
6499.0,3904.0,4271.0
6499.0,3904.0,4271.0
6499.0,3904.0,4271.0
6499.0,3904.0,4271.0
6499.0,3904.0,4271.0
6499.0,3904.0,4271.0
6499.0,3904.0,4271.0
6499.0,3904.0,4271.0
6499.0,3904.0,4271.0
6499.0,3904.0,4271.0
6499.0,3904.0,4271.0
6499.0,3904.0,4271.0
6499.0,3904.0,4271.0
6499.0,3904.0,4271.0
6499.0,3904.0,4271.0
6499.0,3904.0,4271.0
6499.0,3904.0,4271.0
6499.0,3904.0,4271.0
6499.0,3904.0,4271.0
6499.0,3904.0,4271.0
6499.0,3904.0,4271.0
6499.0,3904.0,4271.0
6499.0,3904.0,4271.0
6499.0,3904.0,4271.0
6499.0,3904.0,4271.0
6499.0,3904.0,4271.0
6499.0,3904.0,4271.0
6499.0,3904.0,4271.0
6499.0,3904.0,4271.0
6499.0,3904.0,4271.0
6499.0,3904.0,4271.0
6499.0,3904.0,4271.0
6499.0,3904.0,4271.0
6499.0,3904.0,4271.0
6499.0,3904.0,4271.0
6499.0,3904.0,4271.0
6499.0,3904.0,4271.0
6499.0,3904.0,4271.0
6499.0,3904.0,4271.0
6499.0,3904.0,4271.0
6499.0,3904.0,4271.0
6499.0,3904.0,4271.0
6499.0,3904.0,4271.0
6499.0,3904.0,4271.0
6499.0,3904.0,4271.0
6499.0,3904.0,4271.0
6499.0,3912.0,4271.0
6499.0,3912.0,4271.0
6499.0,3916.0,4271.0
6497.0,3916.0,4271.0
6497.0,3908.0,4271.0
6481.0,3908.0,4271.0
6481.0,3904.0,4271.0
6482.0,3904.0,4271.0
6482.0,3886.0,4271.0
6483.0,3886.0,4271.0
6483.0,3876.0,4271.0
6487.0,3876.0,4271.0
6487.0,3859.0,4271.0
6494.0,3859.0,4271.0
6494.0,3850.0,4271.0
6491.0,3850.0,4271.0
6489.0,3850.0,4271.0
6489.0,3837.0,4271.0
6488.0,3837.0,4271.0
6488.0,3817.0,4271.0
6488.0,3791.0,4271.0
6488.0,3791.0,4271.0
6488.0,3782.0,4271.0
6487.0,3782.0,4271.0
6487.0,3778.0,4271.0
6487.0,3778.0,4272.0
6487.0,3778.0,4272.0
6487.0,3778.0,4272.0
6487.0,3778.0,4272.0
6487.0,3778.0,4272.0
6487.0,3779.0,4272.0
6486.0,3779.0,4272.0
6486.0,3779.0,4272.0
6486.0,3779.0,4272.0
6486.0,3779.0,4272.0
6487.0,3779.0,4272.0
6487.0,3779.0,4272.0
6487.0,3779.0,4272.0
6487.0,3779.0,4272.0
6487.0,3779.0,4272.0
6487.0,3779.0,4272.0
6486.0,3779.0,4272.0
6486.0,3779.0,4272.0
6486.0,3779.0,4272.0
6486.0,3779.0,4272.0
6487.0,3779.0,4272.0
6487.0,3779.0,4272.0
6487.0,3779.0,4272.0
6487.0,3779.0,4272.0
6487.0,3779.0,4272.0
6487.0,3779.0,4272.0
6486.0,3779.0,4272.0
6486.0,3779.0,4272.0
6486.0,3779.0,4272.0
6486.0,3779.0,4272.0
6487.0,3779.0,4272.0
6487.0,3779.0,4272.0
6487.0,3779.0,4272.0
6487.0,3779.0,4272.0
6487.0,3779.0,4272.0
6487.0,3779.0,4272.0
6486.0,3779.0,4272.0
6486.0,3779.0,4272.0
6486.0,3779.0,4272.0
6486.0,3779.0,4272.0
6487.0,3779.0,4272.0
6487.0,3779.0,4272.0
6487.0,3779.0,4272.0
6487.0,3779.0,4272.0
6487.0,3779.0,4272.0
6487.0,3779.0,4272.0
6486.0,3779.0,4272.0
6486.0,3779.0,4272.0
6486.0,3779.0,4272.0
6486.0,3779.0,4272.0
6487.0,3779.0,4272.0
6487.0,3779.0,4272.0
6487.0,3779.0,4272.0
6487.0,3779.0,4272.0
6487.0,3779.0,4272.0
6487.0,3779.0,4272.0
6487.0,3779.0,4272.0
6487.0,3779.0,4272.0
6487.0,3779.0,4272.0
6487.0,3779.0,4272.0
6487.0,3779.0,4272.0
6487.0,3779.0,4272.0
6487.0,3779.0,4272.0
6487.0,3779.0,4272.0
6487.0,3779.0,4272.0
6487.0,3779.0,4272.0
6487.0,3779.0,4272.0
6487.0,3779.0,4272.0
6487.0,3779.0,4272.0
6487.0,3779.0,4272.0
6487.0,3779.0,4272.0
6487.0,3779.0,4272.0
6487.0,3779.0,4272.0
6487.0,3779.0,4272.0
6487.0,3779.0,4272.0
6487.0,3779.0,4272.0
6487.0,3779.0,4272.0
6487.0,3779.0,4272.0
6487.0,3779.0,4272.0
6487.0,3779.0,4272.0
6487.0,3779.0,4272.0
6487.0,3779.0,4272.0
6487.0,3779.0,4272.0
6487.0,3779.0,4272.0
6487.0,3779.0,4272.0
6487.0,3779.0,4272.0
6487.0,3779.0,4272.0
6487.0,3778.0,4272.0
6485.0,3778.0,4272.0
6485.0,3772.0,4272.0
6482.0,3772.0,4272.0
6482.0,3757.0,4272.0
6479.0,3757.0,4272.0
6479.0,3725.0,4272.0
6472.0,3725.0,4272.0
6472.0,3714.0,4272.0
6471.0,3714.0,4272.0
6471.0,3708.0,4272.0
6472.0,3708.0,4272.0
6472.0,3702.0,4272.0
6478.0,3702.0,4272.0
6478.0,3699.0,4272.0
6485.0,3699.0,4271.0
6485.0,3695.0,4271.0
6509.0,3695.0,4256.0
6509.0,3694.0,4256.0
6519.0,3694.0,4250.0
6519.0,3693.0,4250.0
6534.0,3693.0,4254.0
6534.0,3695.0,4254.0
6543.0,3695.0,4253.0
6543.0,3698.0,4253.0
6552.0,3698.0,4254.0
6552.0,3703.0,4254.0
6560.0,3703.0,4254.0
6560.0,3710.0,4254.0
6566.0,3710.0,4254.0
6566.0,3718.0,4254.0
6571.0,3718.0,4253.0
6571.0,3729.0,4253.0
6571.0,3729.0,4254.0
6571.0,3739.0,4254.0
6572.0,3739.0,4254.0
6572.0,3745.0,4254.0
6569.0,3745.0,4254.0
6569.0,3755.0,4254.0
6564.0,3755.0,4254.0
6564.0,3762.0,4254.0
6558.0,3762.0,4254.0
6558.0,3767.0,4254.0
6548.0,3767.0,4254.0
6548.0,3773.0,4254.0
6534.0,3773.0,4255.0
6534.0,3775.0,4255.0
6522.0,3775.0,4255.0
6522.0,3779.0,4255.0
6504.0,3779.0,4268.0
6504.0,3780.0,4268.0
6495.0,3780.0,4264.0
6495.0,3779.0,4264.0
6487.0,3779.0,4263.0
6487.0,3782.0,4263.0
6487.0,3782.0,4263.0
6487.0,3786.0,4263.0
6487.0,3786.0,4263.0
6487.0,3767.0,4263.0
6481.0,3767.0,4263.0
6481.0,3726.0,4263.0
6470.0,3726.0,4263.0
6470.0,3702.0,4263.0
6464.0,3702.0,4263.0
6464.0,3698.0,4263.0
6465.0,3698.0,4263.0
6465.0,3689.0,4263.0
6471.0,3689.0,4263.0
6471.0,3686.0,4263.0
6465.0,3686.0,4263.0
6465.0,3680.0,4263.0
6465.0,3680.0,4263.0
6465.0,3654.0,4263.0
6459.0,3654.0,4263.0
6459.0,3631.0,4263.0
6455.0,3631.0,4263.0
6455.0,3616.0,4263.0
6453.0,3616.0,4263.0
6453.0,3612.0,4263.0
6456.0,3612.0,4263.0
6456.0,3606.0,4263.0
6461.0,3606.0,4263.0
6461.0,3601.0,4263.0
6468.0,3601.0,4263.0
6468.0,3598.0,4263.0
6478.0,3598.0,4263.0
6478.0,3594.0,4263.0
6498.0,3594.0,4254.0
6498.0,3594.0,4254.0
6508.0,3594.0,4251.0
6508.0,3595.0,4251.0
6518.0,3595.0,4251.0
6518.0,3596.0,4251.0
6529.0,3596.0,4252.0
6529.0,3599.0,4252.0
6535.0,3599.0,4252.0
6535.0,3605.0,4252.0
6544.0,3605.0,4252.0
6544.0,3610.0,4252.0
6550.0,3610.0,4252.0
6550.0,3621.0,4252.0
6557.0,3621.0,4252.0
6557.0,3632.0,4252.0
6558.0,3632.0,4252.0
6558.0,3643.0,4252.0
6559.0,3643.0,4252.0
6559.0,3651.0,4252.0
6557.0,3651.0,4252.0
6557.0,3660.0,4252.0
6554.0,3660.0,4252.0
6554.0,3667.0,4252.0
6549.0,3667.0,4252.0
6549.0,3675.0,4252.0
6540.0,3675.0,4252.0
6540.0,3680.0,4252.0
6531.0,3680.0,4252.0
6531.0,3683.0,4252.0
6517.0,3683.0,4252.0
6517.0,3685.0,4252.0
6506.0,3685.0,4252.0
6506.0,3690.0,4252.0
6482.0,3690.0,4269.0
6482.0,3691.0,4269.0
6474.0,3691.0,4267.0
6474.0,3691.0,4267.0
6471.0,3691.0,4267.0
6471.0,3697.0,4267.0
6473.0,3697.0,4267.0
6473.0,3695.0,4267.0
6490.0,3695.0,4267.0
6490.0,3689.0,4267.0
6531.0,3689.0,4249.0
6531.0,3685.0,4249.0
6550.0,3685.0,4249.0
6550.0,3684.0,4249.0
6554.0,3684.0,4249.0
6554.0,3684.0,4249.0
6554.0,3677.0,4249.0
6558.0,3677.0,4249.0
6558.0,3673.0,4249.0
6558.0,3668.0,4249.0
6566.0,3668.0,4249.0
6566.0,3662.0,4249.0
6578.0,3662.0,4249.0
6578.0,3655.0,4249.0
6582.0,3655.0,4246.0
6582.0,3648.0,4246.0
6590.0,3648.0,4235.0
6590.0,3640.0,4235.0
6591.0,3640.0,4233.0
6591.0,3631.0,4233.0
6594.0,3631.0,4234.0
6594.0,3621.0,4234.0
6592.0,3621.0,4234.0
6592.0,3612.0,4234.0
6591.0,3612.0,4234.0
6591.0,3601.0,4234.0
6585.0,3601.0,4234.0
6585.0,3593.0,4234.0
6578.0,3593.0,4234.0
6578.0,3589.0,4234.0
6569.0,3589.0,4247.0
6569.0,3584.0,4247.0
6560.0,3584.0,4244.0
6560.0,3580.0,4244.0
6550.0,3580.0,4247.0
6550.0,3578.0,4247.0
6538.0,3578.0,4247.0
6538.0,3577.0,4247.0
6528.0,3577.0,4251.0
6528.0,3573.0,4251.0
6525.0,3573.0,4249.0
6525.0,3568.0,4249.0
6520.0,3568.0,4249.0
6520.0,3548.0,4249.0
6519.0,3548.0,4249.0
6519.0,3542.0,4249.0
6515.0,3542.0,4249.0
6515.0,3544.0,4249.0
6505.0,3544.0,4249.0
6505.0,3551.0,4249.0
6506.0,3551.0,4249.0
6511.0,3551.0,4249.0
6511.0,3569.0,4249.0
6511.0,3575.0,4249.0
6507.0,3575.0,4249.0
6501.0,3575.0,4249.0
6501.0,3582.0,4249.0
6501.0,3583.0,4249.0
6494.0,3583.0,4249.0
6494.0,3588.0,4249.0
6471.0,3588.0,4261.0
6471.0,3587.0,4261.0
6468.0,3587.0,4259.0
6468.0,3583.0,4259.0
6459.0,3583.0,4262.0
6459.0,3577.0,4262.0
6457.0,3577.0,4262.0
6454.0,3577.0,4262.0
6454.0,3557.0,4262.0
6454.0,3554.0,4262.0
6451.0,3554.0,4262.0
6451.0,3556.0,4262.0
6441.0,3556.0,4262.0
6441.0,3566.0,4262.0
6444.0,3566.0,4262.0
6444.0,3581.0,4262.0
6447.0,3581.0,4262.0
6447.0,3589.0,4262.0
6442.0,3589.0,4262.0
6442.0,3592.0,4262.0
6439.0,3592.0,4262.0
6439.0,3594.0,4262.0
6430.0,3594.0,4262.0
6430.0,3599.0,4262.0
6406.0,3599.0,4265.0
6406.0,3603.0,4265.0
6385.0,3603.0,4272.0
6385.0,3607.0,4272.0
6391.0,3607.0,4277.0
6391.0,3610.0,4277.0
6391.0,3610.0,4278.0
6391.0,3610.0,4278.0
6406.0,3610.0,4274.0
6406.0,3613.0,4274.0
6409.0,3613.0,4265.0
6409.0,3618.0,4265.0
6417.0,3618.0,4280.0
6417.0,3624.0,4280.0
6418.0,3624.0,4275.0
6418.0,3636.0,4275.0
6422.0,3636.0,4273.0
6422.0,3668.0,4273.0
6427.0,3668.0,4277.0
6427.0,3708.0,4277.0
6435.0,3708.0,4275.0
6435.0,3746.0,4275.0
6443.0,3746.0,4274.0
6443.0,3767.0,4274.0
6446.0,3767.0,4274.0
6446.0,3777.0,4274.0
6446.0,3777.0,4273.0
6446.0,3784.0,4273.0
6444.0,3784.0,4273.0
6444.0,3790.0,4273.0
6439.0,3790.0,4273.0
6439.0,3796.0,4273.0
6433.0,3796.0,4273.0
6433.0,3799.0,4273.0
6424.0,3799.0,4273.0
6424.0,3803.0,4273.0
6425.0,3803.0,4273.0
6425.0,3806.0,4273.0
6429.0,3806.0,4273.0
6429.0,3802.0,4273.0
6455.0,3802.0,4273.0
6455.0,3798.0,4273.0
6476.0,3798.0,4273.0
6476.0,3798.0,4273.0
6477.0,3798.0,4273.0
6477.0,3801.0,4273.0
6486.0,3801.0,4273.0
6486.0,3807.0,4273.0
6485.0,3807.0,4273.0
6485.0,3807.0,4273.0
6489.0,3807.0,4273.0
6489.0,3822.0,4273.0
6491.0,3822.0,4273.0
6491.0,3831.0,4273.0
6494.0,3831.0,4273.0
6494.0,3829.0,4273.0
6503.0,3829.0,4260.0
6503.0,3823.0,4260.0
6503.0,3823.0,4269.0
6503.0,3805.0,4269.0
6499.0,3805.0,4270.0
6499.0,3804.0,4270.0
6502.0,3804.0,4270.0
6502.0,3799.0,4270.0
6502.0,3799.0,4270.0
6502.0,3794.0,4270.0
6507.0,3794.0,4261.0
6507.0,3790.0,4261.0
6512.0,3790.0,4266.0
6512.0,3785.0,4266.0
6533.0,3785.0,4255.0
6533.0,3786.0,4255.0
6540.0,3786.0,4254.0
6540.0,3788.0,4254.0
6547.0,3788.0,4251.0
6547.0,3794.0,4251.0
6552.0,3794.0,4251.0
6552.0,3809.0,4251.0
6553.0,3809.0,4251.0
6553.0,3819.0,4251.0
6556.0,3819.0,4251.0
6556.0,3817.0,4251.0
6566.0,3817.0,4251.0
6566.0,3813.0,4251.0
6567.0,3813.0,4251.0
6567.0,3793.0,4251.0
6562.0,3793.0,4251.0
6562.0,3786.0,4251.0
6565.0,3786.0,4251.0
6566.0,3786.0,4251.0
6566.0,3780.0,4251.0
6566.0,3775.0,4251.0
6574.0,3775.0,4251.0
6574.0,3772.0,4251.0
6583.0,3772.0,4251.0
6593.0,3772.0,4251.0
6593.0,3764.0,4251.0
6593.0,3757.0,4251.0
6599.0,3757.0,4240.0
6599.0,3751.0,4240.0
6603.0,3751.0,4235.0
6603.0,3739.0,4235.0
6605.0,3739.0,4237.0
6605.0,3733.0,4237.0
6605.0,3733.0,4237.0
6605.0,3723.0,4237.0
6603.0,3723.0,4237.0
6603.0,3712.0,4237.0
6598.0,3712.0,4237.0
6598.0,3706.0,4237.0
6591.0,3706.0,4237.0
6591.0,3701.0,4237.0
6583.0,3701.0,4237.0
6583.0,3697.0,4237.0
6575.0,3697.0,4239.0
6575.0,3694.0,4239.0
6562.0,3694.0,4251.0
6562.0,3691.0,4251.0
6558.0,3691.0,4249.0
6558.0,3687.0,4249.0
6555.0,3687.0,4249.0
6555.0,3685.0,4249.0
6558.0,3685.0,4250.0
6558.0,3683.0,4250.0
6565.0,3683.0,4250.0
6565.0,3678.0,4250.0
6562.0,3678.0,4250.0
6562.0,3673.0,4250.0
6574.0,3673.0,4250.0
6574.0,3668.0,4250.0
6583.0,3668.0,4241.0
6583.0,3661.0,4241.0
6590.0,3661.0,4244.0
6590.0,3652.0,4244.0
6597.0,3652.0,4239.0
6597.0,3642.0,4239.0
6599.0,3642.0,4239.0
6599.0,3634.0,4239.0
6602.0,3634.0,4239.0
6602.0,3624.0,4239.0
6601.0,3624.0,4239.0
6601.0,3613.0,4239.0
6599.0,3613.0,4239.0
6599.0,3604.0,4239.0
6596.0,3604.0,4238.0
6596.0,3597.0,4238.0
6591.0,3597.0,4234.0
6591.0,3587.0,4234.0
6582.0,3587.0,4242.0
6582.0,3580.0,4242.0
6573.0,3580.0,4239.0
6573.0,3576.0,4239.0
6563.0,3576.0,4239.0
6563.0,3572.0,4239.0
6554.0,3572.0,4239.0
6554.0,3571.0,4239.0
6541.0,3571.0,4251.0
6541.0,3570.0,4251.0
6531.0,3570.0,4249.0
6531.0,3567.0,4249.0
6532.0,3567.0,4249.0
6532.0,3550.0,4249.0
6527.0,3550.0,4249.0
6527.0,3532.0,4249.0
6525.0,3532.0,4249.0
6525.0,3531.0,4249.0
6520.0,3531.0,4249.0
6520.0,3535.0,4249.0
6498.0,3535.0,4249.0
6498.0,3536.0,4249.0
6493.0,3536.0,4249.0
6493.0,3550.0,4249.0
6497.0,3550.0,4249.0
6497.0,3568.0,4249.0
6500.0,3568.0,4249.0
6500.0,3572.0,4249.0
6499.0,3572.0,4249.0
6499.0,3574.0,4249.0
6494.0,3574.0,4249.0
6494.0,3578.0,4249.0
6474.0,3578.0,4264.0
6474.0,3578.0,4264.0
6467.0,3578.0,4257.0
6467.0,3576.0,4257.0
6468.0,3576.0,4255.0
6468.0,3561.0,4255.0
6465.0,3561.0,4255.0
6465.0,3543.0,4255.0
6462.0,3543.0,4255.0
6462.0,3543.0,4255.0
6456.0,3543.0,4268.0
6456.0,3547.0,4268.0
6433.0,3547.0,4272.0
6433.0,3548.0,4272.0
6429.0,3548.0,4267.0
6429.0,3563.0,4267.0
6434.0,3563.0,4267.0
6434.0,3581.0,4267.0
6436.0,3581.0,4267.0
6436.0,3585.0,4267.0
6435.0,3585.0,4268.0
6435.0,3586.0,4268.0
6429.0,3586.0,4268.0
6429.0,3590.0,4268.0
6408.0,3590.0,4268.0
6408.0,3594.0,4268.0
6388.0,3594.0,4278.0
6388.0,3596.0,4278.0
6378.0,3596.0,4282.0
6378.0,3606.0,4282.0
6381.0,3606.0,4281.0
6381.0,3620.0,4281.0
6383.0,3620.0,4281.0
6383.0,3619.0,4281.0
6391.0,3619.0,4281.0
6391.0,3618.0,4281.0
6401.0,3618.0,4275.0
6401.0,3620.0,4275.0
6404.0,3620.0,4279.0
6404.0,3625.0,4279.0
6411.0,3625.0,4271.0
6411.0,3633.0,4271.0
6412.0,3633.0,4269.0
6412.0,3649.0,4269.0
6416.0,3649.0,4269.0
6416.0,3669.0,4269.0
6419.0,3669.0,4269.0
6419.0,3690.0,4269.0
6423.0,3690.0,4270.0
6423.0,3710.0,4270.0
6427.0,3710.0,4270.0
6427.0,3730.0,4270.0
6431.0,3730.0,4270.0
6431.0,3750.0,4270.0
6434.0,3750.0,4270.0
6434.0,3769.0,4270.0
6438.0,3769.0,4270.0
6438.0,3777.0,4270.0
6438.0,3777.0,4270.0
6438.0,3784.0,4270.0
6435.0,3784.0,4270.0
6435.0,3788.0,4270.0
6430.0,3788.0,4270.0
6430.0,3790.0,4270.0
6419.0,3790.0,4283.0
6419.0,3793.0,4283.0
6413.0,3793.0,4283.0
6413.0,3810.0,4283.0
6419.0,3810.0,4283.0
6419.0,3816.0,4283.0
6419.0,3816.0,4283.0
6419.0,3813.0,4283.0
6437.0,3813.0,4283.0
6437.0,3809.0,4283.0
6458.0,3809.0,4269.0
6458.0,3806.0,4269.0
6475.0,3806.0,4273.0
6475.0,3807.0,4273.0
6477.0,3807.0,4274.0
6477.0,3811.0,4274.0
6479.0,3811.0,4274.0
6479.0,3829.0,4274.0
6482.0,3829.0,4274.0
6485.0,3829.0,4274.0
6485.0,3842.0,4274.0
6485.0,3841.0,4274.0
6495.0,3841.0,4274.0
6495.0,3837.0,4274.0
6517.0,3837.0,4259.0
6517.0,3835.0,4259.0
6514.0,3835.0,4265.0
6514.0,3816.0,4265.0
6512.0,3816.0,4267.0
6512.0,3802.0,4267.0
6508.0,3802.0,4267.0
6508.0,3799.0,4267.0
6512.0,3799.0,4267.0
6512.0,3798.0,4267.0
6519.0,3798.0,4256.0
6519.0,3794.0,4256.0
6539.0,3794.0,4259.0
6539.0,3795.0,4259.0
6539.0,3795.0,4253.0
6539.0,3798.0,4253.0
6543.0,3798.0,4260.0
6543.0,3818.0,4260.0
6545.0,3818.0,4259.0
6545.0,3831.0,4259.0
6548.0,3831.0,4260.0
6548.0,3829.0,4260.0
6557.0,3829.0,4246.0
6557.0,3825.0,4246.0
6581.0,3825.0,4250.0
6581.0,3823.0,4250.0
6578.0,3823.0,4250.0
6578.0,3803.0,4250.0
6576.0,3803.0,4250.0
6576.0,3789.0,4250.0
6571.0,3789.0,4251.0
6571.0,3784.0,4251.0
6574.0,3784.0,4251.0
6574.0,3781.0,4251.0
6583.0,3781.0,4251.0
6583.0,3775.0,4251.0
6595.0,3775.0,4251.0
6595.0,3767.0,4251.0
6602.0,3767.0,4243.0
6602.0,3758.0,4243.0
6608.0,3758.0,4246.0
6608.0,3749.0,4246.0
6611.0,3749.0,4237.0
6611.0,3739.0,4237.0
6613.0,3739.0,4242.0
6613.0,3732.0,4242.0
6613.0,3732.0,4242.0
6613.0,3722.0,4242.0
6611.0,3722.0,4242.0
6611.0,3711.0,4242.0
6607.0,3711.0,4242.0
6607.0,3705.0,4242.0
6601.0,3705.0,4242.0
6601.0,3698.0,4242.0
6592.0,3698.0,4242.0
6592.0,3693.0,4242.0
6585.0,3693.0,4242.0
6585.0,3688.0,4242.0
6574.0,3688.0,4242.0
6574.0,3686.0,4242.0
6563.0,3686.0,4242.0
6563.0,3683.0,4242.0
6563.0,3683.0,4242.0
6563.0,3678.0,4242.0
6560.0,3678.0,4242.0
6560.0,3667.0,4242.0
6557.0,3667.0,4242.0
6557.0,3653.0,4242.0
6563.0,3653.0,4242.0
6565.0,3653.0,4242.0
6565.0,3644.0,4242.0
6565.0,3625.0,4242.0
6561.0,3625.0,4242.0
6561.0,3618.0,4242.0
6560.0,3618.0,4242.0
6560.0,3605.0,4242.0
6548.0,3605.0,4242.0
6548.0,3597.0,4242.0
6539.0,3597.0,4242.0
6526.0,3597.0,4242.0
6526.0,3591.0,4242.0
6526.0,3590.0,4242.0
6514.0,3590.0,4242.0
6514.0,3593.0,4242.0
6494.0,3593.0,4254.0
6494.0,3596.0,4254.0
6465.0,3596.0,4262.0
6465.0,3597.0,4262.0
6471.0,3597.0,4269.0
6471.0,3612.0,4269.0
6445.0,3612.0,4262.0
6445.0,3615.0,4262.0
6450.0,3615.0,4265.0
6450.0,3634.0,4265.0
6449.0,3634.0,4265.0
6449.0,3655.0,4265.0
6456.0,3655.0,4265.0
6456.0,3688.0,4265.0
6461.0,3688.0,4265.0
6461.0,3698.0,4265.0
6462.0,3698.0,4265.0
6462.0,3688.0,4265.0
6470.0,3688.0,4265.0
6470.0,3683.0,4265.0
6475.0,3683.0,4265.0
6475.0,3678.0,4265.0
6470.0,3678.0,4265.0
6470.0,3657.0,4265.0
6468.0,3657.0,4265.0
6468.0,3637.0,4265.0
6463.0,3637.0,4265.0
6463.0,3621.0,4265.0
6461.0,3621.0,4265.0
6461.0,3617.0,4265.0
6463.0,3617.0,4266.0
6463.0,3611.0,4266.0
6468.0,3611.0,4266.0
6468.0,3607.0,4266.0
6478.0,3607.0,4257.0
6478.0,3604.0,4257.0
6496.0,3604.0,4260.0
6496.0,3603.0,4260.0
6509.0,3603.0,4250.0
6509.0,3603.0,4250.0
6519.0,3603.0,4255.0
6519.0,3605.0,4255.0
6530.0,3605.0,4242.0
6530.0,3608.0,4242.0
6535.0,3608.0,4243.0
6535.0,3615.0,4243.0
6542.0,3615.0,4243.0
6542.0,3624.0,4243.0
6547.0,3624.0,4243.0
6547.0,3633.0,4243.0
6551.0,3633.0,4243.0
6551.0,3642.0,4243.0
6551.0,3642.0,4243.0
6551.0,3649.0,4243.0
6550.0,3649.0,4243.0
6550.0,3658.0,4243.0
6546.0,3658.0,4243.0
6546.0,3667.0,4243.0
6539.0,3667.0,4243.0
6539.0,3670.0,4243.0
6532.0,3670.0,4243.0
6532.0,3672.0,4243.0
6522.0,3672.0,4244.0
6522.0,3677.0,4244.0
6507.0,3677.0,4252.0
6507.0,3680.0,4252.0
6490.0,3680.0,4253.0
6490.0,3683.0,4253.0
6473.0,3683.0,4259.0
6473.0,3682.0,4259.0
6474.0,3682.0,4264.0
6474.0,3681.0,4264.0
6467.0,3681.0,4264.0
6467.0,3682.0,4264.0
6457.0,3682.0,4268.0
6457.0,3695.0,4268.0
6462.0,3695.0,4267.0
6462.0,3732.0,4267.0
6467.0,3732.0,4267.0
6467.0,3771.0,4267.0
6477.0,3771.0,4267.0
6479.0,3771.0,4267.0
6479.0,3788.0,4267.0
6479.0,3781.0,4267.0
6487.0,3781.0,4267.0
6487.0,3772.0,4267.0
6494.0,3772.0,4268.0
6494.0,3771.0,4268.0
6487.0,3771.0,4268.0
6487.0,3771.0,4268.0
6487.0,3763.0,4268.0
6483.0,3763.0,4268.0
6483.0,3742.0,4268.0
6480.0,3742.0,4268.0
6480.0,3722.0,4268.0
6478.0,3722.0,4268.0
6478.0,3713.0,4268.0
6478.0,3709.0,4268.0
6481.0,3709.0,4268.0
6481.0,3707.0,4268.0
6491.0,3707.0,4264.0
6491.0,3703.0,4264.0
6515.0,3703.0,4253.0
6515.0,3703.0,4253.0
6524.0,3703.0,4247.0
6524.0,3702.0,4247.0
6539.0,3702.0,4253.0
6539.0,3704.0,4253.0
6543.0,3704.0,4245.0
6543.0,3708.0,4245.0
6554.0,3708.0,4245.0
6554.0,3714.0,4245.0
6559.0,3714.0,4245.0
6559.0,3722.0,4245.0
6563.0,3722.0,4245.0
6563.0,3733.0,4245.0
6564.0,3733.0,4245.0
6564.0,3741.0,4245.0
6563.0,3741.0,4245.0
6563.0,3748.0,4245.0
6559.0,3748.0,4245.0
6559.0,3753.0,4245.0
6555.0,3753.0,4245.0
6555.0,3759.0,4245.0
6546.0,3759.0,4245.0
6546.0,3763.0,4245.0
6537.0,3763.0,4245.0
6537.0,3767.0,4245.0
6519.0,3767.0,4258.0
6519.0,3769.0,4258.0
6503.0,3769.0,4254.0
6503.0,3772.0,4254.0
6490.0,3772.0,4257.0
6490.0,3771.0,4257.0
6491.0,3771.0,4260.0
6491.0,3771.0,4260.0
6484.0,3771.0,4264.0
6484.0,3773.0,4264.0
6474.0,3773.0,4267.0
6474.0,3773.0,4267.0
6490.0,3773.0,4267.0
6490.0,3776.0,4267.0
6527.0,3776.0,4249.0
6527.0,3777.0,4249.0
6551.0,3777.0,4247.0
6551.0,3779.0,4247.0
6552.0,3779.0,4256.0
6552.0,3785.0,4256.0
6555.0,3785.0,4248.0
6555.0,3780.0,4248.0
6544.0,3780.0,4246.0
6544.0,3779.0,4246.0
6546.0,3779.0,4246.0
6546.0,3773.0,4246.0
6559.0,3773.0,4246.0
6559.0,3774.0,4246.0
6559.0,3774.0,4246.0
6559.0,3786.0,4246.0
6555.0,3786.0,4246.0
6555.0,3777.0,4246.0
6559.0,3777.0,4247.0
6559.0,3772.0,4247.0
6562.0,3772.0,4247.0
6562.0,3767.0,4247.0
6568.0,3767.0,4247.0
6568.0,3751.0,4247.0
6575.0,3751.0,4247.0
6575.0,3744.0,4247.0
6582.0,3744.0,4247.0
6582.0,3731.0,4247.0
6579.0,3731.0,4247.0
6579.0,3719.0,4247.0
6578.0,3719.0,4247.0
6578.0,3712.0,4247.0
6573.0,3712.0,4247.0
6573.0,3704.0,4247.0
6571.0,3704.0,4248.0
6571.0,3704.0,4248.0
6574.0,3704.0,4248.0
6574.0,3707.0,4248.0
6582.0,3707.0,4248.0
6582.0,3713.0,4248.0
6588.0,3713.0,4237.0
6588.0,3719.0,4237.0
6594.0,3719.0,4241.0
6597.0,3719.0,4241.0
6597.0,3728.0,4241.0
6598.0,3728.0,4241.0
6598.0,3738.0,4241.0
6595.0,3738.0,4241.0
6595.0,3746.0,4241.0
6595.0,3754.0,4241.0
6589.0,3754.0,4241.0
6589.0,3761.0,4241.0
6582.0,3761.0,4242.0
6582.0,3766.0,4242.0
6575.0,3766.0,4242.0
6575.0,3768.0,4242.0
6568.0,3768.0,4242.0
6568.0,3759.0,4242.0
6573.0,3759.0,4242.0
6573.0,3754.0,4242.0
6576.0,3754.0,4242.0
6576.0,3744.0,4242.0
6580.0,3744.0,4243.0
6580.0,3748.0,4243.0
6587.0,3748.0,4243.0
6587.0,3739.0,4243.0
6589.0,3739.0,4243.0
6589.0,3732.0,4243.0
6589.0,3732.0,4243.0
6589.0,3731.0,4243.0
6586.0,3731.0,4243.0
6586.0,3749.0,4243.0
6574.0,3749.0,4243.0
6574.0,3757.0,4243.0
6568.0,3757.0,4243.0
6568.0,3769.0,4243.0
6556.0,3769.0,4243.0
6556.0,3771.0,4243.0
6548.0,3771.0,4243.0
6548.0,3778.0,4243.0
6525.0,3778.0,4252.0
6525.0,3780.0,4252.0
6515.0,3780.0,4259.0
6515.0,3786.0,4259.0
6485.0,3786.0,4260.0
6485.0,3788.0,4260.0
6478.0,3788.0,4260.0
6478.0,3774.0,4260.0
6478.0,3774.0,4260.0
6478.0,3737.0,4260.0
6467.0,3737.0,4260.0
6467.0,3707.0,4260.0
6465.0,3707.0,4260.0
6465.0,3700.0,4260.0
6463.0,3700.0,4260.0
6463.0,3696.0,4260.0
6486.0,3696.0,4260.0
6486.0,3689.0,4260.0
6525.0,3689.0,4248.0
6525.0,3686.0,4248.0
6546.0,3686.0,4244.0
6546.0,3686.0,4244.0
6543.0,3686.0,4244.0
6543.0,3683.0,4244.0
6544.0,3683.0,4244.0
6544.0,3684.0,4244.0
6542.0,3684.0,4244.0
6542.0,3688.0,4244.0
6514.0,3688.0,4245.0
6514.0,3695.0,4245.0
6476.0,3695.0,4268.0
6476.0,3698.0,4268.0
6463.0,3698.0,4260.0
6463.0,3693.0,4260.0
6462.0,3693.0,4260.0
6462.0,3663.0,4260.0
6455.0,3663.0,4260.0
6455.0,3635.0,4260.0
6450.0,3635.0,4260.0
6450.0,3618.0,4260.0
6449.0,3618.0,4260.0
6449.0,3614.0,4260.0
6450.0,3614.0,4260.0
6450.0,3600.0,4260.0
6457.0,3600.0,4260.0
6457.0,3599.0,4260.0
6463.0,3599.0,4260.0
6463.0,3593.0,4260.0
6496.0,3593.0,4253.0
6496.0,3590.0,4253.0
6508.0,3590.0,4249.0
6508.0,3591.0,4249.0
6523.0,3591.0,4251.0
6523.0,3592.0,4251.0
6535.0,3592.0,4249.0
6551.0,3592.0,4249.0
6551.0,3600.0,4249.0
6574.0,3600.0,4235.0
6574.0,3607.0,4235.0
6574.0,3613.0,4235.0
6567.0,3613.0,4244.0
6567.0,3622.0,4244.0
6580.0,3622.0,4246.0
6580.0,3625.0,4246.0
6571.0,3625.0,4240.0
6571.0,3632.0,4240.0
6567.0,3632.0,4239.0
6567.0,3621.0,4239.0
6563.0,3621.0,4239.0
6563.0,3615.0,4239.0
6560.0,3615.0,4239.0
6552.0,3615.0,4239.0
6552.0,3601.0,4239.0
6552.0,3593.0,4239.0
6543.0,3593.0,4239.0
6543.0,3588.0,4239.0
6531.0,3588.0,4239.0
6531.0,3588.0,4239.0
6545.0,3588.0,4239.0
6545.0,3589.0,4239.0
6553.0,3589.0,4239.0
6553.0,3591.0,4239.0
6566.0,3591.0,4240.0
6566.0,3597.0,4240.0
6571.0,3597.0,4240.0
6571.0,3603.0,4240.0
6579.0,3603.0,4240.0
6579.0,3611.0,4240.0
6581.0,3611.0,4240.0
6581.0,3620.0,4240.0
6586.0,3620.0,4240.0
6586.0,3630.0,4240.0
6586.0,3630.0,4240.0
6586.0,3639.0,4240.0
6585.0,3639.0,4240.0
6585.0,3645.0,4240.0
6580.0,3645.0,4240.0
6580.0,3652.0,4240.0
6574.0,3652.0,4240.0
6574.0,3656.0,4240.0
6567.0,3656.0,4240.0
6567.0,3658.0,4240.0
6565.0,3658.0,4240.0
6565.0,3645.0,4240.0
6568.0,3645.0,4240.0
6568.0,3634.0,4240.0
6567.0,3634.0,4240.0
6567.0,3631.0,4240.0
6565.0,3631.0,4240.0
6565.0,3611.0,4240.0
6554.0,3611.0,4240.0
6554.0,3605.0,4240.0
6550.0,3605.0,4240.0
6550.0,3589.0,4240.0
6534.0,3589.0,4240.0
6534.0,3588.0,4240.0
6531.0,3588.0,4240.0
6531.0,3585.0,4240.0
6520.0,3585.0,4240.0
6520.0,3583.0,4240.0
6515.0,3583.0,4245.0
6515.0,3587.0,4245.0
6498.0,3587.0,4247.0
6498.0,3597.0,4247.0
6461.0,3597.0,4259.0
6461.0,3600.0,4259.0
6456.0,3600.0,4259.0
6456.0,3611.0,4259.0
6446.0,3611.0,4264.0
6446.0,3615.0,4264.0
6446.0,3615.0,4261.0
6446.0,3628.0,4261.0
6448.0,3628.0,4261.0
6448.0,3647.0,4261.0
6451.0,3647.0,4261.0
6451.0,3668.0,4261.0
6453.0,3668.0,4261.0
6453.0,3685.0,4261.0
6456.0,3685.0,4261.0
6456.0,3690.0,4261.0
6459.0,3690.0,4261.0
6459.0,3695.0,4261.0
6467.0,3695.0,4261.0
6467.0,3698.0,4261.0
6470.0,3698.0,4261.0
6470.0,3703.0,4261.0
6464.0,3703.0,4261.0
6464.0,3710.0,4261.0
6462.0,3710.0,4261.0
6462.0,3720.0,4261.0
6463.0,3720.0,4261.0
6463.0,3741.0,4261.0
6468.0,3741.0,4261.0
6468.0,3761.0,4261.0
6471.0,3761.0,4261.0
6471.0,3774.0,4261.0
6474.0,3774.0,4261.0
6474.0,3780.0,4261.0
6477.0,3780.0,4261.0
6477.0,3787.0,4261.0
6482.0,3787.0,4261.0
6482.0,3790.0,4261.0
6471.0,3790.0,4261.0
6471.0,3791.0,4261.0
6462.0,3791.0,4261.0
6462.0,3794.0,4261.0
6444.0,3794.0,4262.0
6444.0,3790.0,4262.0
6452.0,3790.0,4275.0
6452.0,3779.0,4275.0
6453.0,3779.0,4263.0
6453.0,3772.0,4263.0
6455.0,3772.0,4269.0
6455.0,3762.0,4269.0
6453.0,3762.0,4269.0
6453.0,3741.0,4269.0
6450.0,3741.0,4269.0
6450.0,3720.0,4269.0
6444.0,3720.0,4269.0
6444.0,3699.0,4269.0
6441.0,3699.0,4269.0
6441.0,3681.0,4269.0
6439.0,3681.0,4269.0
6439.0,3661.0,4269.0
6435.0,3661.0,4269.0
6435.0,3640.0,4269.0
6431.0,3640.0,4269.0
6431.0,3627.0,4269.0
6427.0,3627.0,4269.0
6427.0,3617.0,4269.0
6424.0,3617.0,4269.0
6424.0,3611.0,4269.0
6419.0,3611.0,4269.0
6419.0,3608.0,4269.0
6414.0,3608.0,4268.0
6414.0,3606.0,4268.0
6419.0,3606.0,4268.0
6419.0,3602.0,4268.0
6437.0,3602.0,4268.0
6437.0,3598.0,4268.0
6441.0,3598.0,4268.0
6441.0,3594.0,4268.0
6451.0,3594.0,4268.0
6451.0,3586.0,4268.0
6453.0,3586.0,4268.0
6453.0,3592.0,4268.0
6460.0,3592.0,4268.0
6460.0,3594.0,4268.0
6460.0,3594.0,4258.0
6460.0,3598.0,4258.0
6451.0,3598.0,4268.0
6451.0,3605.0,4268.0
6450.0,3605.0,4269.0
6450.0,3613.0,4269.0
6445.0,3613.0,4269.0
6445.0,3615.0,4269.0
6433.0,3615.0,4269.0
6433.0,3612.0,4269.0
6427.0,3612.0,4269.0
6427.0,3609.0,4269.0
6434.0,3609.0,4269.0
6434.0,3608.0,4269.0
6442.0,3608.0,4269.0
6442.0,3616.0,4269.0
6437.0,3616.0,4269.0
6437.0,3626.0,4269.0
6438.0,3626.0,4269.0
6438.0,3616.0,4269.0
6431.0,3616.0,4269.0
6431.0,3620.0,4269.0
6434.0,3620.0,4269.0
6434.0,3628.0,4269.0
6439.0,3628.0,4269.0
6439.0,3645.0,4269.0
6441.0,3645.0,4268.0
6441.0,3662.0,4268.0
6444.0,3662.0,4268.0
6444.0,3678.0,4268.0
6446.0,3678.0,4268.0
6446.0,3689.0,4268.0
6447.0,3689.0,4268.0
6447.0,3698.0,4268.0
6449.0,3698.0,4268.0
6449.0,3700.0,4268.0
6450.0,3700.0,4268.0
6450.0,3688.0,4268.0
6449.0,3688.0,4268.0
6449.0,3696.0,4268.0
6454.0,3696.0,4268.0
6454.0,3700.0,4268.0
6457.0,3700.0,4268.0
6457.0,3704.0,4268.0
6455.0,3704.0,4268.0
6455.0,3716.0,4268.0
6455.0,3716.0,4268.0
6455.0,3712.0,4268.0
6452.0,3712.0,4268.0
6452.0,3701.0,4268.0
6448.0,3701.0,4268.0
6448.0,3712.0,4268.0
6452.0,3712.0,4268.0
6452.0,3726.0,4268.0
6455.0,3726.0,4268.0
6455.0,3744.0,4268.0
6459.0,3744.0,4268.0
6459.0,3760.0,4268.0
6462.0,3760.0,4268.0
6462.0,3775.0,4268.0
6463.0,3775.0,4268.0
6463.0,3780.0,4268.0
6465.0,3780.0,4268.0
6465.0,3788.0,4268.0
6480.0,3788.0,4268.0
6480.0,3792.0,4268.0
6492.0,3792.0,4268.0
6492.0,3790.0,4268.0
6487.0,3790.0,4268.0
6487.0,3788.0,4268.0
6479.0,3788.0,4268.0
6479.0,3788.0,4268.0
6481.0,3788.0,4268.0
6481.0,3788.0,4268.0
6480.0,3788.0,4268.0
6480.0,3788.0,4268.0
6482.0,3788.0,4268.0
6482.0,3788.0,4268.0
6482.0,3788.0,4268.0
6482.0,3788.0,4268.0
6481.0,3788.0,4268.0
6481.0,3788.0,4268.0
6480.0,3788.0,4268.0
6480.0,3788.0,4268.0
6481.0,3788.0,4268.0
6481.0,3788.0,4268.0
6481.0,3788.0,4268.0
6481.0,3788.0,4268.0
6482.0,3788.0,4268.0
6482.0,3788.0,4268.0
6481.0,3788.0,4268.0
6481.0,3788.0,4268.0
6481.0,3788.0,4268.0
6481.0,3788.0,4268.0
6481.0,3788.0,4268.0
6481.0,3788.0,4268.0
6481.0,3788.0,4268.0
6481.0,3788.0,4268.0
6482.0,3788.0,4268.0
6482.0,3788.0,4268.0
6481.0,3788.0,4268.0
6481.0,3788.0,4268.0
6481.0,3788.0,4268.0
6481.0,3788.0,4268.0
6481.0,3788.0,4268.0
6481.0,3788.0,4268.0
6481.0,3788.0,4268.0
6481.0,3788.0,4268.0
6482.0,3788.0,4268.0
6482.0,3788.0,4268.0
6481.0,3788.0,4268.0
6481.0,3788.0,4268.0
6481.0,3788.0,4268.0
6481.0,3788.0,4268.0
6481.0,3788.0,4268.0
6481.0,3788.0,4268.0
6481.0,3788.0,4268.0
6481.0,3788.0,4268.0
6482.0,3788.0,4268.0
6482.0,3788.0,4268.0
6481.0,3788.0,4268.0
6481.0,3788.0,4268.0
6481.0,3788.0,4268.0
6481.0,3788.0,4268.0
6481.0,3788.0,4268.0
6481.0,3788.0,4268.0
6481.0,3788.0,4268.0
6481.0,3788.0,4268.0
6481.0,3788.0,4268.0
6481.0,3788.0,4268.0
6481.0,3788.0,4268.0
6481.0,3788.0,4268.0
6481.0,3788.0,4268.0
6481.0,3788.0,4268.0
6481.0,3788.0,4268.0
6481.0,3788.0,4268.0
6481.0,3788.0,4268.0
6481.0,3788.0,4268.0
6481.0,3788.0,4268.0
6481.0,3788.0,4268.0
6481.0,3788.0,4268.0
6481.0,3788.0,4268.0
6481.0,3788.0,4268.0
6481.0,3788.0,4268.0
6481.0,3788.0,4268.0
6481.0,3788.0,4268.0
6481.0,3788.0,4268.0
6481.0,3788.0,4268.0
6481.0,3788.0,4268.0
6481.0,3788.0,4268.0
6481.0,3788.0,4268.0
6481.0,3788.0,4268.0
6481.0,3788.0,4268.0
6481.0,3788.0,4268.0
6481.0,3788.0,4268.0
6481.0,3788.0,4268.0
6481.0,3788.0,4268.0
6481.0,3788.0,4268.0
6481.0,3788.0,4268.0
6481.0,3788.0,4268.0
6481.0,3788.0,4309.0
6481.0,3788.0,4309.0
6481.0,3788.0,4354.0
6481.0,3788.0,4354.0
6481.0,3788.0,4415.0
6481.0,3788.0,4415.0
6481.0,3788.0,4484.0
6481.0,3788.0,4484.0
6481.0,3788.0,4572.0
6481.0,3788.0,4572.0
6481.0,3788.0,4666.0
6481.0,3788.0,4666.0
6481.0,3788.0,4721.0
6481.0,3797.0,4721.0
6483.0,3797.0,4722.0
6483.0,3829.0,4722.0
6484.0,3829.0,4722.0
6484.0,3849.0,4722.0
6487.0,3849.0,4722.0
6487.0,3860.0,4722.0
6488.0,3860.0,4722.0
6488.0,3884.0,4722.0
6487.0,3884.0,4722.0
6487.0,3906.0,4722.0
6487.0,3906.0,4723.0
6487.0,3908.0,4723.0
6491.0,3908.0,4723.0
6491.0,3913.0,4723.0
6501.0,3913.0,4724.0
6501.0,3912.0,4724.0
6496.0,3912.0,4724.0
6496.0,3912.0,4724.0
6499.0,3912.0,4724.0
6499.0,3912.0,4724.0
6497.0,3912.0,4724.0
6497.0,3912.0,4724.0
6498.0,3912.0,4724.0
6498.0,3912.0,4724.0
6498.0,3912.0,4724.0
6498.0,3912.0,4724.0
6498.0,3912.0,4724.0
6498.0,3912.0,4724.0
6498.0,3912.0,4724.0
6498.0,3912.0,4724.0
6498.0,3912.0,4724.0
6498.0,3912.0,4724.0
6498.0,3912.0,4724.0
6498.0,3912.0,4724.0
6498.0,3912.0,4724.0
6498.0,3912.0,4724.0
6498.0,3912.0,4724.0
6498.0,3912.0,4724.0
6498.0,3912.0,4724.0
6498.0,3912.0,4724.0
6498.0,3912.0,4724.0
6498.0,3912.0,4724.0
6498.0,3912.0,4724.0
6498.0,3912.0,4724.0
6498.0,3912.0,4724.0
6498.0,3912.0,4724.0
6498.0,3912.0,4724.0
6498.0,3912.0,4724.0
6498.0,3912.0,4724.0
6498.0,3912.0,4724.0
6498.0,3912.0,4724.0
6498.0,3912.0,4724.0
6498.0,3912.0,4724.0
6498.0,3912.0,4724.0
6498.0,3912.0,4724.0
6498.0,3912.0,4724.0
6498.0,3912.0,4724.0
6498.0,3912.0,4724.0
6498.0,3912.0,4724.0
6498.0,3912.0,4724.0
6498.0,3912.0,4724.0
6498.0,3912.0,4724.0
6498.0,3912.0,4724.0
6498.0,3912.0,4724.0
6498.0,3912.0,4724.0
6498.0,3912.0,4724.0
6498.0,3912.0,4724.0
6498.0,3912.0,4724.0
6498.0,3912.0,4724.0
6498.0,3912.0,4724.0
6498.0,3912.0,4724.0
6498.0,3912.0,4724.0
6498.0,3912.0,4724.0
6498.0,3912.0,4724.0
6498.0,3912.0,4724.0
6498.0,3912.0,4724.0
6498.0,3912.0,4724.0
6498.0,3912.0,4724.0
6498.0,3912.0,4724.0
6498.0,3912.0,4724.0
6498.0,3912.0,4724.0
6498.0,3912.0,4724.0
6498.0,3912.0,4724.0
6498.0,3912.0,4724.0
6498.0,3912.0,4724.0
6498.0,3912.0,4724.0
6498.0,3912.0,4724.0
6498.0,3912.0,4724.0
6498.0,3912.0,4724.0
6498.0,3912.0,4724.0
6498.0,3912.0,4724.0
6498.0,3912.0,4724.0
6498.0,3912.0,4724.0
6498.0,3912.0,4724.0
6498.0,3912.0,4724.0
6498.0,3912.0,4724.0
6498.0,3912.0,4724.0
6498.0,3912.0,4724.0
6498.0,3912.0,4724.0
6498.0,3912.0,4724.0
6498.0,3912.0,4724.0
6498.0,3912.0,4724.0
6498.0,3912.0,4724.0
6498.0,3912.0,4724.0
6489.0,3912.0,4724.0
6489.0,3911.0,4724.0
6470.0,3911.0,4728.0
6470.0,3909.0,4728.0
6455.0,3909.0,4734.0
6455.0,3905.0,4734.0
6439.0,3905.0,4739.0
6439.0,3901.0,4739.0
6424.0,3901.0,4741.0
6424.0,3895.0,4741.0
6409.0,3895.0,4742.0
6409.0,3888.0,4742.0
6393.0,3888.0,4743.0
6393.0,3878.0,4743.0
6377.0,3878.0,4746.0
6377.0,3870.0,4746.0
6363.0,3870.0,4750.0
6363.0,3857.0,4750.0
6350.0,3857.0,4755.0
6350.0,3846.0,4755.0
6338.0,3846.0,4757.0
6338.0,3832.0,4757.0
6326.0,3832.0,4762.0
6326.0,3822.0,4762.0
6315.0,3822.0,4763.0
6315.0,3807.0,4763.0
6307.0,3807.0,4762.0
6307.0,3791.0,4762.0
6298.0,3791.0,4763.0
6298.0,3774.0,4763.0
6291.0,3774.0,4764.0
6291.0,3757.0,4764.0
6285.0,3757.0,4764.0
6285.0,3744.0,4764.0
6282.0,3744.0,4764.0
6282.0,3726.0,4764.0
6277.0,3726.0,4764.0
6277.0,3709.0,4764.0
6276.0,3709.0,4764.0
6276.0,3694.0,4764.0
6275.0,3694.0,4764.0
6275.0,3673.0,4764.0
6275.0,3673.0,4764.0
6275.0,3660.0,4764.0
6275.0,3660.0,4763.0
6275.0,3643.0,4763.0
6278.0,3643.0,4762.0
6278.0,3624.0,4762.0
6283.0,3624.0,4762.0
6283.0,3611.0,4762.0
6287.0,3611.0,4761.0
6287.0,3595.0,4761.0
6295.0,3595.0,4757.0
6295.0,3581.0,4757.0
6300.0,3581.0,4754.0
6300.0,3563.0,4754.0
6310.0,3563.0,4752.0
6310.0,3549.0,4752.0
6320.0,3549.0,4750.0
6320.0,3540.0,4750.0
6329.0,3540.0,4748.0
6329.0,3530.0,4748.0
6340.0,3530.0,4747.0
6340.0,3512.0,4747.0
6356.0,3512.0,4745.0
6356.0,3504.0,4745.0
6367.0,3504.0,4743.0
6367.0,3494.0,4743.0
6383.0,3494.0,4738.0
6383.0,3485.0,4738.0
6397.0,3485.0,4735.0
6397.0,3477.0,4735.0
6415.0,3477.0,4732.0
6415.0,3472.0,4732.0
6431.0,3472.0,4731.0
6431.0,3467.0,4731.0
6446.0,3467.0,4728.0
6446.0,3463.0,4728.0
6460.0,3463.0,4725.0
6460.0,3461.0,4725.0
6476.0,3461.0,4718.0
6476.0,3461.0,4718.0
6497.0,3461.0,4713.0
6497.0,3460.0,4713.0
6511.0,3460.0,4710.0
6511.0,3462.0,4710.0
6530.0,3462.0,4709.0
6530.0,3464.0,4709.0
6543.0,3464.0,4708.0
6543.0,3468.0,4708.0
6560.0,3468.0,4703.0
6560.0,3472.0,4703.0
6575.0,3472.0,4698.0
6575.0,3479.0,4698.0
6592.0,3479.0,4693.0
6592.0,3486.0,4693.0
6606.0,3486.0,4690.0
6606.0,3496.0,4690.0
6623.0,3496.0,4688.0
6623.0,3507.0,4688.0
6637.0,3507.0,4687.0
6637.0,3514.0,4687.0
6648.0,3514.0,4687.0
6648.0,3532.0,4687.0
6667.0,3532.0,4684.0
6676.0,3532.0,4681.0
6676.0,3547.0,4681.0
6676.0,3561.0,4681.0
6687.0,3561.0,4678.0
6696.0,3561.0,4676.0
6696.0,3572.0,4676.0
6696.0,3591.0,4676.0
6705.0,3591.0,4673.0
6705.0,3607.0,4673.0
6710.0,3607.0,4673.0
6710.0,3625.0,4673.0
6716.0,3625.0,4667.0
6716.0,3641.0,4667.0
6720.0,3641.0,4667.0
6720.0,3652.0,4667.0
6723.0,3652.0,4667.0
6723.0,3668.0,4667.0
6724.0,3668.0,4667.0
6724.0,3691.0,4667.0
6724.0,3691.0,4667.0
6724.0,3707.0,4667.0
6723.0,3707.0,4668.0
6723.0,3726.0,4668.0
6722.0,3726.0,4668.0
6722.0,3740.0,4668.0
6719.0,3740.0,4671.0
6719.0,3751.0,4671.0
6715.0,3751.0,4672.0
6715.0,3770.0,4672.0
6708.0,3770.0,4674.0
6708.0,3788.0,4674.0
6701.0,3788.0,4673.0
6701.0,3805.0,4673.0
6692.0,3805.0,4675.0
6692.0,3815.0,4675.0
6683.0,3815.0,4676.0
6683.0,3828.0,4676.0
6673.0,3828.0,4678.0
6673.0,3846.0,4678.0
6659.0,3846.0,4681.0
6659.0,3859.0,4681.0
6645.0,3859.0,4688.0
6645.0,3867.0,4688.0
6632.0,3867.0,4691.0
6632.0,3877.0,4691.0
6618.0,3877.0,4695.0
6618.0,3887.0,4695.0
6602.0,3887.0,4696.0
6602.0,3893.0,4696.0
6587.0,3893.0,4698.0
6587.0,3900.0,4698.0
6571.0,3900.0,4702.0
6558.0,3900.0,4710.0
6558.0,3904.0,4710.0
6558.0,3908.0,4710.0
6540.0,3908.0,4714.0
6540.0,3910.0,4714.0
6526.0,3910.0,4717.0
6526.0,3912.0,4717.0
6507.0,3912.0,4718.0
6507.0,3912.0,4718.0
6499.0,3912.0,4719.0
6499.0,3920.0,4719.0
6501.0,3920.0,4721.0
6501.0,3921.0,4721.0
6506.0,3921.0,4720.0
6506.0,3920.0,4720.0
6527.0,3920.0,4720.0
6527.0,3918.0,4720.0
6540.0,3918.0,4718.0
6540.0,3915.0,4718.0
6559.0,3915.0,4716.0
6559.0,3910.0,4716.0
6572.0,3910.0,4712.0
6572.0,3904.0,4712.0
6591.0,3904.0,4710.0
6591.0,3898.0,4710.0
6602.0,3898.0,4709.0
6602.0,3889.0,4709.0
6622.0,3889.0,4708.0
6622.0,3878.0,4708.0
6635.0,3878.0,4705.0
6635.0,3868.0,4705.0
6650.0,3868.0,4698.0
6650.0,3857.0,4698.0
6662.0,3857.0,4694.0
6662.0,3841.0,4694.0
6676.0,3841.0,4689.0
6676.0,3827.0,4689.0
6688.0,3827.0,4688.0
6688.0,3814.0,4688.0
6696.0,3814.0,4687.0
6696.0,3797.0,4687.0
6707.0,3797.0,4686.0
6707.0,3782.0,4686.0
6713.0,3782.0,4683.0
6713.0,3767.0,4683.0
6721.0,3767.0,4680.0
6721.0,3751.0,4680.0
6723.0,3751.0,4676.0
6723.0,3730.0,4676.0
6729.0,3730.0,4671.0
6729.0,3714.0,4671.0
6731.0,3714.0,4672.0
6731.0,3700.0,4672.0
6732.0,3700.0,4667.0
6732.0,3681.0,4667.0
6732.0,3681.0,4663.0
6732.0,3661.0,4663.0
6731.0,3661.0,4663.0
6731.0,3643.0,4663.0
6729.0,3643.0,4663.0
6729.0,3628.0,4663.0
6725.0,3628.0,4663.0
6725.0,3615.0,4663.0
6721.0,3615.0,4663.0
6721.0,3596.0,4663.0
6714.0,3596.0,4662.0
6714.0,3579.0,4662.0
6707.0,3579.0,4664.0
6707.0,3564.0,4664.0
6698.0,3564.0,4665.0
6698.0,3550.0,4665.0
6687.0,3550.0,4668.0
6687.0,3537.0,4668.0
6676.0,3537.0,4670.0
6676.0,3521.0,4670.0
6663.0,3521.0,4672.0
6663.0,3510.0,4672.0
6652.0,3510.0,4672.0
6652.0,3498.0,4672.0
6635.0,3498.0,4674.0
6635.0,3488.0,4674.0
6622.0,3488.0,4675.0
6622.0,3479.0,4675.0
6606.0,3479.0,4677.0
6606.0,3471.0,4677.0
6587.0,3471.0,4681.0
6587.0,3465.0,4681.0
6575.0,3465.0,4685.0
6575.0,3459.0,4685.0
6555.0,3459.0,4690.0
6555.0,3455.0,4690.0
6542.0,3455.0,4695.0
6542.0,3454.0,4695.0
6524.0,3454.0,4696.0
6524.0,3452.0,4696.0
6507.0,3452.0,4698.0
6507.0,3452.0,4698.0
6489.0,3452.0,4701.0
6489.0,3453.0,4701.0
6475.0,3453.0,4708.0
6475.0,3455.0,4708.0
6455.0,3455.0,4713.0
6455.0,3458.0,4713.0
6442.0,3458.0,4716.0
6442.0,3462.0,4716.0
6424.0,3462.0,4718.0
6424.0,3469.0,4718.0
6407.0,3469.0,4720.0
6407.0,3476.0,4720.0
6392.0,3476.0,4723.0
6392.0,3485.0,4723.0
6377.0,3485.0,4732.0
6377.0,3493.0,4732.0
6363.0,3493.0,4738.0
6363.0,3503.0,4738.0
6350.0,3503.0,4740.0
6350.0,3517.0,4740.0
6337.0,3517.0,4742.0
6337.0,3528.0,4742.0
6324.0,3528.0,4743.0
6324.0,3541.0,4743.0
6313.0,3541.0,4745.0
6313.0,3555.0,4745.0
6302.0,3555.0,4751.0
6302.0,3574.0,4751.0
6294.0,3574.0,4755.0
6294.0,3588.0,4755.0
6286.0,3588.0,4756.0
6286.0,3603.0,4756.0
6281.0,3603.0,4762.0
6281.0,3621.0,4762.0
6273.0,3621.0,4763.0
6273.0,3639.0,4763.0
6271.0,3639.0,4764.0
6271.0,3653.0,4764.0
6267.0,3653.0,4763.0
6266.0,3653.0,4765.0
6266.0,3671.0,4765.0
6266.0,3687.0,4765.0
6266.0,3687.0,4765.0
6266.0,3704.0,4765.0
6266.0,3704.0,4765.0
6266.0,3724.0,4765.0
6267.0,3724.0,4765.0
6267.0,3737.0,4765.0
6270.0,3737.0,4766.0
6270.0,3753.0,4766.0
6275.0,3753.0,4766.0
6275.0,3767.0,4766.0
6280.0,3767.0,4766.0
6280.0,3788.0,4766.0
6288.0,3788.0,4766.0
6288.0,3803.0,4766.0
6295.0,3803.0,4765.0
6295.0,3817.0,4765.0
6305.0,3817.0,4765.0
6305.0,3829.0,4765.0
6315.0,3829.0,4764.0
6315.0,3845.0,4764.0
6327.0,3845.0,4763.0
6327.0,3861.0,4763.0
6342.0,3861.0,4762.0
6342.0,3870.0,4762.0
6354.0,3870.0,4757.0
6354.0,3883.0,4757.0
6371.0,3883.0,4755.0
6371.0,3891.0,4755.0
6385.0,3891.0,4751.0
6385.0,3899.0,4751.0
6402.0,3899.0,4748.0
6402.0,3907.0,4748.0
6419.0,3907.0,4747.0
6419.0,3911.0,4747.0
6433.0,3911.0,4746.0
6433.0,3916.0,4746.0
6453.0,3916.0,4743.0
6453.0,3919.0,4743.0
6467.0,3919.0,4739.0
6467.0,3920.0,4739.0
6485.0,3920.0,4734.0
6485.0,3921.0,4734.0
6499.0,3921.0,4732.0
6499.0,3923.0,4732.0
6501.0,3923.0,4734.0
6501.0,3930.0,4734.0
6502.0,3930.0,4734.0
6502.0,3930.0,4734.0
6519.0,3930.0,4731.0
6519.0,3928.0,4731.0
6535.0,3928.0,4730.0
6535.0,3924.0,4730.0
6551.0,3924.0,4725.0
6551.0,3920.0,4725.0
6569.0,3920.0,4718.0
6569.0,3915.0,4718.0
6585.0,3915.0,4712.0
6585.0,3908.0,4712.0
6601.0,3908.0,4710.0
6601.0,3901.0,4710.0
6614.0,3901.0,4709.0
6614.0,3892.0,4709.0
6631.0,3892.0,4707.0
6631.0,3882.0,4707.0
6644.0,3882.0,4703.0
6644.0,3869.0,4703.0
6663.0,3869.0,4694.0
6663.0,3857.0,4694.0
6672.0,3857.0,4690.0
6672.0,3844.0,4690.0
6687.0,3844.0,4688.0
6687.0,3830.0,4688.0
6695.0,3830.0,4687.0
6695.0,3814.0,4687.0
6708.0,3814.0,4686.0
6708.0,3797.0,4686.0
6714.0,3797.0,4685.0
6714.0,3781.0,4685.0
6723.0,3781.0,4681.0
6723.0,3768.0,4681.0
6727.0,3768.0,4676.0
6727.0,3749.0,4676.0
6734.0,3749.0,4671.0
6736.0,3749.0,4665.0
6736.0,3731.0,4665.0
6736.0,3715.0,4665.0
6739.0,3715.0,4663.0
6740.0,3715.0,4663.0
6740.0,3700.0,4663.0
6740.0,3700.0,4662.0
6740.0,3681.0,4662.0
6740.0,3665.0,4662.0
6739.0,3665.0,4661.0
6738.0,3665.0,4661.0
6738.0,3647.0,4661.0
6738.0,3629.0,4661.0
6734.0,3629.0,4661.0
6734.0,3614.0,4661.0
6731.0,3614.0,4661.0
6731.0,3599.0,4661.0
6724.0,3599.0,4661.0
6724.0,3583.0,4661.0
6718.0,3583.0,4662.0
6718.0,3570.0,4662.0
6709.0,3570.0,4661.0
6709.0,3552.0,4661.0
6701.0,3552.0,4663.0
6701.0,3538.0,4663.0
6690.0,3538.0,4665.0
6679.0,3538.0,4666.0
6679.0,3525.0,4666.0
6679.0,3515.0,4666.0
6668.0,3515.0,4670.0
6668.0,3503.0,4670.0
6654.0,3503.0,4673.0
6654.0,3493.0,4673.0
6642.0,3493.0,4674.0
6642.0,3480.0,4674.0
6626.0,3480.0,4675.0
6626.0,3472.0,4675.0
6611.0,3472.0,4675.0
6611.0,3465.0,4675.0
6596.0,3465.0,4679.0
6596.0,3460.0,4679.0
6580.0,3460.0,4683.0
6580.0,3454.0,4683.0
6565.0,3454.0,4690.0
6565.0,3449.0,4690.0
6546.0,3449.0,4693.0
6546.0,3445.0,4693.0
6531.0,3445.0,4695.0
6531.0,3444.0,4695.0
6514.0,3444.0,4697.0
6514.0,3444.0,4697.0
6495.0,3444.0,4699.0
6495.0,3444.0,4699.0
6480.0,3444.0,4703.0
6480.0,3445.0,4703.0
6463.0,3445.0,4710.0
6463.0,3448.0,4710.0
6446.0,3448.0,4715.0
6446.0,3452.0,4715.0
6430.0,3452.0,4718.0
6430.0,3458.0,4718.0
6413.0,3458.0,4718.0
6413.0,3464.0,4718.0
6398.0,3464.0,4721.0
6382.0,3464.0,4727.0
6382.0,3472.0,4727.0
6382.0,3480.0,4727.0
6367.0,3480.0,4733.0
6367.0,3490.0,4733.0
6354.0,3490.0,4739.0
6354.0,3502.0,4739.0
6340.0,3502.0,4741.0
6340.0,3513.0,4741.0
6329.0,3513.0,4742.0
6329.0,3524.0,4742.0
6315.0,3524.0,4743.0
6315.0,3537.0,4743.0
6305.0,3537.0,4746.0
6305.0,3556.0,4746.0
6294.0,3556.0,4753.0
6294.0,3570.0,4753.0
6287.0,3570.0,4757.0
6287.0,3584.0,4757.0
6278.0,3584.0,4760.0
6278.0,3600.0,4760.0
6271.0,3600.0,4762.0
6271.0,3616.0,4762.0
6266.0,3616.0,4763.0
6263.0,3616.0,4763.0
6263.0,3634.0,4763.0
6263.0,3650.0,4763.0
6259.0,3650.0,4764.0
6259.0,3666.0,4764.0
6258.0,3666.0,4764.0
6257.0,3666.0,4766.0
6257.0,3680.0,4766.0
6257.0,3696.0,4766.0
6257.0,3696.0,4765.0
6257.0,3714.0,4765.0
6259.0,3714.0,4767.0
6259.0,3733.0,4767.0
6261.0,3733.0,4767.0
6261.0,3745.0,4767.0
6264.0,3745.0,4767.0
6264.0,3766.0,4767.0
6269.0,3766.0,4767.0
6269.0,3780.0,4767.0
6275.0,3780.0,4765.0
6275.0,3796.0,4765.0
6283.0,3796.0,4766.0
6283.0,3809.0,4766.0
6291.0,3809.0,4766.0
6291.0,3826.0,4766.0
6301.0,3826.0,4765.0
6312.0,3826.0,4765.0
6312.0,3842.0,4765.0
6323.0,3842.0,4764.0
6323.0,3855.0,4764.0
6323.0,3865.0,4764.0
6337.0,3865.0,4762.0
6337.0,3877.0,4762.0
6350.0,3877.0,4759.0
6350.0,3889.0,4759.0
6365.0,3889.0,4757.0
6365.0,3898.0,4757.0
6378.0,3898.0,4753.0
6378.0,3905.0,4753.0
6395.0,3905.0,4749.0
6395.0,3912.0,4749.0
6410.0,3912.0,4747.0
6410.0,3918.0,4747.0
6427.0,3918.0,4746.0
6427.0,3923.0,4746.0
6442.0,3923.0,4745.0
6442.0,3926.0,4745.0
6459.0,3926.0,4740.0
6459.0,3928.0,4740.0
6475.0,3928.0,4738.0
6475.0,3930.0,4738.0
6491.0,3930.0,4734.0
6491.0,3930.0,4734.0
6503.0,3930.0,4732.0
6503.0,3929.0,4732.0
6503.0,3929.0,4734.0
6503.0,3918.0,4734.0
6504.0,3918.0,4732.0
6504.0,3911.0,4732.0
6501.0,3911.0,4732.0
6501.0,3905.0,4732.0
6497.0,3905.0,4733.0
6497.0,3903.0,4733.0
6481.0,3903.0,4733.0
6481.0,3902.0,4733.0
6463.0,3902.0,4739.0
6463.0,3900.0,4739.0
6451.0,3900.0,4742.0
6451.0,3897.0,4742.0
6435.0,3897.0,4744.0
6435.0,3890.0,4744.0
6421.0,3890.0,4747.0
6421.0,3883.0,4747.0
6402.0,3883.0,4747.0
6402.0,3875.0,4747.0
6389.0,3875.0,4748.0
6389.0,3864.0,4748.0
6369.0,3864.0,4753.0
6369.0,3856.0,4753.0
6361.0,3856.0,4754.0
6361.0,3843.0,4754.0
6346.0,3843.0,4758.0
6346.0,3830.0,4758.0
6337.0,3830.0,4760.0
6337.0,3819.0,4760.0
6326.0,3819.0,4761.0
6326.0,3805.0,4761.0
6317.0,3805.0,4762.0
6317.0,3791.0,4762.0
6308.0,3791.0,4764.0
6308.0,3776.0,4764.0
6301.0,3776.0,4763.0
6301.0,3760.0,4763.0
6295.0,3760.0,4764.0
6291.0,3760.0,4764.0
6291.0,3745.0,4764.0
6287.0,3745.0,4764.0
6287.0,3727.0,4764.0
6287.0,3714.0,4764.0
6284.0,3714.0,4764.0
6284.0,3699.0,4764.0
6283.0,3699.0,4764.0
6283.0,3678.0,4764.0
6283.0,3678.0,4764.0
6283.0,3661.0,4764.0
6284.0,3661.0,4763.0
6284.0,3646.0,4763.0
6286.0,3646.0,4762.0
6286.0,3631.0,4762.0
6289.0,3631.0,4762.0
6289.0,3618.0,4762.0
6294.0,3618.0,4759.0
6294.0,3601.0,4759.0
6301.0,3601.0,4757.0
6301.0,3584.0,4757.0
6308.0,3584.0,4753.0
6308.0,3568.0,4753.0
6317.0,3568.0,4751.0
6317.0,3554.0,4751.0
6327.0,3554.0,4748.0
6327.0,3543.0,4748.0
6338.0,3543.0,4747.0
6338.0,3530.0,4747.0
6349.0,3530.0,4746.0
6349.0,3519.0,4746.0
6362.0,3519.0,4744.0
6362.0,3509.0,4744.0
6373.0,3509.0,4740.0
6373.0,3501.0,4740.0
6387.0,3501.0,4738.0
6387.0,3491.0,4738.0
6402.0,3491.0,4734.0
6402.0,3485.0,4734.0
6419.0,3485.0,4732.0
6419.0,3479.0,4732.0
6435.0,3479.0,4731.0
6435.0,3475.0,4731.0
6451.0,3475.0,4729.0
6451.0,3471.0,4729.0
6463.0,3471.0,4725.0
6463.0,3469.0,4725.0
6480.0,3469.0,4717.0
6480.0,3469.0,4717.0
6501.0,3469.0,4712.0
6501.0,3469.0,4712.0
6520.0,3469.0,4710.0
6520.0,3471.0,4710.0
6537.0,3471.0,4709.0
6537.0,3473.0,4709.0
6548.0,3473.0,4707.0
6548.0,3477.0,4707.0
6566.0,3477.0,4704.0
6566.0,3482.0,4704.0
6578.0,3482.0,4698.0
6578.0,3490.0,4698.0
6596.0,3490.0,4694.0
6596.0,3497.0,4694.0
6608.0,3497.0,4689.0
6608.0,3505.0,4689.0
6624.0,3505.0,4688.0
6624.0,3515.0,4688.0
6635.0,3515.0,4687.0
6635.0,3527.0,4687.0
6649.0,3527.0,4688.0
6649.0,3537.0,4688.0
6659.0,3537.0,4686.0
6659.0,3551.0,4686.0
6672.0,3551.0,4683.0
6672.0,3565.0,4683.0
6679.0,3565.0,4681.0
6679.0,3578.0,4681.0
6690.0,3578.0,4679.0
6690.0,3594.0,4679.0
6697.0,3594.0,4677.0
6697.0,3610.0,4677.0
6704.0,3610.0,4676.0
6704.0,3627.0,4676.0
6708.0,3627.0,4676.0
6708.0,3643.0,4676.0
6711.0,3643.0,4671.0
6711.0,3654.0,4671.0
6715.0,3654.0,4671.0
6715.0,3671.0,4671.0
6715.0,3671.0,4671.0
6715.0,3693.0,4671.0
6716.0,3693.0,4671.0
6716.0,3712.0,4671.0
6715.0,3712.0,4672.0
6715.0,3726.0,4672.0
6713.0,3726.0,4671.0
6713.0,3740.0,4671.0
6709.0,3740.0,4672.0
6709.0,3753.0,4672.0
6706.0,3753.0,4673.0
6706.0,3769.0,4673.0
6699.0,3769.0,4673.0
6699.0,3785.0,4673.0
6693.0,3785.0,4674.0
6693.0,3801.0,4674.0
6684.0,3801.0,4675.0
6684.0,3814.0,4675.0
6675.0,3814.0,4675.0
6675.0,3824.0,4675.0
6666.0,3824.0,4679.0
6666.0,3840.0,4679.0
6652.0,3840.0,4683.0
6652.0,3854.0,4683.0
6638.0,3854.0,4689.0
6638.0,3863.0,4689.0
6625.0,3863.0,4694.0
6625.0,3873.0,4694.0
6609.0,3873.0,4696.0
6609.0,3881.0,4696.0
6595.0,3881.0,4697.0
6595.0,3888.0,4697.0
6578.0,3888.0,4701.0
6578.0,3895.0,4701.0
6560.0,3895.0,4708.0
6560.0,3898.0,4708.0
6547.0,3898.0,4712.0
6547.0,3901.0,4712.0
6531.0,3901.0,4716.0
6531.0,3903.0,4716.0
6518.0,3903.0,4718.0
6518.0,3904.0,4718.0
6499.0,3904.0,4719.0
6499.0,3904.0,4719.0
6497.0,3904.0,4721.0
6497.0,3904.0,4721.0
6494.0,3904.0,4722.0
6494.0,3904.0,4722.0
6495.0,3904.0,4722.0
6495.0,3904.0,4722.0
6495.0,3904.0,4722.0
6495.0,3904.0,4722.0
6495.0,3904.0,4722.0
6495.0,3904.0,4722.0
6495.0,3904.0,4722.0
6495.0,3904.0,4722.0
6495.0,3904.0,4722.0
6495.0,3904.0,4722.0
6495.0,3904.0,4722.0
6495.0,3904.0,4722.0
6495.0,3904.0,4722.0
6495.0,3904.0,4722.0
6495.0,3904.0,4722.0
6495.0,3904.0,4722.0
6495.0,3904.0,4722.0
6495.0,3904.0,4722.0
6495.0,3904.0,4722.0
6495.0,3904.0,4722.0
6495.0,3904.0,4722.0
6495.0,3904.0,4722.0
6495.0,3904.0,4722.0
6495.0,3904.0,4722.0
6495.0,3904.0,4722.0
6495.0,3904.0,4722.0
6495.0,3904.0,4722.0
6495.0,3904.0,4722.0
6495.0,3904.0,4722.0
6495.0,3904.0,4722.0
6495.0,3904.0,4722.0
6495.0,3904.0,4722.0
6495.0,3904.0,4722.0
6495.0,3904.0,4722.0
6495.0,3904.0,4722.0
6495.0,3904.0,4722.0
6495.0,3904.0,4722.0
6495.0,3904.0,4722.0
6495.0,3904.0,4722.0
6495.0,3904.0,4722.0
6495.0,3904.0,4722.0
6495.0,3904.0,4722.0
6495.0,3904.0,4722.0
6495.0,3904.0,4722.0
6495.0,3904.0,4722.0
6495.0,3904.0,4722.0
6495.0,3904.0,4722.0
6495.0,3904.0,4722.0
6495.0,3904.0,4722.0
6495.0,3904.0,4722.0
6495.0,3904.0,4722.0
6495.0,3904.0,4722.0
6495.0,3904.0,4722.0
6495.0,3904.0,4722.0
6495.0,3904.0,4722.0
6495.0,3904.0,4722.0
6495.0,3904.0,4722.0
6495.0,3904.0,4722.0
6495.0,3904.0,4722.0
6495.0,3904.0,4722.0
6495.0,3904.0,4722.0
6495.0,3904.0,4722.0
6495.0,3904.0,4722.0
6495.0,3904.0,4722.0
6495.0,3904.0,4722.0
6495.0,3904.0,4722.0
6495.0,3904.0,4722.0
6495.0,3904.0,4722.0
6495.0,3904.0,4722.0
6495.0,3904.0,4722.0
6495.0,3904.0,4722.0
6495.0,3904.0,4722.0
6495.0,3904.0,4722.0
6495.0,3904.0,4722.0
6495.0,3904.0,4722.0
6495.0,3904.0,4722.0
6495.0,3904.0,4722.0
6495.0,3904.0,4722.0
6495.0,3904.0,4722.0
6495.0,3904.0,4722.0
6495.0,3904.0,4722.0
6495.0,3904.0,4722.0
6495.0,3904.0,4722.0
6495.0,3904.0,4722.0
6495.0,3904.0,4722.0
6495.0,3905.0,4722.0
6495.0,3905.0,4722.0
6495.0,3917.0,4722.0
6495.0,3917.0,4722.0
6495.0,3912.0,4722.0
6484.0,3912.0,4723.0
6484.0,3907.0,4723.0
6475.0,3907.0,4727.0
6475.0,3891.0,4727.0
6480.0,3891.0,4725.0
6480.0,3884.0,4725.0
6479.0,3884.0,4724.0
6479.0,3863.0,4724.0
6489.0,3863.0,4724.0
6489.0,3857.0,4724.0
6488.0,3857.0,4725.0
6488.0,3838.0,4725.0
6486.0,3838.0,4725.0
6486.0,3829.0,4725.0
6485.0,3829.0,4725.0
6485.0,3799.0,4725.0
6484.0,3799.0,4724.0
6484.0,3787.0,4724.0
6484.0,3787.0,4725.0
6484.0,3779.0,4725.0
6483.0,3779.0,4725.0
6483.0,3779.0,4725.0
6483.0,3779.0,4725.0
6483.0,3779.0,4725.0
6483.0,3779.0,4725.0
6483.0,3779.0,4725.0
6483.0,3779.0,4725.0
6483.0,3779.0,4725.0
6483.0,3779.0,4725.0
6483.0,3779.0,4725.0
6483.0,3779.0,4725.0
6483.0,3779.0,4725.0
6483.0,3779.0,4725.0
6483.0,3779.0,4725.0
6483.0,3779.0,4725.0
6483.0,3779.0,4725.0
6483.0,3779.0,4725.0
6483.0,3779.0,4725.0
6483.0,3779.0,4725.0
6483.0,3779.0,4725.0
6483.0,3779.0,4725.0
6483.0,3779.0,4725.0
6483.0,3779.0,4725.0
6483.0,3779.0,4725.0
6483.0,3779.0,4725.0
6483.0,3779.0,4725.0
6483.0,3779.0,4725.0
6483.0,3779.0,4725.0
6483.0,3779.0,4725.0
6483.0,3779.0,4725.0
6483.0,3779.0,4725.0
6483.0,3779.0,4725.0
6483.0,3779.0,4725.0
6483.0,3779.0,4725.0
6483.0,3779.0,4725.0
6483.0,3779.0,4725.0
6483.0,3779.0,4725.0
6483.0,3779.0,4725.0
6483.0,3779.0,4725.0
6483.0,3779.0,4725.0
6483.0,3779.0,4725.0
6483.0,3779.0,4725.0
6483.0,3779.0,4725.0
6483.0,3779.0,4725.0
6483.0,3779.0,4725.0
6483.0,3779.0,4725.0
6483.0,3779.0,4725.0
6483.0,3779.0,4725.0
6483.0,3779.0,4725.0
6483.0,3779.0,4725.0
6483.0,3779.0,4725.0
6483.0,3779.0,4725.0
6483.0,3779.0,4725.0
6483.0,3779.0,4725.0
6483.0,3779.0,4725.0
6483.0,3779.0,4725.0
6483.0,3779.0,4725.0
6483.0,3779.0,4725.0
6483.0,3779.0,4725.0
6483.0,3779.0,4725.0
6483.0,3779.0,4725.0
6483.0,3779.0,4725.0
6483.0,3779.0,4725.0
6483.0,3779.0,4725.0
6483.0,3779.0,4725.0
6483.0,3779.0,4725.0
6483.0,3779.0,4725.0
6483.0,3779.0,4725.0
6483.0,3779.0,4725.0
6483.0,3779.0,4725.0
6483.0,3779.0,4725.0
6483.0,3779.0,4725.0
6483.0,3779.0,4725.0
6483.0,3779.0,4725.0
6483.0,3779.0,4725.0
6483.0,3779.0,4725.0
6483.0,3779.0,4725.0
6483.0,3779.0,4725.0
6483.0,3779.0,4725.0
6483.0,3779.0,4725.0
6483.0,3779.0,4725.0
6483.0,3779.0,4725.0
6483.0,3779.0,4725.0
6483.0,3779.0,4725.0
6483.0,3779.0,4725.0
6483.0,3779.0,4725.0
6483.0,3779.0,4725.0
6483.0,3779.0,4725.0
6483.0,3779.0,4725.0
6483.0,3774.0,4725.0
6479.0,3774.0,4725.0
6479.0,3768.0,4725.0
6476.0,3768.0,4725.0
6476.0,3743.0,4725.0
6471.0,3743.0,4725.0
6471.0,3717.0,4725.0
6467.0,3717.0,4725.0
6467.0,3708.0,4725.0
6467.0,3708.0,4725.0
6467.0,3704.0,4725.0
6470.0,3704.0,4724.0
6470.0,3700.0,4724.0
6477.0,3700.0,4724.0
6477.0,3698.0,4724.0
6491.0,3698.0,4722.0
6491.0,3694.0,4722.0
6516.0,3694.0,4719.0
6516.0,3692.0,4719.0
6525.0,3692.0,4717.0
6525.0,3694.0,4717.0
6537.0,3694.0,4714.0
6537.0,3698.0,4714.0
6547.0,3698.0,4711.0
6547.0,3702.0,4711.0
6555.0,3702.0,4710.0
6555.0,3707.0,4710.0
6559.0,3707.0,4710.0
6559.0,3717.0,4710.0
6567.0,3717.0,4710.0
6567.0,3717.0,4710.0
6567.0,3725.0,4710.0
6568.0,3725.0,4710.0
6568.0,3736.0,4710.0
6568.0,3744.0,4710.0
6566.0,3744.0,4711.0
6561.0,3744.0,4711.0
6561.0,3755.0,4711.0
6561.0,3761.0,4711.0
6556.0,3761.0,4712.0
6556.0,3766.0,4712.0
6547.0,3766.0,4713.0
6547.0,3771.0,4713.0
6534.0,3771.0,4716.0
6534.0,3774.0,4716.0
6521.0,3774.0,4721.0
6521.0,3779.0,4721.0
6504.0,3779.0,4724.0
6504.0,3780.0,4724.0
6492.0,3780.0,4725.0
6492.0,3780.0,4725.0
6485.0,3780.0,4726.0
6483.0,3780.0,4726.0
6483.0,3779.0,4726.0
6483.0,3787.0,4726.0
6484.0,3787.0,4726.0
6484.0,3772.0,4726.0
6479.0,3772.0,4726.0
6479.0,3735.0,4726.0
6468.0,3735.0,4726.0
6468.0,3705.0,4726.0
6460.0,3705.0,4727.0
6460.0,3699.0,4727.0
6460.0,3699.0,4727.0
6460.0,3689.0,4727.0
6467.0,3689.0,4727.0
6467.0,3687.0,4727.0
6463.0,3687.0,4727.0
6463.0,3683.0,4727.0
6461.0,3683.0,4727.0
6456.0,3683.0,4727.0
6456.0,3662.0,4727.0
6456.0,3633.0,4727.0
6451.0,3633.0,4727.0
6451.0,3617.0,4727.0
6450.0,3617.0,4727.0
6450.0,3614.0,4727.0
6451.0,3614.0,4727.0
6451.0,3607.0,4727.0
6456.0,3607.0,4727.0
6462.0,3607.0,4726.0
6462.0,3603.0,4726.0
6462.0,3598.0,4726.0
6473.0,3598.0,4726.0
6491.0,3598.0,4723.0
6491.0,3595.0,4723.0
6491.0,3594.0,4723.0
6504.0,3594.0,4718.0
6504.0,3595.0,4718.0
6511.0,3595.0,4709.0
6511.0,3596.0,4709.0
6524.0,3596.0,4709.0
6524.0,3599.0,4709.0
6530.0,3599.0,4709.0
6530.0,3603.0,4709.0
6539.0,3603.0,4709.0
6539.0,3609.0,4709.0
6544.0,3609.0,4710.0
6544.0,3621.0,4710.0
6552.0,3621.0,4710.0
6552.0,3631.0,4710.0
6554.0,3631.0,4709.0
6554.0,3640.0,4709.0
6555.0,3640.0,4709.0
6555.0,3648.0,4709.0
6554.0,3648.0,4710.0
6554.0,3659.0,4710.0
6551.0,3659.0,4710.0
6551.0,3667.0,4710.0
6546.0,3667.0,4710.0
6546.0,3674.0,4710.0
6539.0,3674.0,4711.0
6539.0,3681.0,4711.0
6526.0,3681.0,4714.0
6526.0,3682.0,4714.0
6516.0,3682.0,4716.0
6516.0,3685.0,4716.0
6502.0,3685.0,4720.0
6502.0,3690.0,4720.0
6480.0,3690.0,4724.0
6480.0,3692.0,4724.0
6470.0,3692.0,4725.0
6470.0,3691.0,4725.0
6467.0,3691.0,4725.0
6467.0,3697.0,4725.0
6468.0,3697.0,4725.0
6468.0,3694.0,4725.0
6484.0,3694.0,4725.0
6484.0,3691.0,4725.0
6507.0,3691.0,4724.0
6507.0,3689.0,4724.0
6523.0,3689.0,4717.0
6523.0,3687.0,4717.0
6555.0,3687.0,4711.0
6555.0,3686.0,4711.0
6547.0,3686.0,4712.0
6547.0,3677.0,4712.0
6553.0,3677.0,4710.0
6553.0,3671.0,4710.0
6553.0,3671.0,4711.0
6553.0,3666.0,4711.0
6565.0,3666.0,4709.0
6565.0,3662.0,4709.0
6573.0,3662.0,4709.0
6573.0,3655.0,4709.0
6579.0,3655.0,4708.0
6579.0,3647.0,4708.0
6586.0,3647.0,4706.0
6586.0,3638.0,4706.0
6588.0,3638.0,4704.0
6588.0,3630.0,4704.0
6590.0,3630.0,4704.0
6590.0,3619.0,4704.0
6588.0,3619.0,4704.0
6588.0,3611.0,4704.0
6585.0,3611.0,4704.0
6585.0,3601.0,4704.0
6580.0,3601.0,4703.0
6580.0,3592.0,4703.0
6573.0,3592.0,4704.0
6573.0,3587.0,4704.0
6564.0,3587.0,4706.0
6564.0,3583.0,4706.0
6555.0,3583.0,4706.0
6555.0,3580.0,4706.0
6545.0,3580.0,4706.0
6545.0,3579.0,4706.0
6533.0,3579.0,4707.0
6533.0,3577.0,4707.0
6524.0,3577.0,4709.0
6524.0,3572.0,4709.0
6520.0,3572.0,4710.0
6515.0,3572.0,4710.0
6515.0,3567.0,4710.0
6515.0,3545.0,4710.0
6514.0,3545.0,4710.0
6514.0,3542.0,4710.0
6511.0,3542.0,4710.0
6511.0,3545.0,4710.0
6501.0,3545.0,4711.0
6501.0,3554.0,4711.0
6503.0,3554.0,4712.0
6503.0,3569.0,4712.0
6506.0,3569.0,4712.0
6506.0,3576.0,4712.0
6503.0,3576.0,4713.0
6503.0,3583.0,4713.0
6497.0,3583.0,4715.0
6497.0,3584.0,4715.0
6489.0,3584.0,4719.0
6489.0,3588.0,4719.0
6465.0,3588.0,4722.0
6465.0,3587.0,4722.0
6463.0,3587.0,4723.0
6463.0,3582.0,4723.0
6453.0,3582.0,4724.0
6453.0,3576.0,4724.0
6454.0,3576.0,4723.0
6454.0,3555.0,4723.0
6450.0,3555.0,4723.0
6450.0,3554.0,4723.0
6446.0,3554.0,4724.0
6446.0,3556.0,4724.0
6435.0,3556.0,4724.0
6435.0,3569.0,4724.0
6442.0,3569.0,4725.0
6442.0,3581.0,4725.0
6442.0,3581.0,4725.0
6442.0,3590.0,4725.0
6439.0,3590.0,4725.0
6439.0,3592.0,4725.0
6434.0,3592.0,4726.0
6434.0,3594.0,4726.0
6424.0,3594.0,4727.0
6424.0,3599.0,4727.0
6397.0,3599.0,4738.0
6397.0,3603.0,4738.0
6381.0,3603.0,4742.0
6381.0,3609.0,4742.0
6387.0,3609.0,4741.0
6387.0,3610.0,4741.0
6389.0,3610.0,4741.0
6402.0,3610.0,4739.0
6402.0,3610.0,4739.0
6402.0,3613.0,4739.0
6406.0,3613.0,4737.0
6406.0,3620.0,4737.0
6413.0,3620.0,4738.0
6413.0,3628.0,4738.0
6415.0,3628.0,4735.0
6415.0,3638.0,4735.0
6419.0,3638.0,4737.0
6419.0,3668.0,4737.0
6423.0,3668.0,4737.0
6423.0,3709.0,4737.0
6432.0,3709.0,4737.0
6432.0,3748.0,4737.0
6439.0,3748.0,4738.0
6439.0,3766.0,4738.0
6442.0,3766.0,4738.0
6442.0,3778.0,4738.0
6442.0,3778.0,4738.0
6442.0,3785.0,4738.0
6440.0,3785.0,4738.0
6440.0,3790.0,4738.0
6436.0,3790.0,4738.0
6436.0,3796.0,4738.0
6429.0,3796.0,4742.0
6429.0,3798.0,4742.0
6421.0,3798.0,4744.0
6421.0,3803.0,4744.0
6421.0,3803.0,4743.0
6421.0,3806.0,4743.0
6426.0,3806.0,4743.0
6426.0,3801.0,4743.0
6453.0,3801.0,4737.0
6453.0,3798.0,4737.0
6471.0,3798.0,4733.0
6471.0,3798.0,4733.0
6473.0,3798.0,4734.0
6473.0,3801.0,4734.0
6482.0,3801.0,4733.0
6482.0,3806.0,4733.0
6481.0,3806.0,4732.0
6484.0,3806.0,4732.0
6484.0,3807.0,4732.0
6484.0,3821.0,4732.0
6487.0,3821.0,4732.0
6491.0,3821.0,4732.0
6491.0,3830.0,4732.0
6491.0,3829.0,4732.0
6499.0,3829.0,4731.0
6499.0,3823.0,4731.0
6499.0,3823.0,4731.0
6499.0,3805.0,4731.0
6495.0,3805.0,4731.0
6495.0,3804.0,4731.0
6498.0,3804.0,4731.0
6498.0,3799.0,4731.0
6498.0,3799.0,4731.0
6498.0,3794.0,4731.0
6503.0,3794.0,4730.0
6503.0,3790.0,4730.0
6507.0,3790.0,4730.0
6507.0,3785.0,4730.0
6528.0,3785.0,4723.0
6528.0,3785.0,4723.0
6536.0,3785.0,4721.0
6536.0,3788.0,4721.0
6543.0,3788.0,4721.0
6543.0,3794.0,4721.0
6548.0,3794.0,4717.0
6548.0,3808.0,4717.0
6549.0,3808.0,4717.0
6549.0,3819.0,4717.0
6552.0,3819.0,4717.0
6552.0,3817.0,4717.0
6562.0,3817.0,4713.0
6562.0,3813.0,4713.0
6564.0,3813.0,4715.0
6564.0,3792.0,4715.0
6558.0,3792.0,4715.0
6558.0,3786.0,4715.0
6561.0,3786.0,4711.0
6561.0,3780.0,4711.0
6562.0,3780.0,4712.0
6562.0,3775.0,4712.0
6570.0,3775.0,4711.0
6570.0,3771.0,4711.0
6579.0,3771.0,4709.0
6579.0,3764.0,4709.0
6589.0,3764.0,4709.0
6589.0,3757.0,4709.0
6595.0,3757.0,4709.0
6595.0,3751.0,4709.0
6598.0,3751.0,4707.0
6598.0,3739.0,4707.0
6601.0,3739.0,4706.0
6601.0,3733.0,4706.0
6601.0,3733.0,4706.0
6601.0,3723.0,4706.0
6599.0,3723.0,4706.0
6599.0,3712.0,4706.0
6594.0,3712.0,4706.0
6594.0,3706.0,4706.0
6588.0,3706.0,4707.0
6588.0,3701.0,4707.0
6579.0,3701.0,4706.0
6579.0,3697.0,4706.0
6571.0,3697.0,4707.0
6571.0,3694.0,4707.0
6558.0,3694.0,4708.0
6558.0,3691.0,4708.0
6554.0,3691.0,4708.0
6554.0,3686.0,4708.0
6551.0,3686.0,4709.0
6551.0,3684.0,4709.0
6559.0,3684.0,4708.0
6559.0,3680.0,4708.0
6559.0,3680.0,4709.0
6559.0,3677.0,4709.0
6562.0,3677.0,4709.0
6562.0,3671.0,4709.0
6575.0,3671.0,4708.0
6575.0,3664.0,4708.0
6581.0,3664.0,4707.0
6581.0,3656.0,4707.0
6591.0,3656.0,4705.0
6591.0,3648.0,4705.0
6594.0,3648.0,4703.0
6594.0,3638.0,4703.0
6598.0,3638.0,4703.0
6598.0,3628.0,4703.0
6597.0,3628.0,4701.0
6597.0,3618.0,4701.0
6596.0,3618.0,4701.0
6596.0,3608.0,4701.0
6594.0,3608.0,4701.0
6594.0,3598.0,4701.0
6591.0,3598.0,4702.0
6591.0,3590.0,4702.0
6583.0,3590.0,4702.0
6583.0,3584.0,4702.0
6574.0,3584.0,4703.0
6574.0,3578.0,4703.0
6566.0,3578.0,4704.0
6566.0,3574.0,4704.0
6555.0,3574.0,4705.0
6555.0,3572.0,4705.0
6546.0,3572.0,4705.0
6546.0,3571.0,4705.0
6531.0,3571.0,4706.0
6531.0,3569.0,4706.0
6527.0,3569.0,4707.0
6527.0,3562.0,4707.0
6525.0,3562.0,4708.0
6525.0,3541.0,4708.0
6522.0,3541.0,4708.0
6522.0,3530.0,4708.0
6520.0,3530.0,4708.0
6520.0,3532.0,4708.0
6509.0,3532.0,4709.0
6509.0,3536.0,4709.0
6487.0,3536.0,4714.0
6487.0,3539.0,4714.0
6491.0,3539.0,4714.0
6491.0,3560.0,4714.0
6493.0,3560.0,4714.0
6493.0,3571.0,4714.0
6497.0,3571.0,4714.0
6497.0,3573.0,4714.0
6494.0,3573.0,4714.0
6494.0,3575.0,4714.0
6483.0,3575.0,4719.0
6483.0,3579.0,4719.0
6463.0,3579.0,4722.0
6463.0,3578.0,4722.0
6465.0,3578.0,4721.0
6465.0,3573.0,4721.0
6461.0,3573.0,4721.0
6461.0,3552.0,4721.0
6461.0,3552.0,4721.0
6461.0,3541.0,4721.0
6457.0,3541.0,4721.0
6457.0,3544.0,4721.0
6443.0,3544.0,4723.0
6443.0,3548.0,4723.0
6422.0,3548.0,4724.0
6422.0,3552.0,4724.0
6430.0,3552.0,4725.0
6430.0,3572.0,4725.0
6430.0,3572.0,4725.0
6430.0,3583.0,4725.0
6434.0,3583.0,4725.0
6434.0,3586.0,4725.0
6428.0,3586.0,4727.0
6428.0,3588.0,4727.0
6418.0,3588.0,4728.0
6418.0,3591.0,4728.0
6394.0,3591.0,4736.0
6394.0,3595.0,4736.0
6379.0,3595.0,4742.0
6379.0,3597.0,4742.0
6374.0,3597.0,4740.0
6374.0,3615.0,4740.0
6379.0,3615.0,4740.0
6379.0,3620.0,4740.0
6379.0,3620.0,4740.0
6379.0,3618.0,4740.0
6395.0,3618.0,4740.0
6395.0,3619.0,4740.0
6401.0,3619.0,4739.0
6401.0,3624.0,4739.0
6406.0,3624.0,4738.0
6406.0,3633.0,4738.0
6408.0,3633.0,4739.0
6408.0,3645.0,4739.0
6411.0,3645.0,4739.0
6411.0,3665.0,4739.0
6415.0,3665.0,4739.0
6415.0,3686.0,4739.0
6419.0,3686.0,4739.0
6419.0,3707.0,4739.0
6423.0,3707.0,4739.0
6423.0,3727.0,4739.0
6426.0,3727.0,4739.0
6426.0,3746.0,4739.0
6429.0,3746.0,4739.0
6429.0,3765.0,4739.0
6433.0,3765.0,4739.0
6433.0,3777.0,4739.0
6434.0,3777.0,4739.0
6434.0,3781.0,4739.0
6432.0,3781.0,4739.0
6432.0,3787.0,4739.0
6427.0,3787.0,4740.0
6427.0,3790.0,4740.0
6417.0,3790.0,4742.0
6417.0,3793.0,4742.0
6409.0,3793.0,4742.0
6409.0,3807.0,4742.0
6415.0,3807.0,4742.0
6415.0,3816.0,4742.0
6415.0,3816.0,4742.0
6415.0,3813.0,4742.0
6431.0,3813.0,4742.0
6431.0,3809.0,4742.0
6452.0,3809.0,4736.0
6452.0,3806.0,4736.0
6469.0,3806.0,4733.0
6469.0,3806.0,4733.0
6474.0,3806.0,4734.0
6474.0,3810.0,4734.0
6475.0,3810.0,4734.0
6475.0,3827.0,4734.0
6478.0,3827.0,4734.0
6478.0,3842.0,4734.0
6480.0,3842.0,4734.0
6480.0,3841.0,4734.0
6488.0,3841.0,4732.0
6488.0,3837.0,4732.0
6511.0,3837.0,4731.0
6511.0,3836.0,4731.0
6511.0,3836.0,4731.0
6511.0,3819.0,4731.0
6508.0,3819.0,4731.0
6508.0,3802.0,4731.0
6505.0,3802.0,4731.0
6505.0,3800.0,4731.0
6507.0,3800.0,4730.0
6507.0,3798.0,4730.0
6514.0,3798.0,4729.0
6514.0,3795.0,4729.0
6534.0,3795.0,4723.0
6534.0,3795.0,4723.0
6536.0,3795.0,4721.0
6536.0,3797.0,4721.0
6539.0,3797.0,4721.0
6539.0,3815.0,4721.0
6541.0,3815.0,4721.0
6541.0,3830.0,4721.0
6544.0,3830.0,4721.0
6544.0,3829.0,4721.0
6551.0,3829.0,4715.0
6551.0,3825.0,4715.0
6575.0,3825.0,4711.0
6575.0,3824.0,4711.0
6574.0,3824.0,4713.0
6574.0,3806.0,4713.0
6571.0,3806.0,4712.0
6571.0,3789.0,4712.0
6567.0,3789.0,4712.0
6567.0,3785.0,4712.0
6570.0,3785.0,4712.0
6570.0,3781.0,4712.0
6578.0,3781.0,4710.0
6578.0,3776.0,4710.0
6589.0,3776.0,4709.0
6589.0,3768.0,4709.0
6597.0,3768.0,4708.0
6597.0,3759.0,4708.0
6603.0,3759.0,4707.0
6603.0,3751.0,4707.0
6607.0,3751.0,4704.0
6607.0,3742.0,4704.0
6609.0,3742.0,4704.0
6609.0,3733.0,4704.0
6609.0,3733.0,4704.0
6609.0,3721.0,4704.0
6607.0,3721.0,4704.0
6607.0,3712.0,4704.0
6603.0,3712.0,4704.0
6603.0,3706.0,4704.0
6598.0,3706.0,4705.0
6598.0,3699.0,4705.0
6590.0,3699.0,4705.0
6590.0,3693.0,4705.0
6582.0,3693.0,4706.0
6582.0,3688.0,4706.0
6571.0,3688.0,4706.0
6571.0,3686.0,4706.0
6560.0,3686.0,4707.0
6560.0,3684.0,4707.0
6559.0,3684.0,4707.0
6559.0,3679.0,4707.0
6557.0,3679.0,4707.0
6557.0,3667.0,4707.0
6553.0,3667.0,4708.0
6553.0,3656.0,4708.0
6558.0,3656.0,4707.0
6558.0,3645.0,4707.0
6562.0,3645.0,4707.0
6562.0,3628.0,4707.0
6557.0,3628.0,4707.0
6557.0,3618.0,4707.0
6556.0,3618.0,4707.0
6556.0,3607.0,4707.0
6546.0,3607.0,4707.0
6546.0,3598.0,4707.0
6535.0,3598.0,4708.0
6535.0,3593.0,4708.0
6525.0,3593.0,4709.0
6525.0,3590.0,4709.0
6510.0,3590.0,4711.0
6510.0,3592.0,4711.0
6495.0,3592.0,4719.0
6495.0,3595.0,4719.0
6462.0,3595.0,4723.0
6462.0,3597.0,4723.0
6467.0,3597.0,4723.0
6467.0,3611.0,4723.0
6443.0,3611.0,4724.0
6443.0,3615.0,4724.0
6445.0,3615.0,4726.0
6445.0,3632.0,4726.0
6446.0,3632.0,4726.0
6446.0,3651.0,4726.0
6451.0,3651.0,4726.0
6451.0,3685.0,4726.0
6457.0,3685.0,4726.0
6457.0,3698.0,4726.0
6459.0,3698.0,4726.0
6459.0,3690.0,4726.0
6465.0,3690.0,4725.0
6465.0,3683.0,4725.0
6471.0,3683.0,4725.0
6471.0,3679.0,4725.0
6466.0,3679.0,4725.0
6466.0,3659.0,4725.0
6465.0,3659.0,4725.0
6465.0,3640.0,4725.0
6459.0,3640.0,4725.0
6459.0,3625.0,4725.0
6458.0,3625.0,4725.0
6458.0,3618.0,4725.0
6458.0,3618.0,4725.0
6458.0,3609.0,4725.0
6463.0,3609.0,4725.0
6463.0,3608.0,4725.0
6471.0,3608.0,4724.0
6471.0,3605.0,4724.0
6489.0,3605.0,4723.0
6489.0,3604.0,4723.0
6503.0,3604.0,4720.0
6503.0,3603.0,4720.0
6514.0,3603.0,4716.0
6514.0,3604.0,4716.0
6524.0,3604.0,4710.0
6524.0,3607.0,4710.0
6530.0,3607.0,4710.0
6530.0,3614.0,4710.0
6537.0,3614.0,4710.0
6537.0,3623.0,4710.0
6543.0,3623.0,4711.0
6543.0,3631.0,4711.0
6546.0,3631.0,4711.0
6546.0,3639.0,4711.0
6547.0,3639.0,4711.0
6546.0,3639.0,4710.0
6546.0,3647.0,4710.0
6546.0,3657.0,4710.0
6543.0,3657.0,4712.0
6543.0,3665.0,4712.0
6536.0,3665.0,4711.0
6536.0,3670.0,4711.0
6530.0,3670.0,4712.0
6530.0,3672.0,4712.0
6520.0,3672.0,4714.0
6520.0,3676.0,4714.0
6506.0,3676.0,4718.0
6506.0,3679.0,4718.0
6489.0,3679.0,4723.0
6489.0,3683.0,4723.0
6471.0,3683.0,4725.0
6471.0,3682.0,4725.0
6471.0,3682.0,4725.0
6471.0,3681.0,4725.0
6465.0,3681.0,4725.0
6465.0,3682.0,4725.0
6454.0,3682.0,4726.0
6454.0,3691.0,4726.0
6457.0,3691.0,4727.0
6457.0,3724.0,4727.0
6462.0,3724.0,4727.0
6462.0,3767.0,4727.0
6472.0,3767.0,4727.0
6472.0,3787.0,4727.0
6475.0,3787.0,4727.0
6475.0,3784.0,4727.0
6480.0,3784.0,4726.0
6480.0,3771.0,4726.0
6490.0,3771.0,4726.0
6490.0,3771.0,4726.0
6484.0,3771.0,4726.0
6484.0,3768.0,4726.0
6484.0,3768.0,4726.0
6484.0,3747.0,4726.0
6479.0,3747.0,4726.0
6479.0,3727.0,4726.0
6477.0,3727.0,4726.0
6477.0,3713.0,4726.0
6474.0,3713.0,4726.0
6474.0,3710.0,4726.0
6476.0,3710.0,4726.0
6476.0,3708.0,4726.0
6483.0,3708.0,4726.0
6483.0,3704.0,4726.0
6507.0,3704.0,4724.0
6507.0,3703.0,4724.0
6516.0,3703.0,4723.0
6516.0,3702.0,4723.0
6531.0,3702.0,4717.0
6531.0,3703.0,4717.0
6538.0,3703.0,4714.0
6538.0,3706.0,4714.0
6547.0,3706.0,4710.0
6547.0,3712.0,4710.0
6553.0,3712.0,4710.0
6553.0,3720.0,4710.0
6558.0,3720.0,4710.0
6558.0,3729.0,4710.0
6560.0,3729.0,4710.0
6560.0,3738.0,4710.0
6559.0,3738.0,4710.0
6556.0,3738.0,4709.0
6556.0,3746.0,4709.0
6556.0,3753.0,4709.0
6552.0,3753.0,4711.0
6545.0,3753.0,4712.0
6545.0,3760.0,4712.0
6535.0,3760.0,4714.0
6535.0,3763.0,4714.0
6535.0,3765.0,4714.0
6521.0,3765.0,4719.0
6521.0,3768.0,4719.0
6506.0,3768.0,4723.0
6506.0,3771.0,4723.0
6486.0,3771.0,4724.0
6486.0,3772.0,4724.0
6489.0,3772.0,4725.0
6489.0,3770.0,4725.0
6483.0,3770.0,4724.0
6483.0,3772.0,4724.0
6472.0,3772.0,4725.0
6472.0,3776.0,4725.0
6475.0,3776.0,4726.0
6475.0,3790.0,4726.0
6487.0,3790.0,4726.0
6487.0,3799.0,4726.0
6486.0,3799.0,4726.0
6486.0,3794.0,4726.0
6485.0,3794.0,4726.0
6485.0,3788.0,4726.0
6477.0,3788.0,4726.0
6477.0,3787.0,4726.0
6487.0,3787.0,4726.0
6487.0,3788.0,4726.0
6493.0,3788.0,4726.0
6493.0,3791.0,4726.0
6494.0,3791.0,4726.0
6494.0,3799.0,4726.0
6489.0,3799.0,4726.0
6489.0,3802.0,4726.0
6490.0,3802.0,4726.0
6490.0,3799.0,4726.0
6489.0,3799.0,4726.0
6489.0,3791.0,4726.0
6515.0,3791.0,4724.0
6515.0,3781.0,4724.0
6544.0,3781.0,4718.0
6544.0,3778.0,4718.0
6548.0,3778.0,4716.0
6548.0,3786.0,4716.0
6552.0,3786.0,4716.0
6543.0,3786.0,4716.0
6543.0,3780.0,4716.0
6539.0,3780.0,4717.0
6539.0,3778.0,4717.0
6539.0,3775.0,4717.0
6552.0,3775.0,4713.0
6552.0,3773.0,4713.0
6557.0,3773.0,4713.0
6557.0,3785.0,4713.0
6551.0,3785.0,4713.0
6551.0,3781.0,4713.0
6554.0,3781.0,4711.0
6554.0,3772.0,4711.0
6556.0,3772.0,4713.0
6556.0,3767.0,4713.0
6563.0,3767.0,4712.0
6563.0,3757.0,4712.0
6569.0,3757.0,4710.0
6569.0,3745.0,4710.0
6578.0,3745.0,4710.0
6578.0,3732.0,4710.0
6575.0,3732.0,4709.0
6575.0,3723.0,4709.0
6575.0,3723.0,4710.0
6575.0,3715.0,4710.0
6570.0,3715.0,4710.0
6570.0,3705.0,4710.0
6567.0,3705.0,4709.0
6567.0,3703.0,4709.0
6568.0,3703.0,4709.0
6568.0,3706.0,4709.0
6577.0,3706.0,4709.0
6577.0,3712.0,4709.0
6582.0,3712.0,4709.0
6582.0,3718.0,4709.0
6589.0,3718.0,4708.0
6589.0,3727.0,4708.0
6592.0,3727.0,4707.0
6592.0,3736.0,4707.0
6594.0,3736.0,4707.0
6594.0,3743.0,4707.0
6592.0,3743.0,4708.0
6592.0,3752.0,4708.0
6587.0,3752.0,4708.0
6587.0,3759.0,4708.0
6580.0,3759.0,4708.0
6580.0,3766.0,4708.0
6572.0,3766.0,4709.0
6572.0,3767.0,4709.0
6565.0,3767.0,4709.0
6565.0,3762.0,4709.0
6567.0,3762.0,4709.0
6567.0,3756.0,4709.0
6571.0,3756.0,4710.0
6571.0,3743.0,4710.0
6575.0,3743.0,4709.0
6575.0,3748.0,4709.0
6583.0,3748.0,4709.0
6583.0,3743.0,4709.0
6585.0,3743.0,4709.0
6585.0,3733.0,4709.0
6585.0,3733.0,4709.0
6585.0,3729.0,4709.0
6583.0,3729.0,4709.0
6583.0,3745.0,4709.0
6573.0,3745.0,4709.0
6573.0,3756.0,4709.0
6565.0,3756.0,4710.0
6565.0,3767.0,4710.0
6556.0,3767.0,4711.0
6556.0,3771.0,4711.0
6546.0,3771.0,4712.0
6546.0,3777.0,4712.0
6528.0,3777.0,4718.0
6528.0,3779.0,4718.0
6515.0,3779.0,4721.0
6515.0,3785.0,4721.0
6489.0,3785.0,4725.0
6489.0,3787.0,4725.0
6472.0,3787.0,4726.0
6472.0,3780.0,4726.0
6477.0,3780.0,4727.0
6477.0,3748.0,4727.0
6463.0,3748.0,4727.0
6463.0,3712.0,4727.0
6463.0,3712.0,4727.0
6463.0,3699.0,4727.0
6458.0,3699.0,4727.0
6458.0,3698.0,4727.0
6474.0,3698.0,4726.0
6474.0,3692.0,4726.0
6510.0,3692.0,4722.0
6510.0,3687.0,4722.0
6539.0,3687.0,4713.0
6540.0,3687.0,4713.0
6540.0,3685.0,4713.0
6540.0,3686.0,4713.0
6540.0,3686.0,4712.0
6540.0,3685.0,4712.0
6539.0,3685.0,4710.0
6539.0,3685.0,4710.0
6535.0,3685.0,4712.0
6535.0,3689.0,4712.0
6504.0,3689.0,4719.0
6504.0,3696.0,4719.0
6469.0,3696.0,4724.0
6469.0,3699.0,4724.0
6459.0,3699.0,4725.0
6459.0,3690.0,4725.0
6457.0,3690.0,4726.0
6457.0,3657.0,4726.0
6449.0,3657.0,4726.0
6449.0,3633.0,4726.0
6446.0,3633.0,4726.0
6446.0,3616.0,4726.0
6445.0,3616.0,4726.0
6445.0,3613.0,4726.0
6447.0,3613.0,4726.0
6447.0,3600.0,4726.0
6453.0,3600.0,4726.0
6453.0,3598.0,4726.0
6462.0,3598.0,4725.0
6462.0,3592.0,4725.0
6497.0,3592.0,4721.0
6497.0,3590.0,4721.0
6505.0,3590.0,4718.0
6505.0,3592.0,4718.0
6523.0,3592.0,4712.0
6523.0,3593.0,4712.0
6531.0,3593.0,4711.0
6531.0,3602.0,4711.0
6552.0,3602.0,4709.0
6552.0,3607.0,4709.0
6568.0,3607.0,4708.0
6568.0,3614.0,4708.0
6565.0,3614.0,4708.0
6565.0,3624.0,4708.0
6576.0,3624.0,4708.0
6576.0,3626.0,4708.0
6565.0,3626.0,4708.0
6565.0,3632.0,4708.0
6562.0,3632.0,4708.0
6562.0,3618.0,4708.0
6559.0,3618.0,4708.0
6559.0,3613.0,4708.0
6555.0,3613.0,4708.0
6555.0,3602.0,4708.0
6547.0,3602.0,4708.0
6547.0,3591.0,4708.0
6535.0,3591.0,4709.0
6535.0,3588.0,4709.0
6527.0,3588.0,4710.0
6527.0,3587.0,4710.0
6543.0,3587.0,4709.0
6543.0,3590.0,4709.0
6551.0,3590.0,4708.0
6551.0,3592.0,4708.0
6563.0,3592.0,4708.0
6563.0,3599.0,4708.0
6568.0,3599.0,4707.0
6568.0,3605.0,4707.0
6575.0,3605.0,4707.0
6575.0,3613.0,4707.0
6578.0,3613.0,4705.0
6578.0,3622.0,4705.0
6582.0,3622.0,4705.0
6582.0,3632.0,4705.0
6582.0,3632.0,4705.0
6582.0,3641.0,4705.0
6580.0,3641.0,4705.0
6580.0,3645.0,4705.0
6575.0,3645.0,4706.0
6575.0,3652.0,4706.0
6568.0,3652.0,4707.0
6568.0,3657.0,4707.0
6562.0,3657.0,4707.0
6562.0,3658.0,4707.0
6562.0,3658.0,4707.0
6562.0,3644.0,4707.0
6564.0,3644.0,4707.0
6564.0,3631.0,4707.0
6562.0,3631.0,4707.0
6562.0,3628.0,4707.0
6559.0,3628.0,4707.0
6559.0,3610.0,4707.0
6549.0,3610.0,4707.0
6544.0,3610.0,4708.0
6544.0,3603.0,4708.0
6544.0,3588.0,4708.0
6527.0,3588.0,4708.0
6527.0,3587.0,4708.0
6527.0,3587.0,4709.0
6527.0,3584.0,4709.0
6513.0,3584.0,4712.0
6513.0,3583.0,4712.0
6511.0,3583.0,4714.0
6511.0,3589.0,4714.0
6487.0,3589.0,4721.0
6487.0,3598.0,4721.0
6454.0,3598.0,4724.0
6454.0,3601.0,4724.0
6451.0,3601.0,4724.0
6451.0,3613.0,4724.0
6441.0,3613.0,4725.0
6441.0,3618.0,4725.0
6443.0,3618.0,4726.0
6443.0,3633.0,4726.0
6444.0,3633.0,4726.0
6444.0,3650.0,4726.0
6448.0,3650.0,4726.0
6448.0,3670.0,4726.0
6450.0,3670.0,4726.0
6450.0,3686.0,4726.0
6452.0,3686.0,4726.0
6452.0,3693.0,4726.0
6457.0,3693.0,4726.0
6457.0,3696.0,4726.0
6464.0,3696.0,4726.0
6464.0,3697.0,4726.0
6465.0,3697.0,4726.0
6465.0,3705.0,4726.0
6459.0,3705.0,4726.0
6459.0,3714.0,4726.0
6458.0,3714.0,4726.0
6458.0,3724.0,4726.0
6460.0,3724.0,4726.0
6460.0,3744.0,4726.0
6466.0,3744.0,4726.0
6466.0,3765.0,4726.0
6468.0,3765.0,4728.0
6468.0,3774.0,4728.0
6470.0,3774.0,4727.0
6470.0,3783.0,4727.0
6474.0,3783.0,4728.0
6474.0,3788.0,4728.0
6477.0,3788.0,4727.0
6477.0,3790.0,4727.0
6466.0,3790.0,4728.0
6466.0,3792.0,4728.0
6454.0,3792.0,4731.0
6454.0,3794.0,4731.0
6440.0,3794.0,4734.0
6440.0,3788.0,4734.0
6450.0,3788.0,4734.0
6450.0,3779.0,4734.0
6448.0,3779.0,4734.0
6448.0,3768.0,4734.0
6452.0,3768.0,4733.0
6452.0,3757.0,4733.0
6448.0,3757.0,4735.0
6448.0,3736.0,4735.0
6445.0,3736.0,4735.0
6445.0,3715.0,4735.0
6439.0,3715.0,4735.0
6439.0,3694.0,4735.0
6437.0,3694.0,4735.0
6437.0,3675.0,4735.0
6434.0,3675.0,4735.0
6434.0,3655.0,4735.0
6431.0,3655.0,4735.0
6431.0,3635.0,4735.0
6425.0,3635.0,4735.0
6425.0,3625.0,4735.0
6422.0,3625.0,4735.0
6422.0,3616.0,4735.0
6419.0,3616.0,4735.0
6419.0,3608.0,4735.0
6413.0,3608.0,4736.0
6413.0,3606.0,4736.0
6410.0,3606.0,4737.0
6410.0,3604.0,4737.0
6426.0,3604.0,4734.0
6426.0,3602.0,4734.0
6435.0,3602.0,4732.0
6435.0,3598.0,4732.0
6441.0,3598.0,4732.0
6441.0,3591.0,4732.0
6449.0,3591.0,4732.0
6449.0,3587.0,4732.0
6451.0,3587.0,4732.0
6451.0,3594.0,4732.0
6460.0,3594.0,4731.0
6460.0,3597.0,4731.0
6451.0,3597.0,4731.0
6451.0,3603.0,4731.0
6447.0,3603.0,4731.0
6447.0,3612.0,4731.0
6443.0,3612.0,4731.0
6443.0,3612.0,4731.0
6437.0,3612.0,4732.0
6437.0,3615.0,4732.0
6423.0,3615.0,4734.0
6423.0,3611.0,4734.0
6426.0,3611.0,4735.0
6426.0,3609.0,4735.0
6434.0,3609.0,4732.0
6434.0,3612.0,4732.0
6436.0,3612.0,4734.0
6436.0,3626.0,4734.0
6434.0,3626.0,4733.0
6431.0,3626.0,4734.0
6431.0,3625.0,4734.0
6431.0,3618.0,4734.0
6426.0,3618.0,4734.0
6426.0,3616.0,4734.0
6428.0,3616.0,4734.0
6434.0,3616.0,4734.0
6434.0,3628.0,4734.0
6434.0,3642.0,4734.0
6436.0,3642.0,4734.0
6436.0,3658.0,4734.0
6439.0,3658.0,4734.0
6439.0,3674.0,4734.0
6441.0,3674.0,4734.0
6441.0,3689.0,4734.0
6444.0,3689.0,4734.0
6444.0,3695.0,4734.0
6445.0,3695.0,4734.0
6445.0,3702.0,4734.0
6446.0,3702.0,4734.0
6446.0,3689.0,4734.0
6445.0,3689.0,4734.0
6445.0,3693.0,4734.0
6447.0,3693.0,4732.0
6447.0,3699.0,4732.0
6454.0,3699.0,4734.0
6454.0,3703.0,4734.0
6452.0,3703.0,4734.0
6452.0,3714.0,4734.0
6451.0,3714.0,4732.0
6451.0,3715.0,4732.0
6449.0,3715.0,4734.0
6449.0,3702.0,4734.0
6445.0,3702.0,4734.0
6445.0,3708.0,4734.0
6447.0,3708.0,4734.0
6447.0,3722.0,4734.0
6451.0,3722.0,4734.0
6451.0,3740.0,4734.0
6454.0,3740.0,4734.0
6454.0,3756.0,4734.0
6457.0,3756.0,4734.0
6457.0,3771.0,4734.0
6459.0,3771.0,4734.0
6459.0,3780.0,4734.0
6460.0,3780.0,4734.0
6460.0,3780.0,4734.0
6460.0,3780.0,4734.0
6460.0,3780.0,4734.0
6461.0,3780.0,4734.0
6461.0,3780.0,4734.0
6461.0,3780.0,4734.0
6461.0,3780.0,4734.0
6460.0,3780.0,4734.0
6460.0,3780.0,4734.0
6460.0,3780.0,4734.0
6460.0,3780.0,4734.0
6460.0,3780.0,4734.0
6460.0,3780.0,4734.0
6461.0,3780.0,4734.0
6461.0,3780.0,4734.0
6461.0,3780.0,4734.0
6461.0,3780.0,4734.0
6460.0,3780.0,4734.0
6460.0,3780.0,4734.0
6460.0,3780.0,4734.0
6460.0,3780.0,4734.0
6460.0,3780.0,4734.0
6460.0,3780.0,4734.0
6461.0,3780.0,4734.0
6461.0,3780.0,4734.0
6461.0,3780.0,4734.0
6461.0,3780.0,4734.0
6460.0,3780.0,4734.0
6460.0,3780.0,4734.0
6460.0,3780.0,4734.0
6460.0,3780.0,4734.0
6460.0,3780.0,4734.0
6460.0,3780.0,4734.0
6460.0,3780.0,4734.0
6460.0,3780.0,4734.0
6460.0,3780.0,4734.0
6460.0,3780.0,4734.0
6460.0,3780.0,4734.0
6460.0,3780.0,4734.0
6460.0,3780.0,4734.0
6460.0,3780.0,4734.0
6460.0,3780.0,4734.0
6460.0,3780.0,4734.0
6460.0,3780.0,4734.0
6460.0,3780.0,4734.0
6460.0,3780.0,4734.0
6460.0,3780.0,4734.0
6460.0,3780.0,4734.0
6460.0,3780.0,4734.0
6460.0,3780.0,4734.0
6460.0,3780.0,4734.0
6460.0,3780.0,4734.0
6460.0,3780.0,4734.0
6460.0,3780.0,4734.0
6460.0,3780.0,4734.0
6460.0,3780.0,4734.0
6460.0,3780.0,4734.0
6460.0,3780.0,4734.0
6460.0,3780.0,4734.0
6460.0,3780.0,4734.0
6460.0,3780.0,4734.0
6460.0,3780.0,4734.0
6460.0,3780.0,4734.0
6460.0,3780.0,4734.0
6460.0,3780.0,4734.0
6460.0,3780.0,4734.0
6460.0,3780.0,4734.0
6460.0,3780.0,4734.0
6460.0,3780.0,4734.0
6460.0,3780.0,4734.0
6460.0,3780.0,4734.0
6460.0,3780.0,4734.0
6460.0,3780.0,4734.0
6460.0,3780.0,4734.0
6460.0,3780.0,4734.0
6460.0,3780.0,4734.0
6460.0,3780.0,4734.0
6460.0,3780.0,4734.0
6460.0,3780.0,4734.0
6460.0,3780.0,4734.0
6460.0,3780.0,4734.0
6460.0,3780.0,4734.0
6460.0,3780.0,4734.0
6460.0,3780.0,4734.0
6460.0,3780.0,4734.0
6460.0,3780.0,4734.0
6460.0,3780.0,4734.0
6460.0,3780.0,4741.0
6460.0,3780.0,4741.0
6460.0,3780.0,4767.0
6460.0,3780.0,4811.0
6460.0,3780.0,4811.0
6460.0,3780.0,4811.0
6460.0,3780.0,4876.0
6460.0,3780.0,4876.0
6460.0,3780.0,4955.0
6460.0,3780.0,4955.0
6460.0,3780.0,5040.0
6460.0,3780.0,5040.0
6460.0,3780.0,5142.0
6460.0,3780.0,5142.0
6461.0,3780.0,5195.0
6461.0,3792.0,5195.0
6471.0,3792.0,5193.0
6471.0,3799.0,5193.0
6480.0,3799.0,5193.0
6480.0,3817.0,5193.0
6479.0,3817.0,5193.0
6479.0,3849.0,5193.0
6488.0,3849.0,5193.0
6488.0,3859.0,5193.0
6487.0,3859.0,5193.0
6487.0,3879.0,5193.0
6489.0,3879.0,5193.0
6489.0,3904.0,5193.0
6487.0,3904.0,5195.0
6487.0,3908.0,5195.0
6489.0,3908.0,5193.0
6489.0,3913.0,5193.0
6499.0,3913.0,5192.0
6499.0,3913.0,5192.0
6497.0,3913.0,5193.0
6497.0,3912.0,5193.0
6499.0,3912.0,5193.0
6499.0,3913.0,5193.0
6497.0,3913.0,5193.0
6497.0,3913.0,5193.0
6498.0,3913.0,5193.0
6498.0,3913.0,5193.0
6497.0,3913.0,5193.0
6497.0,3913.0,5193.0
6498.0,3913.0,5193.0
6498.0,3913.0,5193.0
6498.0,3913.0,5193.0
6498.0,3913.0,5193.0
6498.0,3913.0,5193.0
6498.0,3913.0,5193.0
6498.0,3913.0,5193.0
6498.0,3913.0,5193.0
6497.0,3913.0,5193.0
6497.0,3913.0,5193.0
6498.0,3913.0,5193.0
6498.0,3913.0,5193.0
6498.0,3913.0,5193.0
6498.0,3913.0,5193.0
6498.0,3913.0,5193.0
6498.0,3913.0,5193.0
6498.0,3913.0,5193.0
6498.0,3913.0,5193.0
6497.0,3913.0,5193.0
6497.0,3913.0,5193.0
6498.0,3913.0,5193.0
6498.0,3913.0,5193.0
6498.0,3913.0,5193.0
6498.0,3913.0,5193.0
6498.0,3913.0,5193.0
6498.0,3913.0,5193.0
6498.0,3913.0,5193.0
6498.0,3913.0,5193.0
6498.0,3913.0,5193.0
6498.0,3913.0,5193.0
6498.0,3913.0,5193.0
6498.0,3913.0,5193.0
6498.0,3913.0,5193.0
6498.0,3913.0,5193.0
6498.0,3913.0,5193.0
6498.0,3913.0,5193.0
6498.0,3913.0,5193.0
6498.0,3913.0,5193.0
6498.0,3913.0,5193.0
6498.0,3913.0,5193.0
6498.0,3913.0,5193.0
6498.0,3913.0,5193.0
6498.0,3913.0,5193.0
6498.0,3913.0,5193.0
6498.0,3913.0,5193.0
6498.0,3913.0,5193.0
6498.0,3913.0,5193.0
6498.0,3913.0,5193.0
6498.0,3913.0,5193.0
6498.0,3913.0,5193.0
6498.0,3913.0,5193.0
6498.0,3913.0,5193.0
6498.0,3913.0,5193.0
6498.0,3913.0,5193.0
6498.0,3913.0,5193.0
6498.0,3913.0,5193.0
6498.0,3913.0,5193.0
6498.0,3913.0,5193.0
6498.0,3913.0,5193.0
6498.0,3913.0,5193.0
6498.0,3913.0,5193.0
6498.0,3913.0,5193.0
6498.0,3913.0,5193.0
6498.0,3913.0,5193.0
6498.0,3913.0,5193.0
6498.0,3913.0,5193.0
6498.0,3913.0,5193.0
6498.0,3913.0,5193.0
6498.0,3913.0,5193.0
6498.0,3913.0,5193.0
6498.0,3913.0,5193.0
6498.0,3913.0,5193.0
6498.0,3913.0,5193.0
6498.0,3913.0,5193.0
6498.0,3913.0,5193.0
6498.0,3913.0,5193.0
6498.0,3913.0,5193.0
6498.0,3912.0,5193.0
6490.0,3912.0,5195.0
6490.0,3911.0,5195.0
6471.0,3911.0,5198.0
6471.0,3909.0,5198.0
6459.0,3909.0,5203.0
6459.0,3906.0,5203.0
6439.0,3906.0,5205.0
6439.0,3902.0,5205.0
6427.0,3902.0,5206.0
6427.0,3896.0,5206.0
6410.0,3896.0,5208.0
6410.0,3889.0,5208.0
6397.0,3889.0,5212.0
6397.0,3881.0,5212.0
6380.0,3881.0,5219.0
6380.0,3872.0,5219.0
6368.0,3872.0,5222.0
6368.0,3863.0,5222.0
6354.0,3863.0,5226.0
6354.0,3849.0,5226.0
6342.0,3849.0,5227.0
6342.0,3838.0,5227.0
6331.0,3838.0,5228.0
6331.0,3826.0,5228.0
6320.0,3826.0,5228.0
6320.0,3811.0,5228.0
6310.0,3811.0,5229.0
6310.0,3798.0,5229.0
6302.0,3798.0,5229.0
6302.0,3782.0,5229.0
6294.0,3782.0,5231.0
6294.0,3764.0,5231.0
6288.0,3764.0,5231.0
6288.0,3750.0,5231.0
6283.0,3750.0,5232.0
6283.0,3734.0,5232.0
6279.0,3734.0,5232.0
6279.0,3722.0,5232.0
6276.0,3722.0,5232.0
6276.0,3704.0,5232.0
6275.0,3704.0,5232.0
6275.0,3682.0,5232.0
6275.0,3682.0,5231.0
6275.0,3663.0,5231.0
6275.0,3663.0,5231.0
6277.0,3663.0,5230.0
6277.0,3648.0,5230.0
6277.0,3635.0,5230.0
6280.0,3635.0,5230.0
6280.0,3622.0,5230.0
6284.0,3622.0,5230.0
6284.0,3602.0,5230.0
6291.0,3602.0,5229.0
6291.0,3583.0,5229.0
6299.0,3583.0,5228.0
6299.0,3571.0,5228.0
6306.0,3571.0,5226.0
6306.0,3558.0,5226.0
6315.0,3558.0,5224.0
6315.0,3543.0,5224.0
6325.0,3543.0,5221.0
6325.0,3530.0,5221.0
6335.0,3530.0,5218.0
6335.0,3516.0,5218.0
6351.0,3516.0,5216.0
6351.0,3508.0,5216.0
6362.0,3508.0,5216.0
6362.0,3497.0,5216.0
6377.0,3497.0,5213.0
6377.0,3488.0,5213.0
6391.0,3488.0,5210.0
6391.0,3479.0,5210.0
6410.0,3479.0,5197.0
6410.0,3473.0,5197.0
6426.0,3473.0,5191.0
6426.0,3469.0,5191.0
6441.0,3469.0,5187.0
6441.0,3464.0,5187.0
6457.0,3464.0,5185.0
6457.0,3462.0,5185.0
6473.0,3462.0,5183.0
6473.0,3461.0,5183.0
6490.0,3461.0,5180.0
6490.0,3460.0,5180.0
6509.0,3460.0,5173.0
6509.0,3461.0,5173.0
6523.0,3461.0,5168.0
6523.0,3463.0,5168.0
6542.0,3463.0,5166.0
6542.0,3467.0,5166.0
6554.0,3467.0,5165.0
6554.0,3470.0,5165.0
6571.0,3470.0,5164.0
6571.0,3477.0,5164.0
6586.0,3477.0,5159.0
6586.0,3485.0,5159.0
6603.0,3485.0,5155.0
6603.0,3492.0,5155.0
6614.0,3492.0,5150.0
6614.0,3499.0,5150.0
6631.0,3499.0,5148.0
6631.0,3509.0,5148.0
6641.0,3509.0,5147.0
6641.0,3521.0,5147.0
6655.0,3521.0,5147.0
6655.0,3537.0,5147.0
6670.0,3537.0,5146.0
6670.0,3548.0,5146.0
6680.0,3548.0,5145.0
6680.0,3563.0,5145.0
6689.0,3563.0,5144.0
6689.0,3579.0,5144.0
6698.0,3579.0,5143.0
6698.0,3594.0,5143.0
6707.0,3594.0,5141.0
6707.0,3612.0,5141.0
6712.0,3612.0,5141.0
6712.0,3627.0,5141.0
6717.0,3627.0,5140.0
6717.0,3645.0,5140.0
6720.0,3645.0,5140.0
6720.0,3659.0,5140.0
6723.0,3659.0,5140.0
6723.0,3673.0,5140.0
6724.0,3673.0,5140.0
6724.0,3695.0,5140.0
6724.0,3695.0,5141.0
6724.0,3711.0,5141.0
6723.0,3711.0,5143.0
6723.0,3727.0,5143.0
6721.0,3727.0,5142.0
6721.0,3746.0,5142.0
6718.0,3746.0,5143.0
6718.0,3756.0,5143.0
6714.0,3756.0,5144.0
6714.0,3774.0,5144.0
6706.0,3774.0,5144.0
6700.0,3774.0,5144.0
6700.0,3788.0,5144.0
6700.0,3806.0,5144.0
6691.0,3806.0,5146.0
6691.0,3820.0,5146.0
6682.0,3820.0,5149.0
6682.0,3829.0,5149.0
6672.0,3829.0,5153.0
6672.0,3846.0,5153.0
6658.0,3846.0,5158.0
6658.0,3860.0,5158.0
6643.0,3860.0,5162.0
6643.0,3869.0,5162.0
6629.0,3869.0,5162.0
6629.0,3878.0,5162.0
6618.0,3878.0,5163.0
6618.0,3889.0,5163.0
6599.0,3889.0,5168.0
6599.0,3895.0,5168.0
6585.0,3895.0,5173.0
6585.0,3902.0,5173.0
6565.0,3902.0,5179.0
6565.0,3905.0,5179.0
6552.0,3905.0,5181.0
6552.0,3909.0,5181.0
6536.0,3909.0,5183.0
6519.0,3909.0,5185.0
6519.0,3911.0,5185.0
6519.0,3912.0,5185.0
6503.0,3912.0,5187.0
6503.0,3913.0,5187.0
6498.0,3913.0,5191.0
6498.0,3922.0,5191.0
6503.0,3922.0,5191.0
6503.0,3921.0,5191.0
6511.0,3921.0,5187.0
6511.0,3919.0,5187.0
6532.0,3919.0,5186.0
6532.0,3917.0,5186.0
6545.0,3917.0,5185.0
6545.0,3913.0,5185.0
6563.0,3913.0,5183.0
6563.0,3909.0,5183.0
6579.0,3909.0,5178.0
6579.0,3901.0,5178.0
6596.0,3901.0,5171.0
6596.0,3893.0,5171.0
6611.0,3893.0,5167.0
6611.0,3885.0,5167.0
6625.0,3885.0,5165.0
6625.0,3874.0,5165.0
6642.0,3874.0,5163.0
6642.0,3866.0,5163.0
6652.0,3866.0,5161.0
6652.0,3851.0,5161.0
6668.0,3851.0,5156.0
6668.0,3837.0,5156.0
6679.0,3837.0,5150.0
6679.0,3822.0,5150.0
6693.0,3822.0,5148.0
6693.0,3806.0,5148.0
6700.0,3806.0,5146.0
6700.0,3791.0,5146.0
6710.0,3791.0,5146.0
6710.0,3778.0,5146.0
6715.0,3778.0,5145.0
6715.0,3757.0,5145.0
6723.0,3757.0,5144.0
6723.0,3741.0,5144.0
6726.0,3741.0,5143.0
6726.0,3726.0,5143.0
6730.0,3726.0,5141.0
6730.0,3712.0,5141.0
6731.0,3712.0,5140.0
6731.0,3691.0,5140.0
6732.0,3691.0,5139.0
6732.0,3691.0,5139.0
6732.0,3670.0,5139.0
6732.0,3653.0,5139.0
6731.0,3653.0,5139.0
6731.0,3640.0,5139.0
6727.0,3640.0,5139.0
6727.0,3621.0,5139.0
6723.0,3621.0,5139.0
6723.0,3605.0,5139.0
6719.0,3605.0,5139.0
6711.0,3605.0,5140.0
6711.0,3588.0,5140.0
6711.0,3575.0,5140.0
6703.0,3575.0,5142.0
6703.0,3557.0,5142.0
6693.0,3557.0,5142.0
6693.0,3543.0,5142.0
6684.0,3543.0,5143.0
6684.0,3529.0,5143.0
6671.0,3529.0,5142.0
6671.0,3518.0,5142.0
6659.0,3518.0,5144.0
6659.0,3507.0,5144.0
6648.0,3507.0,5144.0
6648.0,3494.0,5144.0
6631.0,3494.0,5146.0
6631.0,3485.0,5146.0
6618.0,3485.0,5149.0
6618.0,3477.0,5149.0
6602.0,3477.0,5154.0
6602.0,3471.0,5154.0
6586.0,3471.0,5158.0
6586.0,3463.0,5158.0
6569.0,3463.0,5161.0
6569.0,3458.0,5161.0
6552.0,3458.0,5162.0
6552.0,3455.0,5162.0
6535.0,3455.0,5163.0
6535.0,3453.0,5163.0
6520.0,3453.0,5167.0
6520.0,3452.0,5167.0
6500.0,3452.0,5170.0
6500.0,3452.0,5170.0
6486.0,3452.0,5177.0
6486.0,3453.0,5177.0
6466.0,3453.0,5181.0
6466.0,3456.0,5181.0
6452.0,3456.0,5182.0
6452.0,3460.0,5182.0
6433.0,3460.0,5183.0
6433.0,3466.0,5183.0
6417.0,3466.0,5187.0
6417.0,3471.0,5187.0
6403.0,3471.0,5195.0
6403.0,3478.0,5195.0
6387.0,3478.0,5198.0
6372.0,3478.0,5203.0
6372.0,3488.0,5203.0
6372.0,3499.0,5203.0
6355.0,3499.0,5204.0
6355.0,3510.0,5204.0
6345.0,3510.0,5206.0
6345.0,3522.0,5206.0
6327.0,3522.0,5210.0
6327.0,3535.0,5210.0
6320.0,3535.0,5214.0
6320.0,3550.0,5214.0
6306.0,3550.0,5221.0
6306.0,3564.0,5221.0
6300.0,3564.0,5223.0
6300.0,3579.0,5223.0
6290.0,3579.0,5226.0
6290.0,3595.0,5226.0
6284.0,3595.0,5227.0
6284.0,3612.0,5227.0
6277.0,3612.0,5227.0
6277.0,3627.0,5227.0
6272.0,3627.0,5227.0
6272.0,3642.0,5227.0
6269.0,3642.0,5228.0
6269.0,3661.0,5228.0
6267.0,3661.0,5230.0
6267.0,3677.0,5230.0
6266.0,3677.0,5232.0
6266.0,3694.0,5232.0
6266.0,3694.0,5233.0
6266.0,3709.0,5233.0
6266.0,3709.0,5233.0
6266.0,3724.0,5233.0
6268.0,3724.0,5235.0
6268.0,3744.0,5235.0
6273.0,3744.0,5235.0
6273.0,3760.0,5235.0
6276.0,3760.0,5233.0
6276.0,3776.0,5233.0
6283.0,3776.0,5235.0
6283.0,3790.0,5235.0
6289.0,3790.0,5235.0
6289.0,3807.0,5235.0
6299.0,3807.0,5233.0
6299.0,3820.0,5233.0
6308.0,3820.0,5232.0
6308.0,3836.0,5232.0
6318.0,3836.0,5231.0
6318.0,3849.0,5231.0
6330.0,3849.0,5231.0
6330.0,3860.0,5231.0
6343.0,3860.0,5231.0
6343.0,3874.0,5231.0
6358.0,3874.0,5230.0
6358.0,3884.0,5230.0
6371.0,3884.0,5228.0
6371.0,3893.0,5228.0
6389.0,3893.0,5224.0
6389.0,3901.0,5224.0
6406.0,3901.0,5221.0
6406.0,3907.0,5221.0
6419.0,3907.0,5218.0
6419.0,3913.0,5218.0
6439.0,3913.0,5217.0
6439.0,3916.0,5217.0
6450.0,3916.0,5216.0
6450.0,3919.0,5216.0
6470.0,3919.0,5212.0
6470.0,3921.0,5212.0
6483.0,3921.0,5204.0
6483.0,3921.0,5204.0
6501.0,3921.0,5194.0
6501.0,3923.0,5194.0
6501.0,3923.0,5194.0
6501.0,3930.0,5194.0
6503.0,3930.0,5194.0
6503.0,3929.0,5194.0
6519.0,3929.0,5188.0
6519.0,3928.0,5188.0
6534.0,3928.0,5186.0
6534.0,3924.0,5186.0
6552.0,3924.0,5185.0
6552.0,3920.0,5185.0
6570.0,3920.0,5182.0
6570.0,3916.0,5182.0
6583.0,3916.0,5175.0
6583.0,3908.0,5175.0
6601.0,3908.0,5171.0
6601.0,3900.0,5171.0
6615.0,3900.0,5167.0
6615.0,3892.0,5167.0
6631.0,3892.0,5165.0
6631.0,3883.0,5165.0
6643.0,3883.0,5164.0
6643.0,3870.0,5164.0
6661.0,3870.0,5161.0
6661.0,3859.0,5161.0
6670.0,3859.0,5155.0
6670.0,3845.0,5155.0
6685.0,3845.0,5150.0
6685.0,3830.0,5150.0
6694.0,3830.0,5147.0
6694.0,3815.0,5147.0
6707.0,3815.0,5145.0
6707.0,3798.0,5145.0
6714.0,3798.0,5145.0
6714.0,3785.0,5145.0
6722.0,3785.0,5144.0
6722.0,3769.0,5144.0
6726.0,3769.0,5144.0
6726.0,3753.0,5144.0
6733.0,3753.0,5142.0
6733.0,3734.0,5142.0
6736.0,3734.0,5140.0
6736.0,3717.0,5140.0
6739.0,3717.0,5139.0
6739.0,3701.0,5139.0
6740.0,3701.0,5139.0
6740.0,3686.0,5139.0
6740.0,3686.0,5137.0
6740.0,3670.0,5137.0
6740.0,3670.0,5137.0
6740.0,3654.0,5137.0
6739.0,3654.0,5137.0
6739.0,3635.0,5137.0
6735.0,3635.0,5136.0
6735.0,3618.0,5136.0
6731.0,3618.0,5136.0
6731.0,3606.0,5136.0
6726.0,3606.0,5136.0
6719.0,3606.0,5137.0
6719.0,3587.0,5137.0
6719.0,3571.0,5137.0
6712.0,3571.0,5137.0
6712.0,3558.0,5137.0
6703.0,3558.0,5140.0
6703.0,3541.0,5140.0
6691.0,3541.0,5142.0
6691.0,3527.0,5142.0
6681.0,3527.0,5142.0
6681.0,3514.0,5142.0
6668.0,3514.0,5143.0
6668.0,3502.0,5143.0
6655.0,3502.0,5144.0
6655.0,3490.0,5144.0
6639.0,3490.0,5145.0
6639.0,3480.0,5145.0
6626.0,3480.0,5146.0
6626.0,3472.0,5146.0
6607.0,3472.0,5151.0
6607.0,3465.0,5151.0
6595.0,3465.0,5155.0
6595.0,3458.0,5155.0
6579.0,3458.0,5159.0
6579.0,3452.0,5159.0
6562.0,3452.0,5161.0
6562.0,3448.0,5161.0
6546.0,3448.0,5162.0
6546.0,3445.0,5162.0
6529.0,3445.0,5163.0
6529.0,3444.0,5163.0
6513.0,3444.0,5168.0
6513.0,3443.0,5168.0
6493.0,3443.0,5172.0
6493.0,3444.0,5172.0
6478.0,3444.0,5179.0
6478.0,3446.0,5179.0
6460.0,3446.0,5182.0
6460.0,3449.0,5182.0
6445.0,3449.0,5182.0
6445.0,3453.0,5182.0
6427.0,3453.0,5184.0
6427.0,3458.0,5184.0
6412.0,3458.0,5190.0
6412.0,3464.0,5190.0
6396.0,3464.0,5194.0
6396.0,3473.0,5194.0
6380.0,3473.0,5201.0
6380.0,3482.0,5201.0
6365.0,3482.0,5204.0
6365.0,3493.0,5204.0
6351.0,3493.0,5205.0
6351.0,3502.0,5205.0
6338.0,3502.0,5206.0
6338.0,3514.0,5206.0
6327.0,3514.0,5210.0
6327.0,3526.0,5210.0
6313.0,3526.0,5215.0
6313.0,3540.0,5215.0
6305.0,3540.0,5222.0
6294.0,3540.0,5225.0
6294.0,3556.0,5225.0
6288.0,3556.0,5226.0
6288.0,3569.0,5226.0
6279.0,3569.0,5227.0
6279.0,3582.0,5227.0
6279.0,3598.0,5227.0
6272.0,3598.0,5227.0
6272.0,3613.0,5227.0
6267.0,3613.0,5228.0
6267.0,3632.0,5228.0
6263.0,3632.0,5230.0
6263.0,3651.0,5230.0
6259.0,3651.0,5232.0
6259.0,3666.0,5232.0
6259.0,3666.0,5232.0
6259.0,3680.0,5232.0
6257.0,3680.0,5235.0
6257.0,3696.0,5235.0
6257.0,3696.0,5235.0
6257.0,3714.0,5235.0
6258.0,3714.0,5236.0
6258.0,3729.0,5236.0
6261.0,3729.0,5237.0
6261.0,3747.0,5237.0
6264.0,3747.0,5237.0
6264.0,3765.0,5237.0
6269.0,3765.0,5237.0
6269.0,3780.0,5237.0
6275.0,3780.0,5236.0
6275.0,3795.0,5236.0
6283.0,3795.0,5236.0
6283.0,3810.0,5236.0
6291.0,3810.0,5236.0
6291.0,3826.0,5236.0
6300.0,3826.0,5234.0
6300.0,3842.0,5234.0
6312.0,3842.0,5234.0
6312.0,3854.0,5234.0
6323.0,3854.0,5233.0
6323.0,3867.0,5233.0
6338.0,3867.0,5233.0
6338.0,3878.0,5233.0
6350.0,3878.0,5232.0
6350.0,3890.0,5232.0
6366.0,3890.0,5230.0
6366.0,3899.0,5230.0
6382.0,3899.0,5227.0
6382.0,3906.0,5227.0
6382.0,3913.0,5227.0
6395.0,3913.0,5224.0
6395.0,3919.0,5224.0
6395.0,3924.0,5224.0
6413.0,3924.0,5219.0
6427.0,3924.0,5217.0
6427.0,3926.0,5217.0
6447.0,3926.0,5216.0
6460.0,3926.0,5213.0
6460.0,3928.0,5213.0
6479.0,3928.0,5210.0
6479.0,3929.0,5210.0
6494.0,3929.0,5201.0
6494.0,3929.0,5201.0
6504.0,3929.0,5197.0
6504.0,3929.0,5197.0
6504.0,3929.0,5195.0
6504.0,3917.0,5195.0
6505.0,3917.0,5189.0
6505.0,3910.0,5189.0
6500.0,3910.0,5191.0
6500.0,3905.0,5191.0
6497.0,3905.0,5192.0
6497.0,3903.0,5192.0
6480.0,3903.0,5197.0
6480.0,3901.0,5197.0
6463.0,3901.0,5201.0
6463.0,3899.0,5201.0
6451.0,3899.0,5204.0
6451.0,3896.0,5204.0
6435.0,3896.0,5205.0
6435.0,3890.0,5205.0
6420.0,3890.0,5207.0
6420.0,3883.0,5207.0
6402.0,3883.0,5210.0
6402.0,3874.0,5210.0
6389.0,3874.0,5215.0
6389.0,3864.0,5215.0
6368.0,3864.0,5222.0
6368.0,3855.0,5222.0
6361.0,3855.0,5225.0
6361.0,3844.0,5225.0
6346.0,3844.0,5227.0
6346.0,3830.0,5227.0
6337.0,3830.0,5227.0
6337.0,3820.0,5227.0
6326.0,3820.0,5227.0
6326.0,3805.0,5227.0
6317.0,3805.0,5227.0
6317.0,3790.0,5227.0
6307.0,3790.0,5228.0
6307.0,3776.0,5228.0
6302.0,3776.0,5228.0
6302.0,3759.0,5228.0
6295.0,3759.0,5229.0
6295.0,3745.0,5229.0
6291.0,3745.0,5230.0
6291.0,3727.0,5230.0
6287.0,3727.0,5230.0
6287.0,3713.0,5230.0
6285.0,3713.0,5230.0
6285.0,3698.0,5230.0
6283.0,3698.0,5229.0
6283.0,3678.0,5229.0
6283.0,3678.0,5230.0
6283.0,3661.0,5230.0
6284.0,3661.0,5229.0
6284.0,3646.0,5229.0
6286.0,3646.0,5229.0
6286.0,3631.0,5229.0
6289.0,3631.0,5229.0
6289.0,3618.0,5229.0
6294.0,3618.0,5228.0
6294.0,3601.0,5228.0
6301.0,3601.0,5227.0
6301.0,3584.0,5227.0
6308.0,3584.0,5225.0
6308.0,3567.0,5225.0
6317.0,3567.0,5224.0
6317.0,3554.0,5224.0
6327.0,3554.0,5219.0
6327.0,3543.0,5219.0
6338.0,3543.0,5217.0
6338.0,3530.0,5217.0
6350.0,3530.0,5216.0
6350.0,3518.0,5216.0
6363.0,3518.0,5215.0
6363.0,3508.0,5215.0
6374.0,3508.0,5214.0
6374.0,3500.0,5214.0
6387.0,3500.0,5211.0
6387.0,3491.0,5211.0
6403.0,3491.0,5204.0
6403.0,3485.0,5204.0
6420.0,3485.0,5193.0
6420.0,3478.0,5193.0
6438.0,3478.0,5187.0
6438.0,3475.0,5187.0
6451.0,3475.0,5186.0
6451.0,3471.0,5186.0
6465.0,3471.0,5185.0
6465.0,3469.0,5185.0
6481.0,3469.0,5182.0
6481.0,3468.0,5182.0
6503.0,3468.0,5174.0
6503.0,3469.0,5174.0
6521.0,3469.0,5169.0
6521.0,3471.0,5169.0
6537.0,3471.0,5166.0
6537.0,3474.0,5166.0
6550.0,3474.0,5165.0
6550.0,3477.0,5165.0
6566.0,3477.0,5164.0
6579.0,3477.0,5163.0
6579.0,3483.0,5163.0
6579.0,3490.0,5163.0
6597.0,3490.0,5159.0
6597.0,3498.0,5159.0
6610.0,3498.0,5153.0
6610.0,3505.0,5153.0
6625.0,3505.0,5150.0
6625.0,3516.0,5150.0
6636.0,3516.0,5148.0
6636.0,3528.0,5148.0
6651.0,3528.0,5147.0
6651.0,3543.0,5147.0
6663.0,3543.0,5146.0
6663.0,3554.0,5146.0
6675.0,3554.0,5146.0
6675.0,3569.0,5146.0
6683.0,3569.0,5145.0
6683.0,3584.0,5145.0
6691.0,3584.0,5144.0
6691.0,3599.0,5144.0
6699.0,3599.0,5144.0
6699.0,3616.0,5144.0
6706.0,3616.0,5143.0
6706.0,3629.0,5143.0
6710.0,3629.0,5143.0
6710.0,3647.0,5143.0
6712.0,3647.0,5142.0
6715.0,3647.0,5143.0
6715.0,3662.0,5143.0
6716.0,3662.0,5142.0
6716.0,3662.0,5142.0
6716.0,3678.0,5142.0
6716.0,3696.0,5142.0
6715.0,3696.0,5144.0
6715.0,3714.0,5144.0
6712.0,3714.0,5143.0
6712.0,3729.0,5143.0
6708.0,3729.0,5144.0
6708.0,3747.0,5144.0
6708.0,3761.0,5144.0
6704.0,3761.0,5144.0
6704.0,3774.0,5144.0
6697.0,3774.0,5145.0
6697.0,3790.0,5145.0
6690.0,3790.0,5146.0
6690.0,3806.0,5146.0
6680.0,3806.0,5148.0
6680.0,3821.0,5148.0
6671.0,3821.0,5151.0
6671.0,3832.0,5151.0
6659.0,3832.0,5156.0
6659.0,3844.0,5156.0
6646.0,3844.0,5160.0
6646.0,3857.0,5160.0
6634.0,3857.0,5162.0
6634.0,3867.0,5162.0
6621.0,3867.0,5163.0
6621.0,3877.0,5163.0
6604.0,3877.0,5165.0
6604.0,3882.0,5165.0
6592.0,3882.0,5171.0
6592.0,3889.0,5171.0
6573.0,3889.0,5175.0
6573.0,3896.0,5175.0
6559.0,3896.0,5180.0
6559.0,3900.0,5180.0
6543.0,3900.0,5182.0
6543.0,3902.0,5182.0
6528.0,3902.0,5183.0
6528.0,3903.0,5183.0
6513.0,3903.0,5186.0
6513.0,3904.0,5186.0
6499.0,3904.0,5189.0
6499.0,3904.0,5189.0
6497.0,3904.0,5191.0
6497.0,3904.0,5191.0
6494.0,3904.0,5192.0
6494.0,3904.0,5192.0
6495.0,3904.0,5192.0
6495.0,3904.0,5192.0
6495.0,3904.0,5192.0
6495.0,3904.0,5192.0
6495.0,3904.0,5192.0
6495.0,3904.0,5192.0
6495.0,3904.0,5192.0
6495.0,3904.0,5192.0
6495.0,3904.0,5192.0
6495.0,3904.0,5192.0
6495.0,3904.0,5192.0
6495.0,3904.0,5192.0
6495.0,3904.0,5192.0
6495.0,3904.0,5192.0
6495.0,3904.0,5192.0
6495.0,3904.0,5192.0
6495.0,3904.0,5192.0
6495.0,3904.0,5192.0
6495.0,3904.0,5192.0
6495.0,3904.0,5192.0
6495.0,3904.0,5192.0
6495.0,3904.0,5192.0
6495.0,3904.0,5192.0
6495.0,3904.0,5192.0
6495.0,3904.0,5192.0
6495.0,3904.0,5192.0
6495.0,3904.0,5192.0
6495.0,3904.0,5192.0
6495.0,3904.0,5192.0
6495.0,3904.0,5192.0
6495.0,3904.0,5192.0
6495.0,3904.0,5192.0
6495.0,3904.0,5192.0
6495.0,3904.0,5192.0
6495.0,3904.0,5192.0
6495.0,3904.0,5192.0
6495.0,3904.0,5192.0
6495.0,3904.0,5192.0
6495.0,3904.0,5192.0
6495.0,3904.0,5192.0
6495.0,3904.0,5192.0
6495.0,3904.0,5192.0
6495.0,3904.0,5192.0
6495.0,3904.0,5192.0
6495.0,3904.0,5192.0
6495.0,3904.0,5192.0
6495.0,3904.0,5192.0
6495.0,3904.0,5192.0
6495.0,3904.0,5192.0
6495.0,3904.0,5192.0
6495.0,3904.0,5192.0
6495.0,3904.0,5192.0
6495.0,3904.0,5192.0
6495.0,3904.0,5192.0
6495.0,3904.0,5192.0
6495.0,3904.0,5192.0
6495.0,3904.0,5192.0
6495.0,3904.0,5192.0
6495.0,3904.0,5192.0
6495.0,3904.0,5192.0
6495.0,3904.0,5192.0
6495.0,3904.0,5192.0
6495.0,3904.0,5192.0
6495.0,3904.0,5192.0
6495.0,3904.0,5192.0
6495.0,3904.0,5192.0
6495.0,3904.0,5192.0
6495.0,3904.0,5192.0
6495.0,3904.0,5192.0
6495.0,3904.0,5192.0
6495.0,3904.0,5192.0
6495.0,3904.0,5192.0
6495.0,3904.0,5192.0
6495.0,3904.0,5192.0
6495.0,3904.0,5192.0
6495.0,3904.0,5192.0
6495.0,3904.0,5192.0
6495.0,3904.0,5192.0
6495.0,3904.0,5192.0
6495.0,3904.0,5192.0
6495.0,3904.0,5192.0
6495.0,3904.0,5192.0
6495.0,3904.0,5192.0
6495.0,3904.0,5192.0
6495.0,3904.0,5192.0
6495.0,3909.0,5192.0
6495.0,3909.0,5192.0
6495.0,3917.0,5192.0
6494.0,3917.0,5192.0
6494.0,3909.0,5192.0
6479.0,3909.0,5198.0
6479.0,3906.0,5198.0
6476.0,3906.0,5196.0
6476.0,3887.0,5196.0
6479.0,3887.0,5196.0
6479.0,3879.0,5196.0
6481.0,3879.0,5195.0
6481.0,3860.0,5195.0
6490.0,3860.0,5192.0
6490.0,3853.0,5192.0
6487.0,3853.0,5193.0
6487.0,3837.0,5193.0
6486.0,3837.0,5193.0
6486.0,3821.0,5193.0
6484.0,3821.0,5193.0
6484.0,3794.0,5193.0
6484.0,3794.0,5192.0
6484.0,3784.0,5192.0
6483.0,3784.0,5191.0
6483.0,3779.0,5191.0
6483.0,3779.0,5191.0
6483.0,3778.0,5191.0
6483.0,3778.0,5191.0
6483.0,3778.0,5191.0
6483.0,3778.0,5191.0
6483.0,3779.0,5191.0
6483.0,3779.0,5191.0
6483.0,3779.0,5191.0
6483.0,3779.0,5191.0
6483.0,3779.0,5191.0
6483.0,3779.0,5191.0
6483.0,3779.0,5191.0
6483.0,3779.0,5191.0
6483.0,3779.0,5191.0
6483.0,3779.0,5191.0
6483.0,3779.0,5191.0
6483.0,3779.0,5191.0
6483.0,3779.0,5191.0
6483.0,3779.0,5191.0
6483.0,3779.0,5191.0
6483.0,3779.0,5191.0
6483.0,3779.0,5191.0
6483.0,3779.0,5191.0
6483.0,3779.0,5191.0
6483.0,3779.0,5191.0
6483.0,3779.0,5191.0
6483.0,3779.0,5191.0
6483.0,3779.0,5191.0
6483.0,3779.0,5191.0
6483.0,3779.0,5191.0
6483.0,3779.0,5191.0
6483.0,3779.0,5191.0
6483.0,3779.0,5191.0
6483.0,3779.0,5191.0
6483.0,3779.0,5191.0
6483.0,3779.0,5191.0
6483.0,3779.0,5191.0
6483.0,3779.0,5191.0
6483.0,3779.0,5191.0
6483.0,3779.0,5191.0
6483.0,3779.0,5191.0
6483.0,3779.0,5191.0
6483.0,3779.0,5191.0
6483.0,3779.0,5191.0
6483.0,3779.0,5191.0
6483.0,3779.0,5191.0
6483.0,3779.0,5191.0
6483.0,3779.0,5191.0
6483.0,3779.0,5191.0
6483.0,3779.0,5191.0
6483.0,3779.0,5191.0
6483.0,3779.0,5191.0
6483.0,3779.0,5191.0
6483.0,3779.0,5191.0
6483.0,3779.0,5191.0
6483.0,3779.0,5191.0
6483.0,3779.0,5191.0
6483.0,3779.0,5191.0
6483.0,3779.0,5191.0
6483.0,3779.0,5191.0
6483.0,3779.0,5191.0
6483.0,3779.0,5191.0
6483.0,3779.0,5191.0
6483.0,3779.0,5191.0
6483.0,3779.0,5191.0
6483.0,3779.0,5191.0
6483.0,3779.0,5191.0
6483.0,3779.0,5191.0
6483.0,3779.0,5191.0
6483.0,3779.0,5191.0
6483.0,3779.0,5191.0
6483.0,3779.0,5191.0
6483.0,3779.0,5191.0
6483.0,3779.0,5191.0
6483.0,3779.0,5191.0
6483.0,3779.0,5191.0
6483.0,3779.0,5191.0
6483.0,3779.0,5191.0
6483.0,3779.0,5191.0
6483.0,3779.0,5191.0
6483.0,3779.0,5191.0
6483.0,3779.0,5191.0
6483.0,3779.0,5191.0
6483.0,3779.0,5191.0
6483.0,3779.0,5191.0
6483.0,3779.0,5191.0
6483.0,3779.0,5191.0
6483.0,3778.0,5191.0
6482.0,3778.0,5191.0
6482.0,3773.0,5191.0
6478.0,3773.0,5191.0
6478.0,3762.0,5191.0
6475.0,3762.0,5191.0
6475.0,3730.0,5191.0
6469.0,3730.0,5191.0
6469.0,3715.0,5191.0
6467.0,3715.0,5191.0
6467.0,3708.0,5191.0
6467.0,3708.0,5191.0
6467.0,3704.0,5191.0
6472.0,3704.0,5187.0
6472.0,3701.0,5187.0
6479.0,3701.0,5187.0
6479.0,3696.0,5187.0
6501.0,3696.0,5185.0
6501.0,3694.0,5185.0
6518.0,3694.0,5184.0
6518.0,3694.0,5184.0
6526.0,3694.0,5180.0
6526.0,3695.0,5180.0
6541.0,3695.0,5178.0
6541.0,3698.0,5178.0
6545.0,3698.0,5173.0
6545.0,3702.0,5173.0
6556.0,3702.0,5171.0
6556.0,3709.0,5171.0
6559.0,3709.0,5172.0
6559.0,3717.0,5172.0
6567.0,3717.0,5168.0
6567.0,3726.0,5168.0
6567.0,3726.0,5170.0
6567.0,3736.0,5170.0
6568.0,3736.0,5170.0
6568.0,3745.0,5170.0
6566.0,3745.0,5171.0
6566.0,3756.0,5171.0
6561.0,3756.0,5172.0
6561.0,3760.0,5172.0
6555.0,3760.0,5173.0
6555.0,3765.0,5173.0
6546.0,3765.0,5177.0
6546.0,3771.0,5177.0
6532.0,3771.0,5181.0
6532.0,3774.0,5181.0
6521.0,3774.0,5183.0
6521.0,3779.0,5183.0
6502.0,3779.0,5183.0
6502.0,3780.0,5183.0
6494.0,3780.0,5185.0
6494.0,3779.0,5185.0
6483.0,3779.0,5187.0
6483.0,3780.0,5187.0
6483.0,3780.0,5189.0
6483.0,3787.0,5189.0
6484.0,3787.0,5189.0
6484.0,3771.0,5189.0
6479.0,3771.0,5189.0
6479.0,3733.0,5189.0
6467.0,3733.0,5189.0
6467.0,3705.0,5189.0
6460.0,3705.0,5191.0
6460.0,3699.0,5191.0
6461.0,3699.0,5190.0
6461.0,3689.0,5190.0
6467.0,3689.0,5187.0
6467.0,3687.0,5187.0
6462.0,3687.0,5189.0
6462.0,3682.0,5189.0
6461.0,3682.0,5190.0
6461.0,3661.0,5190.0
6456.0,3661.0,5190.0
6451.0,3661.0,5190.0
6451.0,3632.0,5190.0
6451.0,3617.0,5190.0
6450.0,3617.0,5190.0
6450.0,3613.0,5190.0
6451.0,3613.0,5186.0
6451.0,3606.0,5186.0
6457.0,3606.0,5186.0
6457.0,3601.0,5186.0
6464.0,3601.0,5186.0
6464.0,3598.0,5186.0
6475.0,3598.0,5185.0
6475.0,3594.0,5185.0
6495.0,3594.0,5184.0
6495.0,3594.0,5184.0
6504.0,3594.0,5181.0
6504.0,3595.0,5181.0
6514.0,3595.0,5177.0
6514.0,3596.0,5177.0
6525.0,3596.0,5175.0
6525.0,3599.0,5175.0
6532.0,3599.0,5172.0
6532.0,3605.0,5172.0
6540.0,3605.0,5168.0
6540.0,3611.0,5168.0
6546.0,3611.0,5170.0
6546.0,3621.0,5170.0
6553.0,3621.0,5169.0
6553.0,3633.0,5169.0
6555.0,3633.0,5169.0
6555.0,3642.0,5169.0
6555.0,3642.0,5168.0
6555.0,3649.0,5168.0
6554.0,3649.0,5170.0
6554.0,3659.0,5170.0
6550.0,3659.0,5169.0
6550.0,3667.0,5169.0
6546.0,3667.0,5171.0
6546.0,3674.0,5171.0
6537.0,3674.0,5175.0
6537.0,3679.0,5175.0
6527.0,3679.0,5177.0
6527.0,3683.0,5177.0
6514.0,3683.0,5181.0
6514.0,3685.0,5181.0
6503.0,3685.0,5182.0
6503.0,3690.0,5182.0
6477.0,3690.0,5183.0
6477.0,3691.0,5183.0
6471.0,3691.0,5185.0
6471.0,3690.0,5185.0
6466.0,3690.0,5187.0
6466.0,3697.0,5187.0
6469.0,3697.0,5187.0
6469.0,3695.0,5187.0
6486.0,3695.0,5185.0
6486.0,3691.0,5185.0
6512.0,3691.0,5184.0
6512.0,3689.0,5184.0
6528.0,3689.0,5180.0
6528.0,3687.0,5180.0
6556.0,3687.0,5173.0
6556.0,3684.0,5173.0
6546.0,3684.0,5174.0
6546.0,3676.0,5174.0
6554.0,3676.0,5170.0
6554.0,3669.0,5170.0
6554.0,3669.0,5172.0
6554.0,3664.0,5172.0
6568.0,3664.0,5167.0
6568.0,3662.0,5167.0
6574.0,3662.0,5166.0
6574.0,3654.0,5166.0
6582.0,3654.0,5165.0
6582.0,3645.0,5165.0
6586.0,3645.0,5165.0
6586.0,3636.0,5165.0
6589.0,3636.0,5165.0
6589.0,3626.0,5165.0
6590.0,3626.0,5165.0
6590.0,3616.0,5165.0
6587.0,3616.0,5164.0
6587.0,3608.0,5164.0
6584.0,3608.0,5164.0
6584.0,3601.0,5164.0
6579.0,3601.0,5165.0
6579.0,3591.0,5165.0
6571.0,3591.0,5165.0
6571.0,3585.0,5165.0
6563.0,3585.0,5165.0
6563.0,3581.0,5165.0
6553.0,3581.0,5165.0
6553.0,3580.0,5165.0
6543.0,3580.0,5168.0
6543.0,3579.0,5168.0
6530.0,3579.0,5170.0
6530.0,3576.0,5170.0
6523.0,3576.0,5172.0
6523.0,3570.0,5172.0
6518.0,3570.0,5172.0
6518.0,3564.0,5172.0
6516.0,3564.0,5172.0
6516.0,3543.0,5172.0
6513.0,3543.0,5172.0
6513.0,3542.0,5172.0
6510.0,3542.0,5175.0
6510.0,3544.0,5175.0
6499.0,3544.0,5176.0
6499.0,3558.0,5176.0
6505.0,3558.0,5176.0
6505.0,3570.0,5176.0
6505.0,3570.0,5176.0
6505.0,3577.0,5176.0
6503.0,3577.0,5179.0
6503.0,3583.0,5179.0
6496.0,3583.0,5179.0
6496.0,3584.0,5179.0
6486.0,3584.0,5182.0
6486.0,3587.0,5182.0
6463.0,3587.0,5183.0
6463.0,3585.0,5183.0
6463.0,3585.0,5183.0
6463.0,3580.0,5183.0
6451.0,3580.0,5184.0
6451.0,3574.0,5184.0
6455.0,3574.0,5186.0
6455.0,3554.0,5186.0
6449.0,3554.0,5186.0
6449.0,3554.0,5186.0
6444.0,3554.0,5186.0
6444.0,3556.0,5186.0
6435.0,3556.0,5189.0
6435.0,3573.0,5189.0
6443.0,3573.0,5189.0
6443.0,3581.0,5189.0
6441.0,3581.0,5189.0
6441.0,3590.0,5189.0
6439.0,3590.0,5191.0
6439.0,3592.0,5191.0
6434.0,3592.0,5191.0
6434.0,3594.0,5191.0
6423.0,3594.0,5194.0
6423.0,3599.0,5194.0
6395.0,3599.0,5202.0
6395.0,3603.0,5202.0
6381.0,3603.0,5204.0
6381.0,3610.0,5204.0
6387.0,3610.0,5204.0
6387.0,3610.0,5204.0
6390.0,3610.0,5204.0
6390.0,3610.0,5204.0
6403.0,3610.0,5204.0
6403.0,3614.0,5204.0
6407.0,3614.0,5203.0
6407.0,3620.0,5203.0
6413.0,3620.0,5202.0
6413.0,3629.0,5202.0
6415.0,3629.0,5202.0
6415.0,3639.0,5202.0
6419.0,3639.0,5202.0
6419.0,3671.0,5202.0
6424.0,3671.0,5201.0
6424.0,3712.0,5201.0
6433.0,3712.0,5202.0
6439.0,3712.0,5202.0
6439.0,3752.0,5202.0
6439.0,3770.0,5202.0
6442.0,3770.0,5202.0
6442.0,3779.0,5202.0
6442.0,3779.0,5202.0
6442.0,3787.0,5202.0
6439.0,3787.0,5204.0
6435.0,3787.0,5204.0
6435.0,3791.0,5204.0
6435.0,3796.0,5204.0
6427.0,3796.0,5204.0
6427.0,3799.0,5204.0
6420.0,3799.0,5205.0
6420.0,3807.0,5205.0
6422.0,3807.0,5205.0
6422.0,3805.0,5205.0
6428.0,3805.0,5205.0
6428.0,3799.0,5205.0
6460.0,3799.0,5201.0
6460.0,3797.0,5201.0
6472.0,3797.0,5195.0
6472.0,3799.0,5195.0
6477.0,3799.0,5190.0
6477.0,3803.0,5190.0
6482.0,3803.0,5193.0
6482.0,3808.0,5193.0
6481.0,3808.0,5191.0
6481.0,3807.0,5191.0
6485.0,3807.0,5191.0
6485.0,3827.0,5191.0
6488.0,3827.0,5191.0
6488.0,3830.0,5191.0
6492.0,3830.0,5187.0
6492.0,3829.0,5187.0
6502.0,3829.0,5188.0
6502.0,3817.0,5188.0
6496.0,3817.0,5187.0
6496.0,3805.0,5187.0
6495.0,3805.0,5187.0
6495.0,3804.0,5187.0
6498.0,3804.0,5187.0
6498.0,3796.0,5187.0
6499.0,3796.0,5185.0
6499.0,3790.0,5185.0
6504.0,3790.0,5184.0
6504.0,3789.0,5184.0
6511.0,3789.0,5184.0
6511.0,3785.0,5184.0
6534.0,3785.0,5182.0
6534.0,3786.0,5182.0
6536.0,3786.0,5181.0
6536.0,3789.0,5181.0
6546.0,3789.0,5178.0
6546.0,3794.0,5178.0
6547.0,3794.0,5178.0
6547.0,3809.0,5178.0
6550.0,3809.0,5178.0
6550.0,3819.0,5178.0
6551.0,3819.0,5178.0
6551.0,3817.0,5178.0
6563.0,3817.0,5176.0
6563.0,3813.0,5176.0
6563.0,3813.0,5175.0
6563.0,3792.0,5175.0
6558.0,3792.0,5175.0
6558.0,3785.0,5175.0
6560.0,3785.0,5174.0
6560.0,3780.0,5174.0
6560.0,3776.0,5174.0
6563.0,3776.0,5174.0
6570.0,3776.0,5167.0
6570.0,3772.0,5167.0
6580.0,3772.0,5169.0
6580.0,3763.0,5169.0
6589.0,3763.0,5164.0
6589.0,3756.0,5164.0
6595.0,3756.0,5164.0
6595.0,3751.0,5164.0
6598.0,3751.0,5164.0
6598.0,3739.0,5164.0
6601.0,3739.0,5164.0
6601.0,3732.0,5164.0
6601.0,3732.0,5164.0
6601.0,3723.0,5164.0
6599.0,3723.0,5164.0
6599.0,3712.0,5164.0
6593.0,3712.0,5164.0
6593.0,3706.0,5164.0
6587.0,3706.0,5163.0
6587.0,3701.0,5163.0
6579.0,3701.0,5165.0
6579.0,3697.0,5165.0
6571.0,3697.0,5164.0
6571.0,3694.0,5164.0
6558.0,3694.0,5167.0
6558.0,3691.0,5167.0
6554.0,3691.0,5168.0
6554.0,3686.0,5168.0
6551.0,3686.0,5169.0
6551.0,3684.0,5169.0
6559.0,3684.0,5166.0
6559.0,3680.0,5166.0
6559.0,3680.0,5168.0
6559.0,3677.0,5168.0
6562.0,3677.0,5167.0
6562.0,3671.0,5167.0
6575.0,3671.0,5164.0
6575.0,3664.0,5164.0
6581.0,3664.0,5163.0
6581.0,3655.0,5163.0
6591.0,3655.0,5163.0
6591.0,3647.0,5163.0
6594.0,3647.0,5162.0
6594.0,3637.0,5162.0
6598.0,3637.0,5162.0
6598.0,3628.0,5162.0
6598.0,3628.0,5162.0
6596.0,3628.0,5161.0
6596.0,3617.0,5161.0
6596.0,3608.0,5161.0
6594.0,3608.0,5161.0
6594.0,3598.0,5161.0
6590.0,3598.0,5162.0
6590.0,3590.0,5162.0
6583.0,3590.0,5162.0
6583.0,3584.0,5162.0
6574.0,3584.0,5162.0
6574.0,3578.0,5162.0
6565.0,3578.0,5162.0
6565.0,3574.0,5162.0
6555.0,3574.0,5162.0
6555.0,3572.0,5162.0
6546.0,3572.0,5164.0
6546.0,3571.0,5164.0
6531.0,3571.0,5166.0
6531.0,3569.0,5166.0
6527.0,3569.0,5168.0
6527.0,3561.0,5168.0
6525.0,3561.0,5169.0
6525.0,3541.0,5169.0
6522.0,3541.0,5169.0
6522.0,3530.0,5169.0
6521.0,3530.0,5169.0
6521.0,3532.0,5169.0
6508.0,3532.0,5173.0
6508.0,3536.0,5173.0
6487.0,3536.0,5178.0
6487.0,3540.0,5178.0
6491.0,3540.0,5176.0
6491.0,3560.0,5176.0
6493.0,3560.0,5176.0
6493.0,3571.0,5176.0
6497.0,3571.0,5176.0
6497.0,3573.0,5176.0
6494.0,3573.0,5176.0
6494.0,3575.0,5176.0
6483.0,3575.0,5180.0
6483.0,3579.0,5180.0
6463.0,3579.0,5181.0
6463.0,3578.0,5181.0
6465.0,3578.0,5181.0
6465.0,3572.0,5181.0
6461.0,3572.0,5181.0
6461.0,3551.0,5181.0
6460.0,3551.0,5181.0
6460.0,3541.0,5181.0
6456.0,3541.0,5181.0
6456.0,3544.0,5181.0
6443.0,3544.0,5183.0
6443.0,3548.0,5183.0
6423.0,3548.0,5187.0
6423.0,3552.0,5187.0
6430.0,3552.0,5189.0
6430.0,3573.0,5189.0
6430.0,3573.0,5189.0
6430.0,3583.0,5189.0
6434.0,3583.0,5189.0
6434.0,3586.0,5189.0
6428.0,3586.0,5190.0
6428.0,3588.0,5190.0
6417.0,3588.0,5194.0
6417.0,3592.0,5194.0
6393.0,3592.0,5200.0
6393.0,3595.0,5200.0
6379.0,3595.0,5203.0
6379.0,3597.0,5203.0
6374.0,3597.0,5203.0
6374.0,3615.0,5203.0
6379.0,3615.0,5203.0
6379.0,3620.0,5203.0
6379.0,3620.0,5203.0
6379.0,3618.0,5203.0
6396.0,3618.0,5203.0
6396.0,3619.0,5203.0
6401.0,3619.0,5202.0
6401.0,3624.0,5202.0
6406.0,3624.0,5201.0
6406.0,3633.0,5201.0
6408.0,3633.0,5201.0
6408.0,3646.0,5201.0
6411.0,3646.0,5201.0
6411.0,3666.0,5201.0
6415.0,3666.0,5201.0
6415.0,3687.0,5201.0
6419.0,3687.0,5201.0
6419.0,3708.0,5201.0
6423.0,3708.0,5201.0
6423.0,3727.0,5201.0
6426.0,3727.0,5201.0
6430.0,3727.0,5201.0
6430.0,3747.0,5201.0
6430.0,3767.0,5201.0
6434.0,3767.0,5201.0
6434.0,3776.0,5201.0
6435.0,3776.0,5201.0
6435.0,3783.0,5201.0
6432.0,3783.0,5202.0
6432.0,3787.0,5202.0
6427.0,3787.0,5203.0
6427.0,3790.0,5203.0
6417.0,3790.0,5203.0
6417.0,3793.0,5203.0
6409.0,3793.0,5203.0
6409.0,3807.0,5203.0
6415.0,3807.0,5203.0
6415.0,3816.0,5203.0
6415.0,3816.0,5203.0
6415.0,3813.0,5203.0
6430.0,3813.0,5203.0
6430.0,3809.0,5203.0
6451.0,3809.0,5201.0
6451.0,3806.0,5201.0
6469.0,3806.0,5193.0
6469.0,3806.0,5193.0
6474.0,3806.0,5193.0
6474.0,3810.0,5193.0
6475.0,3810.0,5193.0
6475.0,3826.0,5193.0
6478.0,3826.0,5193.0
6478.0,3842.0,5193.0
6480.0,3842.0,5193.0
6480.0,3841.0,5193.0
6487.0,3841.0,5189.0
6487.0,3837.0,5189.0
6511.0,3837.0,5185.0
6511.0,3836.0,5185.0
6511.0,3836.0,5186.0
6511.0,3818.0,5186.0
6508.0,3818.0,5186.0
6508.0,3802.0,5186.0
6505.0,3802.0,5186.0
6505.0,3800.0,5186.0
6507.0,3800.0,5184.0
6507.0,3798.0,5184.0
6514.0,3798.0,5184.0
6514.0,3794.0,5184.0
6534.0,3794.0,5182.0
6534.0,3795.0,5182.0
6536.0,3795.0,5181.0
6536.0,3797.0,5181.0
6539.0,3797.0,5180.0
6539.0,3815.0,5180.0
6541.0,3815.0,5180.0
6541.0,3830.0,5180.0
6544.0,3830.0,5180.0
6544.0,3829.0,5180.0
6551.0,3829.0,5178.0
6551.0,3825.0,5178.0
6575.0,3825.0,5171.0
6575.0,3824.0,5171.0
6574.0,3824.0,5172.0
6574.0,3806.0,5172.0
6571.0,3806.0,5172.0
6571.0,3789.0,5172.0
6567.0,3789.0,5172.0
6567.0,3785.0,5172.0
6570.0,3785.0,5172.0
6570.0,3781.0,5172.0
6578.0,3781.0,5167.0
6578.0,3777.0,5167.0
6589.0,3777.0,5164.0
6589.0,3768.0,5164.0
6597.0,3768.0,5165.0
6597.0,3759.0,5165.0
6603.0,3759.0,5164.0
6603.0,3751.0,5164.0
6607.0,3751.0,5163.0
6607.0,3742.0,5163.0
6609.0,3742.0,5163.0
6609.0,3733.0,5163.0
6609.0,3733.0,5163.0
6609.0,3721.0,5163.0
6607.0,3721.0,5163.0
6607.0,3712.0,5163.0
6603.0,3712.0,5163.0
6603.0,3706.0,5163.0
6598.0,3706.0,5163.0
6598.0,3699.0,5163.0
6590.0,3699.0,5164.0
6590.0,3693.0,5164.0
6582.0,3693.0,5163.0
6582.0,3688.0,5163.0
6572.0,3688.0,5164.0
6572.0,3686.0,5164.0
6560.0,3686.0,5165.0
6560.0,3684.0,5165.0
6559.0,3684.0,5167.0
6559.0,3679.0,5167.0
6557.0,3679.0,5167.0
6557.0,3667.0,5167.0
6553.0,3667.0,5168.0
6553.0,3657.0,5168.0
6558.0,3657.0,5166.0
6558.0,3645.0,5166.0
6562.0,3645.0,5167.0
6562.0,3630.0,5167.0
6558.0,3630.0,5167.0
6558.0,3618.0,5167.0
6556.0,3618.0,5167.0
6556.0,3608.0,5167.0
6547.0,3608.0,5166.0
6547.0,3597.0,5166.0
6536.0,3597.0,5168.0
6536.0,3593.0,5168.0
6526.0,3593.0,5170.0
6526.0,3590.0,5170.0
6511.0,3590.0,5172.0
6511.0,3592.0,5172.0
6497.0,3592.0,5179.0
6497.0,3595.0,5179.0
6462.0,3595.0,5181.0
6462.0,3596.0,5181.0
6468.0,3596.0,5181.0
6468.0,3610.0,5181.0
6445.0,3610.0,5185.0
6445.0,3615.0,5185.0
6444.0,3615.0,5189.0
6444.0,3632.0,5189.0
6447.0,3632.0,5189.0
6447.0,3670.0,5189.0
6454.0,3670.0,5189.0
6454.0,3695.0,5189.0
6459.0,3695.0,5189.0
6459.0,3698.0,5189.0
6461.0,3698.0,5188.0
6461.0,3696.0,5188.0
6477.0,3696.0,5185.0
6477.0,3689.0,5185.0
6471.0,3689.0,5186.0
6471.0,3684.0,5186.0
6472.0,3684.0,5185.0
6467.0,3684.0,5187.0
6467.0,3680.0,5187.0
6467.0,3680.0,5187.0
6467.0,3669.0,5187.0
6467.0,3650.0,5187.0
6461.0,3650.0,5187.0
6461.0,3631.0,5187.0
6459.0,3631.0,5187.0
6459.0,3618.0,5187.0
6457.0,3618.0,5187.0
6457.0,3610.0,5187.0
6461.0,3610.0,5185.0
6461.0,3609.0,5185.0
6467.0,3609.0,5184.0
6467.0,3607.0,5184.0
6482.0,3607.0,5183.0
6482.0,3604.0,5183.0
6500.0,3604.0,5182.0
6500.0,3603.0,5182.0
6510.0,3603.0,5180.0
6510.0,3603.0,5180.0
6520.0,3603.0,5176.0
6520.0,3606.0,5176.0
6528.0,3606.0,5171.0
6528.0,3611.0,5171.0
6535.0,3611.0,5167.0
6535.0,3618.0,5167.0
6542.0,3618.0,5169.0
6542.0,3626.0,5169.0
6545.0,3626.0,5170.0
6545.0,3635.0,5170.0
6547.0,3635.0,5170.0
6547.0,3646.0,5170.0
6547.0,3646.0,5170.0
6547.0,3655.0,5170.0
6544.0,3655.0,5170.0
6544.0,3659.0,5170.0
6539.0,3659.0,5171.0
6539.0,3666.0,5171.0
6532.0,3666.0,5173.0
6532.0,3672.0,5173.0
6524.0,3672.0,5177.0
6524.0,3676.0,5177.0
6511.0,3676.0,5179.0
6511.0,3678.0,5179.0
6498.0,3678.0,5180.0
6498.0,3682.0,5180.0
6476.0,3682.0,5181.0
6476.0,3683.0,5181.0
6471.0,3683.0,5184.0
6471.0,3683.0,5184.0
6463.0,3683.0,5185.0
6463.0,3684.0,5185.0
6452.0,3684.0,5189.0
6452.0,3700.0,5189.0
6460.0,3700.0,5189.0
6460.0,3738.0,5189.0
6464.0,3738.0,5189.0
6464.0,3773.0,5189.0
6475.0,3773.0,5189.0
6475.0,3786.0,5189.0
6475.0,3786.0,5189.0
6475.0,3777.0,5189.0
6485.0,3777.0,5186.0
6485.0,3770.0,5186.0
6488.0,3770.0,5186.0
6488.0,3768.0,5186.0
6483.0,3768.0,5187.0
6483.0,3758.0,5187.0
6483.0,3758.0,5187.0
6483.0,3738.0,5187.0
6479.0,3738.0,5187.0
6479.0,3718.0,5187.0
6475.0,3718.0,5187.0
6475.0,3711.0,5187.0
6474.0,3711.0,5187.0
6474.0,3707.0,5187.0
6477.0,3707.0,5185.0
6477.0,3704.0,5185.0
6491.0,3704.0,5184.0
6491.0,3701.0,5184.0
6511.0,3701.0,5183.0
6511.0,3701.0,5183.0
6520.0,3701.0,5181.0
6520.0,3701.0,5181.0
6535.0,3701.0,5178.0
6535.0,3702.0,5178.0
6541.0,3702.0,5174.0
6541.0,3707.0,5174.0
6550.0,3707.0,5171.0
6550.0,3713.0,5171.0
6555.0,3713.0,5172.0
6555.0,3721.0,5172.0
6559.0,3721.0,5168.0
6559.0,3731.0,5168.0
6560.0,3731.0,5170.0
6560.0,3739.0,5170.0
6559.0,3739.0,5170.0
6559.0,3747.0,5170.0
6555.0,3747.0,5171.0
6555.0,3751.0,5171.0
6551.0,3751.0,5174.0
6551.0,3757.0,5174.0
6542.0,3757.0,5174.0
6532.0,3757.0,5179.0
6532.0,3761.0,5179.0
6532.0,3765.0,5179.0
6515.0,3765.0,5181.0
6515.0,3768.0,5181.0
6496.0,3768.0,5182.0
6496.0,3769.0,5182.0
6487.0,3769.0,5184.0
6487.0,3769.0,5184.0
6487.0,3769.0,5185.0
6487.0,3769.0,5185.0
6479.0,3769.0,5185.0
6479.0,3771.0,5185.0
6470.0,3771.0,5188.0
6470.0,3782.0,5188.0
6483.0,3782.0,5186.0
6483.0,3789.0,5186.0
6485.0,3789.0,5188.0
6485.0,3797.0,5188.0
6487.0,3797.0,5187.0
6487.0,3788.0,5187.0
6479.0,3788.0,5188.0
6479.0,3787.0,5188.0
6481.0,3787.0,5187.0
6481.0,3785.0,5187.0
6488.0,3785.0,5186.0
6488.0,3786.0,5186.0
6495.0,3786.0,5186.0
6495.0,3792.0,5186.0
6491.0,3792.0,5185.0
6491.0,3798.0,5185.0
6490.0,3798.0,5187.0
6490.0,3797.0,5187.0
6488.0,3797.0,5187.0
6488.0,3793.0,5187.0
6482.0,3793.0,5187.0
6482.0,3785.0,5187.0
6473.0,3785.0,5189.0
6473.0,3770.0,5189.0
6474.0,3770.0,5189.0
6474.0,3731.0,5189.0
6464.0,3731.0,5189.0
6464.0,3674.0,5189.0
6455.0,3674.0,5189.0
6455.0,3633.0,5189.0
6445.0,3633.0,5189.0
6445.0,3613.0,5189.0
6443.0,3613.0,5189.0
6443.0,3617.0,5189.0
6442.0,3617.0,5189.0
6442.0,3629.0,5189.0
6443.0,3629.0,5189.0
6443.0,3649.0,5189.0
6447.0,3649.0,5189.0
6447.0,3669.0,5189.0
6450.0,3669.0,5189.0
6450.0,3686.0,5189.0
6453.0,3686.0,5189.0
6453.0,3692.0,5189.0
6456.0,3692.0,5189.0
6456.0,3696.0,5189.0
6463.0,3696.0,5186.0
6463.0,3697.0,5186.0
6465.0,3697.0,5188.0
6465.0,3703.0,5188.0
6460.0,3703.0,5188.0
6460.0,3711.0,5188.0
6459.0,3711.0,5189.0
6459.0,3721.0,5189.0
6459.0,3721.0,5189.0
6459.0,3741.0,5189.0
6464.0,3741.0,5189.0
6464.0,3761.0,5189.0
6467.0,3761.0,5190.0
6467.0,3774.0,5190.0
6470.0,3774.0,5190.0
6470.0,3781.0,5190.0
6474.0,3781.0,5189.0
6474.0,3788.0,5189.0
6478.0,3788.0,5189.0
6478.0,3790.0,5189.0
6467.0,3790.0,5190.0
6467.0,3792.0,5190.0
6457.0,3792.0,5194.0
6457.0,3794.0,5194.0
6440.0,3794.0,5197.0
6440.0,3790.0,5197.0
6449.0,3790.0,5196.0
6449.0,3780.0,5196.0
6448.0,3780.0,5197.0
6448.0,3771.0,5197.0
6451.0,3771.0,5195.0
6451.0,3760.0,5195.0
6448.0,3760.0,5195.0
6448.0,3739.0,5195.0
6446.0,3739.0,5195.0
6446.0,3717.0,5195.0
6440.0,3717.0,5195.0
6440.0,3698.0,5195.0
6438.0,3698.0,5195.0
6438.0,3679.0,5195.0
6434.0,3679.0,5195.0
6434.0,3659.0,5195.0
6431.0,3659.0,5195.0
6431.0,3638.0,5195.0
6426.0,3638.0,5195.0
6426.0,3627.0,5195.0
6423.0,3627.0,5195.0
6423.0,3617.0,5195.0
6419.0,3617.0,5195.0
6419.0,3608.0,5195.0
6414.0,3608.0,5196.0
6414.0,3607.0,5196.0
6409.0,3607.0,5199.0
6409.0,3605.0,5199.0
6422.0,3605.0,5197.0
6422.0,3602.0,5197.0
6437.0,3602.0,5193.0
6437.0,3596.0,5193.0
6439.0,3596.0,5188.0
6439.0,3592.0,5188.0
6449.0,3592.0,5190.0
6449.0,3587.0,5190.0
6449.0,3587.0,5188.0
6449.0,3594.0,5188.0
6459.0,3594.0,5185.0
6459.0,3596.0,5185.0
6452.0,3596.0,5186.0
6452.0,3601.0,5186.0
6447.0,3601.0,5187.0
6447.0,3611.0,5187.0
6443.0,3611.0,5189.0
6443.0,3612.0,5189.0
6438.0,3612.0,5190.0
6438.0,3615.0,5190.0
6425.0,3615.0,5192.0
6425.0,3610.0,5192.0
6425.0,3610.0,5194.0
6425.0,3609.0,5194.0
6434.0,3609.0,5192.0
6435.0,3609.0,5193.0
6435.0,3614.0,5193.0
6433.0,3614.0,5193.0
6433.0,3623.0,5193.0
6433.0,3626.0,5193.0
6433.0,3626.0,5193.0
6433.0,3615.0,5193.0
6426.0,3615.0,5193.0
6426.0,3623.0,5193.0
6431.0,3623.0,5193.0
6431.0,3632.0,5193.0
6435.0,3632.0,5193.0
6435.0,3649.0,5193.0
6438.0,3649.0,5193.0
6438.0,3666.0,5193.0
6440.0,3666.0,5193.0
6440.0,3682.0,5193.0
6443.0,3682.0,5193.0
6443.0,3688.0,5193.0
6444.0,3688.0,5193.0
6444.0,3702.0,5193.0
6445.0,3702.0,5193.0
6445.0,3697.0,5193.0
6446.0,3697.0,5193.0
6446.0,3688.0,5193.0
6444.0,3688.0,5193.0
6444.0,3697.0,5193.0
6451.0,3697.0,5192.0
6451.0,3700.0,5192.0
6454.0,3700.0,5192.0
6451.0,3700.0,5193.0
6451.0,3704.0,5193.0
6451.0,3717.0,5193.0
6451.0,3717.0,5193.0
6451.0,3709.0,5193.0
6447.0,3709.0,5193.0
6447.0,3703.0,5193.0
6444.0,3703.0,5193.0
6444.0,3716.0,5193.0
6449.0,3716.0,5193.0
6449.0,3730.0,5193.0
6452.0,3730.0,5193.0
6452.0,3747.0,5193.0
6456.0,3747.0,5193.0
6456.0,3765.0,5193.0
6459.0,3765.0,5193.0
6459.0,3779.0,5193.0
6460.0,3779.0,5193.0
6460.0,3777.0,5193.0
6459.0,3777.0,5193.0
6459.0,3751.0,5193.0
6458.0,3751.0,5193.0
6458.0,3702.0,5193.0
6453.0,3702.0,5192.0
6453.0,3649.0,5192.0
6446.0,3649.0,5189.0
6446.0,3621.0,5189.0
6443.0,3621.0,5191.0
6443.0,3614.0,5191.0
6444.0,3614.0,5191.0
6444.0,3600.0,5191.0
6452.0,3600.0,5187.0
6452.0,3599.0,5187.0
6459.0,3599.0,5185.0
6459.0,3594.0,5185.0
6488.0,3594.0,5183.0
6488.0,3591.0,5183.0
6497.0,3591.0,5181.0
6497.0,3583.0,5181.0
6510.0,3583.0,5178.0
6510.0,3584.0,5178.0
6519.0,3584.0,5176.0
6519.0,3587.0,5176.0
6527.0,3587.0,5174.0
6527.0,3588.0,5174.0
6531.0,3588.0,5172.0
6531.0,3597.0,5172.0
6546.0,3597.0,5166.0
6546.0,3607.0,5166.0
6567.0,3607.0,5164.0
6567.0,3613.0,5164.0
6564.0,3613.0,5165.0
6564.0,3622.0,5165.0
6574.0,3622.0,5163.0
6574.0,3625.0,5163.0
6568.0,3625.0,5163.0
6568.0,3632.0,5163.0
6562.0,3632.0,5164.0
6562.0,3620.0,5164.0
6559.0,3620.0,5166.0
6559.0,3614.0,5166.0
6555.0,3614.0,5166.0
6555.0,3601.0,5166.0
6548.0,3601.0,5167.0
6548.0,3593.0,5167.0
6538.0,3593.0,5167.0
6538.0,3588.0,5167.0
6527.0,3588.0,5169.0
6527.0,3588.0,5169.0
6541.0,3588.0,5167.0
6541.0,3590.0,5167.0
6549.0,3590.0,5164.0
6549.0,3591.0,5164.0
6561.0,3591.0,5164.0
6561.0,3597.0,5164.0
6567.0,3597.0,5163.0
6567.0,3603.0,5163.0
6575.0,3603.0,5163.0
6575.0,3611.0,5163.0
6577.0,3611.0,5164.0
6577.0,3620.0,5164.0
6582.0,3620.0,5164.0
6582.0,3630.0,5164.0
6582.0,3630.0,5164.0
6582.0,3639.0,5164.0
6580.0,3639.0,5164.0
6580.0,3645.0,5164.0
6575.0,3645.0,5163.0
6575.0,3651.0,5163.0
6570.0,3651.0,5164.0
6570.0,3656.0,5164.0
6563.0,3656.0,5164.0
6563.0,3658.0,5164.0
6560.0,3658.0,5166.0
6560.0,3645.0,5166.0
6564.0,3645.0,5166.0
6564.0,3633.0,5166.0
6562.0,3633.0,5166.0
6562.0,3630.0,5166.0
6560.0,3630.0,5166.0
6560.0,3609.0,5166.0
6549.0,3609.0,5165.0
6549.0,3604.0,5165.0
6545.0,3604.0,5166.0
6545.0,3593.0,5166.0
6530.0,3593.0,5169.0
6530.0,3592.0,5169.0
6523.0,3592.0,5171.0
6523.0,3590.0,5171.0
6499.0,3590.0,5177.0
6499.0,3592.0,5177.0
6491.0,3592.0,5180.0
6491.0,3595.0,5180.0
6465.0,3595.0,5181.0
6465.0,3597.0,5181.0
6464.0,3597.0,5181.0
6464.0,3611.0,5181.0
6447.0,3611.0,5185.0
6447.0,3615.0,5185.0
6441.0,3615.0,5189.0
6441.0,3635.0,5189.0
6450.0,3635.0,5189.0
6450.0,3674.0,5189.0
6453.0,3674.0,5189.0
6453.0,3697.0,5189.0
6461.0,3697.0,5189.0
6461.0,3697.0,5189.0
6461.0,3697.0,5187.0
6461.0,3693.0,5187.0
6494.0,3693.0,5184.0
6494.0,3687.0,5184.0
6530.0,3687.0,5178.0
6543.0,3687.0,5173.0
6543.0,3684.0,5173.0
6543.0,3684.0,5173.0
6538.0,3684.0,5175.0
6538.0,3686.0,5175.0
6540.0,3686.0,5173.0
6540.0,3687.0,5173.0
6531.0,3687.0,5175.0
6531.0,3692.0,5175.0
6496.0,3692.0,5181.0
6496.0,3697.0,5181.0
6465.0,3697.0,5186.0
6465.0,3699.0,5186.0
6459.0,3699.0,5189.0
6459.0,3713.0,5189.0
6461.0,3713.0,5189.0
6461.0,3750.0,5189.0
6468.0,3750.0,5189.0
6468.0,3780.0,5189.0
6475.0,3780.0,5189.0
6475.0,3788.0,5189.0
6477.0,3788.0,5189.0
6477.0,3785.0,5189.0
6497.0,3785.0,5184.0
6497.0,3778.0,5184.0
6531.0,3778.0,5182.0
6531.0,3775.0,5182.0
6539.0,3775.0,5179.0
6539.0,3767.0,5179.0
6555.0,3767.0,5173.0
6555.0,3762.0,5173.0
6566.0,3762.0,5172.0
6566.0,3747.0,5172.0
6571.0,3747.0,5167.0
6571.0,3729.0,5167.0
6587.0,3729.0,5165.0
6587.0,3733.0,5165.0
6581.0,3733.0,5166.0
6581.0,3742.0,5166.0
6586.0,3742.0,5166.0
6586.0,3748.0,5166.0
6580.0,3748.0,5166.0
6580.0,3744.0,5166.0
6576.0,3744.0,5168.0
6576.0,3734.0,5168.0
6575.0,3734.0,5165.0
6575.0,3725.0,5165.0
6575.0,3725.0,5167.0
6575.0,3716.0,5167.0
6572.0,3716.0,5167.0
6572.0,3705.0,5167.0
6568.0,3705.0,5165.0
6568.0,3703.0,5165.0
6567.0,3703.0,5165.0
6567.0,3706.0,5165.0
6576.0,3706.0,5164.0
6576.0,3712.0,5164.0
6582.0,3712.0,5164.0
6582.0,3719.0,5164.0
6589.0,3719.0,5165.0
6589.0,3727.0,5165.0
6593.0,3727.0,5165.0
6593.0,3735.0,5165.0
6594.0,3735.0,5164.0
6594.0,3743.0,5164.0
6591.0,3743.0,5165.0
6591.0,3752.0,5165.0
6587.0,3752.0,5166.0
6587.0,3759.0,5166.0
6582.0,3759.0,5166.0
6582.0,3766.0,5166.0
6574.0,3766.0,5167.0
6574.0,3767.0,5167.0
6565.0,3767.0,5169.0
6565.0,3764.0,5169.0
6564.0,3764.0,5167.0
6564.0,3756.0,5167.0
6572.0,3756.0,5169.0
6572.0,3743.0,5169.0
6575.0,3743.0,5168.0
6575.0,3751.0,5168.0
6574.0,3751.0,5167.0
6574.0,3768.0,5167.0
6562.0,3768.0,5169.0
6562.0,3772.0,5169.0
6558.0,3772.0,5170.0
6558.0,3775.0,5170.0
6552.0,3775.0,5173.0
6552.0,3785.0,5173.0
6552.0,3785.0,5174.0
6552.0,3780.0,5174.0
6544.0,3780.0,5176.0
6544.0,3779.0,5176.0
6541.0,3779.0,5176.0
6541.0,3774.0,5176.0
6554.0,3774.0,5173.0
6554.0,3773.0,5173.0
6555.0,3773.0,5174.0
6555.0,3785.0,5174.0
6551.0,3785.0,5175.0
6551.0,3785.0,5175.0
6554.0,3785.0,5175.0
6554.0,3785.0,5175.0
6552.0,3785.0,5175.0
6552.0,3785.0,5175.0
6551.0,3785.0,5175.0
6551.0,3785.0,5175.0
6550.0,3785.0,5175.0
6550.0,3785.0,5175.0
6551.0,3785.0,5175.0
6551.0,3785.0,5175.0
6552.0,3785.0,5175.0
6552.0,3785.0,5175.0
6552.0,3785.0,5175.0
6552.0,3785.0,5175.0
6551.0,3785.0,5175.0
6551.0,3785.0,5175.0
6551.0,3785.0,5175.0
6551.0,3785.0,5175.0
6551.0,3785.0,5175.0
6551.0,3785.0,5175.0
6552.0,3785.0,5175.0
6552.0,3785.0,5175.0
6552.0,3785.0,5175.0
6552.0,3785.0,5175.0
6551.0,3785.0,5175.0
6551.0,3785.0,5175.0
6551.0,3785.0,5175.0
6551.0,3785.0,5175.0
6551.0,3785.0,5175.0
6551.0,3785.0,5175.0
6552.0,3785.0,5175.0
6552.0,3785.0,5175.0
6552.0,3785.0,5175.0
6551.0,3785.0,5175.0
6551.0,3785.0,5175.0
6551.0,3785.0,5175.0
6551.0,3785.0,5175.0
6551.0,3785.0,5175.0
6551.0,3785.0,5175.0
6552.0,3785.0,5175.0
6552.0,3785.0,5175.0
6552.0,3785.0,5175.0
6552.0,3785.0,5175.0
6552.0,3785.0,5175.0
6551.0,3785.0,5175.0
6551.0,3785.0,5175.0
6551.0,3785.0,5175.0
6551.0,3785.0,5175.0
6551.0,3785.0,5175.0
6551.0,3785.0,5175.0
6552.0,3785.0,5175.0
6552.0,3785.0,5175.0
6552.0,3785.0,5175.0
6552.0,3785.0,5175.0
6551.0,3785.0,5175.0
6551.0,3785.0,5175.0
6551.0,3785.0,5175.0
6551.0,3785.0,5175.0
6551.0,3785.0,5175.0
6551.0,3785.0,5175.0
6552.0,3785.0,5175.0
6552.0,3785.0,5175.0
6552.0,3785.0,5175.0
6552.0,3785.0,5175.0
6551.0,3785.0,5175.0
6551.0,3785.0,5175.0
6551.0,3785.0,5175.0
6551.0,3785.0,5175.0
6551.0,3785.0,5175.0
6551.0,3785.0,5175.0
6552.0,3785.0,5175.0
6552.0,3785.0,5175.0
6552.0,3785.0,5175.0
6552.0,3785.0,5175.0
6551.0,3785.0,5175.0
6551.0,3785.0,5175.0
6551.0,3785.0,5175.0
6551.0,3785.0,5175.0
6551.0,3785.0,5175.0
6551.0,3785.0,5175.0
6552.0,3785.0,5175.0
6552.0,3785.0,5175.0
6552.0,3785.0,5175.0
6552.0,3785.0,5175.0
6551.0,3785.0,5175.0
6551.0,3785.0,5175.0
6551.0,3785.0,5177.0
6551.0,3785.0,5177.0
6551.0,3785.0,5203.0
6551.0,3785.0,5203.0
6551.0,3785.0,5249.0
6551.0,3785.0,5249.0
6551.0,3785.0,5314.0
6551.0,3785.0,5314.0
6551.0,3785.0,5379.0
6551.0,3785.0,5379.0
6551.0,3785.0,5467.0
6551.0,3785.0,5559.0
6551.0,3785.0,5559.0
6551.0,3785.0,5559.0
6551.0,3785.0,5647.0
6551.0,3790.0,5647.0
6551.0,3790.0,5648.0
6551.0,3816.0,5648.0
6549.0,3816.0,5649.0
6549.0,3827.0,5649.0
6548.0,3827.0,5649.0
6548.0,3845.0,5649.0
6552.0,3845.0,5649.0
6552.0,3848.0,5649.0
6550.0,3848.0,5649.0
6550.0,3866.0,5649.0
6529.0,3866.0,5652.0
6529.0,3884.0,5652.0
6509.0,3884.0,5660.0
6509.0,3888.0,5660.0
6510.0,3888.0,5660.0
6510.0,3908.0,5660.0
6510.0,3908.0,5660.0
6510.0,3909.0,5660.0
6507.0,3909.0,5663.0
6507.0,3917.0,5663.0
6492.0,3917.0,5666.0
6492.0,3912.0,5666.0
6495.0,3912.0,5664.0
6495.0,3914.0,5664.0
6491.0,3914.0,5664.0
6491.0,3914.0,5664.0
6494.0,3914.0,5664.0
6494.0,3913.0,5664.0
6494.0,3913.0,5664.0
6494.0,3913.0,5664.0
6495.0,3913.0,5664.0
6495.0,3913.0,5664.0
6494.0,3913.0,5664.0
6494.0,3913.0,5664.0
6493.0,3913.0,5664.0
6493.0,3913.0,5664.0
6493.0,3913.0,5664.0
6493.0,3913.0,5664.0
6494.0,3913.0,5664.0
6494.0,3913.0,5664.0
6495.0,3913.0,5664.0
6495.0,3913.0,5664.0
6494.0,3913.0,5664.0
6494.0,3913.0,5664.0
6493.0,3913.0,5664.0
6493.0,3913.0,5664.0
6493.0,3913.0,5664.0
6493.0,3913.0,5664.0
6494.0,3913.0,5664.0
6494.0,3913.0,5664.0
6494.0,3913.0,5664.0
6494.0,3913.0,5664.0
6494.0,3913.0,5664.0
6494.0,3913.0,5664.0
6493.0,3913.0,5664.0
6493.0,3913.0,5664.0
6493.0,3913.0,5664.0
6493.0,3913.0,5664.0
6494.0,3913.0,5664.0
6494.0,3913.0,5664.0
6494.0,3913.0,5664.0
6494.0,3913.0,5664.0
6494.0,3913.0,5664.0
6494.0,3913.0,5664.0
6493.0,3913.0,5664.0
6493.0,3913.0,5664.0
6493.0,3913.0,5664.0
6493.0,3913.0,5664.0
6494.0,3913.0,5664.0
6494.0,3913.0,5664.0
6494.0,3913.0,5664.0
6494.0,3913.0,5664.0
6494.0,3913.0,5664.0
6494.0,3913.0,5664.0
6493.0,3913.0,5664.0
6493.0,3913.0,5664.0
6493.0,3913.0,5664.0
6493.0,3913.0,5664.0
6494.0,3913.0,5664.0
6494.0,3913.0,5664.0
6494.0,3913.0,5664.0
6494.0,3913.0,5664.0
6494.0,3913.0,5664.0
6494.0,3913.0,5664.0
6493.0,3913.0,5664.0
6493.0,3913.0,5664.0
6493.0,3913.0,5664.0
6493.0,3913.0,5664.0
6494.0,3913.0,5664.0
6494.0,3913.0,5664.0
6494.0,3913.0,5664.0
6494.0,3913.0,5664.0
6494.0,3913.0,5664.0
6494.0,3913.0,5664.0
6494.0,3913.0,5664.0
6494.0,3913.0,5664.0
6493.0,3913.0,5664.0
6493.0,3913.0,5664.0
6494.0,3913.0,5664.0
6494.0,3913.0,5664.0
6494.0,3913.0,5664.0
6494.0,3913.0,5664.0
6494.0,3913.0,5664.0
6494.0,3913.0,5664.0
6494.0,3913.0,5664.0
6494.0,3913.0,5664.0
6494.0,3913.0,5664.0
6494.0,3913.0,5664.0
6494.0,3913.0,5664.0
6494.0,3913.0,5664.0
6494.0,3913.0,5664.0
6494.0,3913.0,5664.0
6485.0,3913.0,5668.0
6485.0,3911.0,5668.0
6464.0,3911.0,5669.0
6451.0,3911.0,5670.0
6451.0,3908.0,5670.0
6451.0,3905.0,5670.0
6434.0,3905.0,5672.0
6434.0,3899.0,5672.0
6423.0,3899.0,5678.0
6423.0,3895.0,5678.0
6404.0,3895.0,5683.0
6404.0,3888.0,5683.0
6393.0,3888.0,5687.0
6393.0,3878.0,5687.0
6376.0,3878.0,5689.0
6376.0,3868.0,5689.0
6364.0,3868.0,5690.0
6364.0,3859.0,5690.0
6351.0,3859.0,5691.0
6338.0,3859.0,5692.0
6338.0,3848.0,5692.0
6338.0,3836.0,5692.0
6327.0,3836.0,5693.0
6327.0,3818.0,5693.0
6314.0,3818.0,5695.0
6307.0,3818.0,5697.0
6307.0,3804.0,5697.0
6307.0,3790.0,5697.0
6296.0,3790.0,5700.0
6296.0,3774.0,5700.0
6292.0,3774.0,5701.0
6292.0,3763.0,5701.0
6285.0,3763.0,5701.0
6285.0,3741.0,5701.0
6281.0,3741.0,5701.0
6281.0,3729.0,5701.0
6278.0,3729.0,5701.0
6278.0,3710.0,5701.0
6275.0,3710.0,5701.0
6275.0,3698.0,5701.0
6275.0,3698.0,5700.0
6275.0,3676.0,5700.0
6275.0,3676.0,5700.0
6275.0,3663.0,5700.0
6275.0,3663.0,5700.0
6275.0,3642.0,5700.0
6278.0,3642.0,5697.0
6278.0,3630.0,5697.0
6281.0,3630.0,5695.0
6281.0,3617.0,5695.0
6286.0,3617.0,5695.0
6286.0,3601.0,5695.0
6290.0,3601.0,5695.0
6290.0,3582.0,5695.0
6297.0,3582.0,5693.0
6297.0,3572.0,5693.0
6305.0,3572.0,5693.0
6305.0,3560.0,5693.0
6315.0,3560.0,5691.0
6315.0,3545.0,5691.0
6324.0,3545.0,5687.0
6324.0,3531.0,5687.0
6335.0,3531.0,5683.0
6335.0,3518.0,5683.0
6346.0,3518.0,5678.0
6346.0,3507.0,5678.0
6362.0,3507.0,5674.0
6362.0,3501.0,5674.0
6374.0,3501.0,5673.0
6374.0,3490.0,5673.0
6389.0,3490.0,5672.0
6389.0,3479.0,5672.0
6403.0,3479.0,5668.0
6403.0,3475.0,5668.0
6419.0,3475.0,5665.0
6419.0,3470.0,5665.0
6435.0,3470.0,5658.0
6435.0,3465.0,5658.0
6453.0,3465.0,5654.0
6453.0,3462.0,5654.0
6472.0,3462.0,5653.0
6472.0,3460.0,5653.0
6488.0,3460.0,5652.0
6488.0,3460.0,5652.0
6504.0,3460.0,5649.0
6504.0,3460.0,5649.0
6525.0,3460.0,5642.0
6525.0,3463.0,5642.0
6536.0,3463.0,5637.0
6536.0,3466.0,5637.0
6559.0,3466.0,5632.0
6559.0,3469.0,5632.0
6565.0,3469.0,5630.0
6565.0,3475.0,5630.0
6587.0,3475.0,5629.0
6587.0,3483.0,5629.0
6596.0,3483.0,5627.0
6596.0,3488.0,5627.0
6614.0,3488.0,5625.0
6614.0,3497.0,5625.0
6626.0,3497.0,5621.0
6626.0,3507.0,5621.0
6640.0,3507.0,5617.0
6651.0,3507.0,5613.0
6651.0,3519.0,5613.0
6651.0,3531.0,5613.0
6666.0,3531.0,5609.0
6666.0,3543.0,5609.0
6675.0,3543.0,5607.0
6675.0,3556.0,5607.0
6687.0,3556.0,5607.0
6687.0,3570.0,5607.0
6693.0,3570.0,5608.0
6703.0,3570.0,5606.0
6703.0,3588.0,5606.0
6703.0,3602.0,5606.0
6708.0,3602.0,5607.0
6708.0,3616.0,5607.0
6716.0,3616.0,5606.0
6716.0,3632.0,5606.0
6719.0,3632.0,5606.0
6719.0,3654.0,5606.0
6723.0,3654.0,5606.0
6723.0,3669.0,5606.0
6724.0,3669.0,5606.0
6724.0,3688.0,5606.0
6725.0,3688.0,5606.0
6725.0,3702.0,5606.0
6724.0,3702.0,5606.0
6724.0,3717.0,5606.0
6723.0,3717.0,5606.0
6723.0,3735.0,5606.0
6720.0,3735.0,5607.0
6720.0,3751.0,5607.0
6716.0,3751.0,5608.0
6716.0,3767.0,5608.0
6711.0,3767.0,5608.0
6711.0,3778.0,5608.0
6705.0,3778.0,5609.0
6705.0,3791.0,5609.0
6698.0,3791.0,5612.0
6698.0,3811.0,5612.0
6689.0,3811.0,5614.0
6689.0,3825.0,5614.0
6680.0,3825.0,5618.0
6680.0,3836.0,5618.0
6668.0,3836.0,5621.0
6668.0,3848.0,5621.0
6655.0,3848.0,5624.0
6655.0,3859.0,5624.0
6643.0,3859.0,5625.0
6643.0,3872.0,5625.0
6628.0,3872.0,5626.0
6628.0,3883.0,5626.0
6615.0,3883.0,5633.0
6615.0,3889.0,5633.0
6598.0,3889.0,5639.0
6598.0,3896.0,5639.0
6586.0,3896.0,5646.0
6586.0,3900.0,5646.0
6567.0,3900.0,5648.0
6567.0,3906.0,5648.0
6553.0,3906.0,5649.0
6553.0,3910.0,5649.0
6534.0,3910.0,5653.0
6534.0,3912.0,5653.0
6515.0,3912.0,5658.0
6515.0,3913.0,5658.0
6499.0,3913.0,5665.0
6499.0,3913.0,5665.0
6494.0,3913.0,5664.0
6494.0,3921.0,5664.0
6502.0,3921.0,5664.0
6502.0,3920.0,5664.0
6509.0,3920.0,5662.0
6509.0,3919.0,5662.0
6529.0,3919.0,5659.0
6529.0,3917.0,5659.0
6542.0,3917.0,5654.0
6542.0,3914.0,5654.0
6559.0,3914.0,5653.0
6575.0,3914.0,5651.0
6575.0,3908.0,5651.0
6575.0,3904.0,5651.0
6592.0,3904.0,5649.0
6592.0,3895.0,5649.0
6607.0,3895.0,5642.0
6607.0,3887.0,5642.0
6621.0,3887.0,5633.0
6621.0,3877.0,5633.0
6636.0,3877.0,5630.0
6636.0,3866.0,5630.0
6651.0,3866.0,5629.0
6651.0,3853.0,5629.0
6665.0,3853.0,5628.0
6665.0,3840.0,5628.0
6677.0,3840.0,5625.0
6677.0,3824.0,5625.0
6689.0,3824.0,5617.0
6689.0,3812.0,5617.0
6698.0,3812.0,5613.0
6698.0,3794.0,5613.0
6706.0,3794.0,5610.0
6714.0,3794.0,5608.0
6714.0,3779.0,5608.0
6714.0,3764.0,5608.0
6720.0,3764.0,5606.0
6720.0,3745.0,5606.0
6725.0,3745.0,5606.0
6725.0,3729.0,5606.0
6728.0,3729.0,5606.0
6728.0,3713.0,5606.0
6731.0,3713.0,5606.0
6731.0,3697.0,5606.0
6731.0,3697.0,5605.0
6731.0,3675.0,5605.0
6732.0,3675.0,5605.0
6732.0,3657.0,5605.0
6731.0,3657.0,5605.0
6731.0,3640.0,5605.0
6728.0,3640.0,5604.0
6728.0,3628.0,5604.0
6723.0,3628.0,5604.0
6723.0,3608.0,5604.0
6719.0,3608.0,5604.0
6719.0,3591.0,5604.0
6712.0,3591.0,5605.0
6712.0,3576.0,5605.0
6705.0,3576.0,5605.0
6705.0,3563.0,5605.0
6695.0,3563.0,5605.0
6695.0,3545.0,5605.0
6683.0,3545.0,5605.0
6683.0,3532.0,5605.0
6675.0,3532.0,5606.0
6662.0,3532.0,5607.0
6662.0,3520.0,5607.0
6662.0,3509.0,5607.0
6649.0,3509.0,5610.0
6649.0,3497.0,5610.0
6632.0,3497.0,5614.0
6632.0,3487.0,5614.0
6619.0,3487.0,5617.0
6619.0,3479.0,5617.0
6604.0,3479.0,5621.0
6604.0,3472.0,5621.0
6589.0,3472.0,5623.0
6589.0,3464.0,5623.0
6570.0,3464.0,5624.0
6570.0,3460.0,5624.0
6557.0,3460.0,5626.0
6557.0,3456.0,5626.0
6536.0,3456.0,5630.0
6536.0,3454.0,5630.0
6524.0,3454.0,5637.0
6524.0,3453.0,5637.0
6503.0,3453.0,5642.0
6503.0,3453.0,5642.0
6487.0,3453.0,5648.0
6487.0,3453.0,5648.0
6469.0,3453.0,5649.0
6469.0,3456.0,5649.0
6455.0,3456.0,5651.0
6455.0,3459.0,5651.0
6435.0,3459.0,5655.0
6435.0,3464.0,5655.0
6423.0,3464.0,5661.0
6423.0,3471.0,5661.0
6403.0,3471.0,5666.0
6403.0,3479.0,5666.0
6389.0,3479.0,5669.0
6389.0,3485.0,5669.0
6375.0,3485.0,5669.0
6375.0,3499.0,5669.0
6358.0,3499.0,5672.0
6358.0,3510.0,5672.0
6343.0,3510.0,5677.0
6343.0,3521.0,5677.0
6332.0,3521.0,5682.0
6332.0,3537.0,5682.0
6317.0,3537.0,5686.0
6317.0,3551.0,5686.0
6308.0,3551.0,5689.0
6308.0,3567.0,5689.0
6297.0,3567.0,5690.0
6297.0,3583.0,5690.0
6289.0,3583.0,5691.0
6289.0,3598.0,5691.0
6283.0,3598.0,5692.0
6283.0,3618.0,5692.0
6276.0,3618.0,5695.0
6276.0,3633.0,5695.0
6271.0,3633.0,5697.0
6271.0,3649.0,5697.0
6269.0,3649.0,5699.0
6269.0,3665.0,5699.0
6267.0,3665.0,5701.0
6267.0,3681.0,5701.0
6267.0,3681.0,5701.0
6267.0,3702.0,5701.0
6267.0,3702.0,5703.0
6267.0,3715.0,5703.0
6267.0,3715.0,5703.0
6267.0,3734.0,5703.0
6271.0,3734.0,5707.0
6271.0,3750.0,5707.0
6274.0,3750.0,5705.0
6274.0,3768.0,5705.0
6281.0,3768.0,5705.0
6281.0,3780.0,5705.0
6286.0,3780.0,5704.0
6286.0,3800.0,5704.0
6295.0,3800.0,5704.0
6295.0,3817.0,5704.0
6305.0,3817.0,5701.0
6305.0,3827.0,5701.0
6314.0,3827.0,5697.0
6314.0,3845.0,5697.0
6328.0,3845.0,5696.0
6328.0,3857.0,5696.0
6339.0,3857.0,5697.0
6339.0,3870.0,5697.0
6355.0,3870.0,5694.0
6355.0,3879.0,5694.0
6367.0,3879.0,5693.0
6367.0,3891.0,5693.0
6388.0,3891.0,5691.0
6388.0,3899.0,5691.0
6402.0,3899.0,5686.0
6402.0,3905.0,5686.0
6417.0,3905.0,5681.0
6417.0,3911.0,5681.0
6434.0,3911.0,5677.0
6434.0,3914.0,5677.0
6448.0,3914.0,5674.0
6448.0,3918.0,5674.0
6467.0,3918.0,5672.0
6480.0,3918.0,5671.0
6480.0,3920.0,5671.0
6499.0,3920.0,5666.0
6499.0,3921.0,5666.0
6501.0,3921.0,5666.0
6501.0,3922.0,5666.0
6501.0,3922.0,5666.0
6501.0,3929.0,5666.0
6501.0,3928.0,5666.0
6517.0,3928.0,5662.0
6517.0,3927.0,5662.0
6533.0,3927.0,5657.0
6533.0,3924.0,5657.0
6552.0,3924.0,5654.0
6552.0,3920.0,5654.0
6565.0,3920.0,5653.0
6565.0,3915.0,5653.0
6584.0,3915.0,5650.0
6584.0,3908.0,5650.0
6597.0,3908.0,5647.0
6597.0,3900.0,5647.0
6615.0,3900.0,5639.0
6615.0,3892.0,5639.0
6628.0,3892.0,5634.0
6628.0,3882.0,5634.0
6645.0,3882.0,5631.0
6645.0,3870.0,5631.0
6659.0,3870.0,5630.0
6659.0,3858.0,5630.0
6670.0,3858.0,5628.0
6670.0,3845.0,5628.0
6684.0,3845.0,5624.0
6684.0,3830.0,5624.0
6694.0,3830.0,5618.0
6694.0,3816.0,5618.0
6706.0,3816.0,5611.0
6706.0,3799.0,5611.0
6712.0,3799.0,5609.0
6712.0,3785.0,5609.0
6720.0,3785.0,5607.0
6720.0,3770.0,5607.0
6725.0,3770.0,5606.0
6725.0,3753.0,5606.0
6731.0,3753.0,5606.0
6731.0,3737.0,5606.0
6735.0,3737.0,5606.0
6735.0,3718.0,5606.0
6738.0,3718.0,5605.0
6738.0,3702.0,5605.0
6739.0,3702.0,5605.0
6739.0,3687.0,5605.0
6739.0,3687.0,5604.0
6739.0,3671.0,5604.0
6739.0,3671.0,5603.0
6739.0,3654.0,5603.0
6738.0,3654.0,5603.0
6738.0,3639.0,5603.0
6735.0,3639.0,5603.0
6735.0,3620.0,5603.0
6731.0,3620.0,5603.0
6731.0,3606.0,5603.0
6725.0,3606.0,5603.0
6725.0,3588.0,5603.0
6719.0,3588.0,5604.0
6719.0,3573.0,5604.0
6712.0,3573.0,5603.0
6712.0,3559.0,5603.0
6702.0,3559.0,5605.0
6702.0,3544.0,5605.0
6691.0,3544.0,5605.0
6691.0,3531.0,5605.0
6682.0,3531.0,5605.0
6682.0,3516.0,5605.0
6669.0,3516.0,5605.0
6669.0,3504.0,5605.0
6656.0,3504.0,5607.0
6656.0,3494.0,5607.0
6643.0,3494.0,5610.0
6643.0,3484.0,5610.0
6627.0,3484.0,5615.0
6627.0,3475.0,5615.0
6613.0,3475.0,5618.0
6613.0,3466.0,5618.0
6595.0,3466.0,5621.0
6595.0,3459.0,5621.0
6582.0,3459.0,5623.0
6582.0,3455.0,5623.0
6564.0,3455.0,5624.0
6564.0,3450.0,5624.0
6547.0,3450.0,5627.0
6547.0,3447.0,5627.0
6530.0,3447.0,5633.0
6530.0,3445.0,5633.0
6516.0,3445.0,5639.0
6516.0,3445.0,5639.0
6496.0,3445.0,5646.0
6496.0,3445.0,5646.0
6479.0,3445.0,5648.0
6479.0,3446.0,5648.0
6464.0,3446.0,5649.0
6464.0,3449.0,5649.0
6445.0,3449.0,5652.0
6445.0,3453.0,5652.0
6432.0,3453.0,5658.0
6432.0,3459.0,5658.0
6413.0,3459.0,5662.0
6413.0,3465.0,5662.0
6400.0,3465.0,5667.0
6400.0,3471.0,5667.0
6383.0,3471.0,5669.0
6383.0,3481.0,5669.0
6369.0,3481.0,5670.0
6369.0,3491.0,5670.0
6353.0,3491.0,5672.0
6353.0,3503.0,5672.0
6340.0,3503.0,5676.0
6340.0,3515.0,5676.0
6325.0,3515.0,5683.0
6325.0,3528.0,5683.0
6315.0,3528.0,5686.0
6315.0,3541.0,5686.0
6303.0,3541.0,5689.0
6303.0,3556.0,5689.0
6295.0,3556.0,5690.0
6295.0,3572.0,5690.0
6286.0,3572.0,5691.0
6286.0,3588.0,5691.0
6279.0,3588.0,5693.0
6279.0,3604.0,5693.0
6271.0,3604.0,5695.0
6271.0,3620.0,5695.0
6267.0,3620.0,5697.0
6263.0,3620.0,5700.0
6263.0,3637.0,5700.0
6263.0,3652.0,5700.0
6260.0,3652.0,5701.0
6260.0,3666.0,5701.0
6259.0,3666.0,5703.0
6259.0,3687.0,5703.0
6258.0,3687.0,5704.0
6258.0,3705.0,5704.0
6258.0,3705.0,5707.0
6258.0,3721.0,5707.0
6259.0,3721.0,5705.0
6259.0,3737.0,5705.0
6263.0,3737.0,5705.0
6267.0,3737.0,5705.0
6267.0,3753.0,5705.0
6267.0,3769.0,5705.0
6273.0,3769.0,5706.0
6273.0,3785.0,5706.0
6279.0,3785.0,5705.0
6279.0,3802.0,5705.0
6287.0,3802.0,5704.0
6287.0,3817.0,5704.0
6295.0,3817.0,5703.0
6295.0,3829.0,5703.0
6304.0,3829.0,5702.0
6304.0,3844.0,5702.0
6318.0,3844.0,5695.0
6318.0,3858.0,5695.0
6329.0,3858.0,5694.0
6329.0,3871.0,5694.0
6343.0,3871.0,5693.0
6358.0,3871.0,5691.0
6358.0,3882.0,5691.0
6358.0,3891.0,5691.0
6371.0,3891.0,5691.0
6371.0,3900.0,5691.0
6387.0,3900.0,5689.0
6387.0,3909.0,5689.0
6403.0,3909.0,5685.0
6403.0,3915.0,5685.0
6419.0,3915.0,5679.0
6419.0,3919.0,5679.0
6435.0,3919.0,5674.0
6435.0,3924.0,5674.0
6454.0,3924.0,5671.0
6454.0,3927.0,5671.0
6468.0,3927.0,5670.0
6468.0,3928.0,5670.0
6485.0,3928.0,5669.0
6485.0,3928.0,5669.0
6500.0,3928.0,5664.0
6500.0,3928.0,5664.0
6503.0,3928.0,5663.0
6503.0,3926.0,5663.0
6505.0,3926.0,5663.0
6505.0,3921.0,5663.0
6500.0,3921.0,5663.0
6500.0,3910.0,5663.0
6491.0,3910.0,5665.0
6491.0,3904.0,5665.0
6494.0,3904.0,5664.0
6494.0,3905.0,5664.0
6483.0,3905.0,5667.0
6483.0,3904.0,5667.0
6465.0,3904.0,5668.0
6465.0,3901.0,5668.0
6451.0,3901.0,5669.0
6451.0,3896.0,5669.0
6435.0,3896.0,5670.0
6435.0,3891.0,5670.0
6421.0,3891.0,5675.0
6421.0,3887.0,5675.0
6407.0,3887.0,5678.0
6407.0,3881.0,5678.0
6395.0,3881.0,5682.0
6395.0,3871.0,5682.0
6380.0,3871.0,5686.0
6380.0,3861.0,5686.0
6367.0,3861.0,5688.0
6367.0,3850.0,5688.0
6352.0,3850.0,5689.0
6352.0,3839.0,5689.0
6341.0,3839.0,5689.0
6341.0,3829.0,5689.0
6332.0,3829.0,5691.0
6332.0,3813.0,5691.0
6320.0,3813.0,5692.0
6320.0,3800.0,5692.0
6313.0,3800.0,5693.0
6313.0,3787.0,5693.0
6303.0,3787.0,5696.0
6303.0,3772.0,5696.0
6299.0,3772.0,5696.0
6299.0,3761.0,5696.0
6293.0,3761.0,5697.0
6293.0,3742.0,5697.0
6289.0,3742.0,5698.0
6289.0,3724.0,5698.0
6285.0,3724.0,5697.0
6285.0,3708.0,5697.0
6283.0,3708.0,5697.0
6283.0,3694.0,5697.0
6283.0,3694.0,5696.0
6283.0,3673.0,5696.0
6283.0,3673.0,5695.0
6283.0,3662.0,5695.0
6283.0,3662.0,5696.0
6283.0,3642.0,5696.0
6286.0,3642.0,5695.0
6286.0,3627.0,5695.0
6289.0,3627.0,5692.0
6289.0,3615.0,5692.0
6294.0,3615.0,5692.0
6294.0,3603.0,5692.0
6300.0,3603.0,5691.0
6300.0,3586.0,5691.0
6306.0,3586.0,5691.0
6306.0,3570.0,5691.0
6314.0,3570.0,5690.0
6314.0,3559.0,5690.0
6323.0,3559.0,5687.0
6323.0,3547.0,5687.0
6334.0,3547.0,5682.0
6334.0,3534.0,5682.0
6345.0,3534.0,5678.0
6345.0,3522.0,5678.0
6356.0,3522.0,5673.0
6356.0,3509.0,5673.0
6369.0,3509.0,5671.0
6369.0,3502.0,5671.0
6383.0,3502.0,5670.0
6383.0,3497.0,5670.0
6395.0,3497.0,5669.0
6395.0,3487.0,5669.0
6411.0,3487.0,5665.0
6411.0,3481.0,5665.0
6424.0,3481.0,5661.0
6424.0,3475.0,5661.0
6441.0,3475.0,5656.0
6441.0,3472.0,5656.0
6459.0,3472.0,5651.0
6459.0,3469.0,5651.0
6475.0,3469.0,5651.0
6475.0,3468.0,5651.0
6489.0,3468.0,5650.0
6489.0,3467.0,5650.0
6510.0,3467.0,5645.0
6510.0,3468.0,5645.0
6522.0,3468.0,5641.0
6522.0,3470.0,5641.0
6539.0,3470.0,5632.0
6555.0,3470.0,5629.0
6555.0,3474.0,5629.0
6555.0,3477.0,5629.0
6567.0,3477.0,5627.0
6567.0,3483.0,5627.0
6583.0,3483.0,5627.0
6583.0,3490.0,5627.0
6595.0,3490.0,5625.0
6595.0,3496.0,5625.0
6611.0,3496.0,5623.0
6611.0,3505.0,5623.0
6624.0,3505.0,5618.0
6624.0,3515.0,5618.0
6639.0,3515.0,5616.0
6639.0,3527.0,5616.0
6650.0,3527.0,5610.0
6650.0,3538.0,5610.0
6662.0,3538.0,5611.0
6662.0,3553.0,5611.0
6672.0,3553.0,5606.0
6672.0,3563.0,5606.0
6683.0,3563.0,5605.0
6683.0,3576.0,5605.0
6690.0,3576.0,5605.0
6690.0,3593.0,5605.0
6698.0,3593.0,5605.0
6698.0,3608.0,5605.0
6703.0,3608.0,5605.0
6703.0,3624.0,5605.0
6709.0,3624.0,5604.0
6709.0,3640.0,5604.0
6713.0,3640.0,5604.0
6713.0,3658.0,5604.0
6716.0,3658.0,5604.0
6716.0,3676.0,5604.0
6717.0,3676.0,5604.0
6717.0,3676.0,5605.0
6717.0,3694.0,5605.0
6716.0,3694.0,5605.0
6716.0,3711.0,5605.0
6714.0,3711.0,5604.0
6714.0,3725.0,5604.0
6711.0,3725.0,5605.0
6711.0,3742.0,5605.0
6707.0,3742.0,5605.0
6707.0,3754.0,5605.0
6707.0,3770.0,5605.0
6701.0,3770.0,5609.0
6701.0,3787.0,5609.0
6695.0,3787.0,5612.0
6695.0,3800.0,5612.0
6686.0,3800.0,5616.0
6686.0,3808.0,5616.0
6679.0,3808.0,5618.0
6679.0,3823.0,5618.0
6667.0,3823.0,5621.0
6667.0,3840.0,5621.0
6654.0,3840.0,5623.0
6654.0,3850.0,5623.0
6644.0,3850.0,5624.0
6644.0,3862.0,5624.0
6629.0,3862.0,5627.0
6629.0,3867.0,5627.0
6619.0,3867.0,5631.0
6619.0,3878.0,5631.0
6601.0,3878.0,5640.0
6601.0,3884.0,5640.0
6591.0,3884.0,5644.0
6591.0,3892.0,5644.0
6574.0,3892.0,5647.0
6574.0,3897.0,5647.0
6561.0,3897.0,5649.0
6561.0,3900.0,5649.0
6540.0,3900.0,5651.0
6540.0,3903.0,5651.0
6525.0,3903.0,5655.0
6507.0,3903.0,5660.0
6507.0,3905.0,5660.0
6507.0,3905.0,5660.0
6494.0,3905.0,5666.0
6494.0,3905.0,5666.0
6491.0,3905.0,5667.0
6490.0,3905.0,5665.0
6490.0,3905.0,5665.0
6490.0,3905.0,5665.0
6490.0,3905.0,5665.0
6490.0,3905.0,5665.0
6490.0,3905.0,5665.0
6490.0,3905.0,5665.0
6490.0,3905.0,5665.0
6490.0,3905.0,5665.0
6490.0,3905.0,5665.0
6490.0,3905.0,5665.0
6490.0,3905.0,5665.0
6490.0,3905.0,5665.0
6490.0,3905.0,5665.0
6490.0,3905.0,5665.0
6490.0,3905.0,5665.0
6490.0,3905.0,5665.0
6490.0,3905.0,5665.0
6490.0,3905.0,5665.0
6490.0,3905.0,5665.0
6490.0,3905.0,5665.0
6490.0,3905.0,5665.0
6490.0,3905.0,5665.0
6490.0,3905.0,5665.0
6490.0,3905.0,5665.0
6490.0,3905.0,5665.0
6490.0,3905.0,5665.0
6490.0,3905.0,5665.0
6490.0,3905.0,5665.0
6490.0,3905.0,5665.0
6490.0,3905.0,5665.0
6490.0,3905.0,5665.0
6490.0,3905.0,5665.0
6490.0,3905.0,5665.0
6490.0,3905.0,5665.0
6490.0,3905.0,5665.0
6490.0,3905.0,5665.0
6490.0,3905.0,5665.0
6490.0,3905.0,5665.0
6490.0,3905.0,5665.0
6490.0,3905.0,5665.0
6490.0,3905.0,5665.0
6490.0,3905.0,5665.0
6490.0,3905.0,5665.0
6490.0,3905.0,5665.0
6490.0,3905.0,5665.0
6490.0,3905.0,5665.0
6490.0,3905.0,5665.0
6490.0,3905.0,5665.0
6490.0,3905.0,5665.0
6490.0,3905.0,5665.0
6490.0,3905.0,5665.0
6490.0,3905.0,5665.0
6490.0,3905.0,5665.0
6490.0,3905.0,5665.0
6490.0,3905.0,5665.0
6490.0,3905.0,5665.0
6490.0,3905.0,5665.0
6490.0,3905.0,5665.0
6490.0,3905.0,5665.0
6490.0,3905.0,5665.0
6490.0,3905.0,5665.0
6490.0,3905.0,5665.0
6490.0,3905.0,5665.0
6490.0,3905.0,5665.0
6490.0,3905.0,5665.0
6490.0,3905.0,5665.0
6490.0,3905.0,5665.0
6490.0,3905.0,5665.0
6490.0,3905.0,5665.0
6490.0,3905.0,5665.0
6490.0,3905.0,5665.0
6490.0,3905.0,5665.0
6490.0,3905.0,5665.0
6490.0,3905.0,5665.0
6490.0,3905.0,5665.0
6490.0,3905.0,5665.0
6490.0,3905.0,5665.0
6490.0,3905.0,5665.0
6490.0,3905.0,5665.0
6490.0,3905.0,5665.0
6490.0,3905.0,5665.0
6490.0,3905.0,5665.0
6490.0,3905.0,5665.0
6490.0,3905.0,5665.0
6490.0,3905.0,5665.0
6490.0,3905.0,5665.0
6490.0,3905.0,5665.0
6490.0,3908.0,5665.0
6490.0,3908.0,5665.0
6490.0,3909.0,5665.0
6488.0,3909.0,5665.0
6488.0,3890.0,5665.0
6478.0,3890.0,5668.0
6478.0,3885.0,5668.0
6478.0,3885.0,5669.0
6478.0,3864.0,5669.0
6487.0,3864.0,5666.0
6487.0,3858.0,5666.0
6488.0,3858.0,5664.0
6488.0,3838.0,5664.0
6485.0,3838.0,5664.0
6485.0,3829.0,5664.0
6485.0,3829.0,5664.0
6485.0,3799.0,5664.0
6484.0,3799.0,5664.0
6484.0,3788.0,5664.0
6484.0,3788.0,5664.0
6484.0,3788.0,5664.0
6484.0,3788.0,5664.0
6484.0,3788.0,5664.0
6484.0,3788.0,5664.0
6484.0,3788.0,5664.0
6484.0,3788.0,5664.0
6484.0,3788.0,5664.0
6484.0,3788.0,5664.0
6484.0,3788.0,5664.0
6484.0,3788.0,5664.0
6484.0,3788.0,5664.0
6484.0,3788.0,5664.0
6484.0,3788.0,5664.0
6484.0,3788.0,5664.0
6484.0,3788.0,5664.0
6484.0,3788.0,5664.0
6484.0,3788.0,5664.0
6484.0,3788.0,5664.0
6484.0,3788.0,5664.0
6484.0,3788.0,5664.0
6484.0,3788.0,5664.0
6484.0,3788.0,5664.0
6484.0,3788.0,5664.0
6484.0,3788.0,5664.0
6484.0,3788.0,5664.0
6484.0,3788.0,5664.0
6484.0,3788.0,5664.0
6484.0,3788.0,5664.0
6484.0,3788.0,5664.0
6484.0,3788.0,5664.0
6484.0,3788.0,5664.0
6484.0,3788.0,5664.0
6484.0,3788.0,5664.0
6484.0,3788.0,5664.0
6484.0,3788.0,5664.0
6484.0,3788.0,5664.0
6484.0,3788.0,5664.0
6484.0,3788.0,5664.0
6484.0,3788.0,5664.0
6484.0,3788.0,5664.0
6484.0,3788.0,5664.0
6484.0,3788.0,5664.0
6484.0,3788.0,5664.0
6484.0,3788.0,5664.0
6484.0,3788.0,5664.0
6484.0,3788.0,5664.0
6484.0,3788.0,5664.0
6484.0,3788.0,5664.0
6484.0,3788.0,5664.0
6484.0,3788.0,5664.0
6484.0,3788.0,5664.0
6484.0,3788.0,5664.0
6484.0,3788.0,5664.0
6484.0,3788.0,5664.0
6484.0,3788.0,5664.0
6484.0,3788.0,5664.0
6484.0,3788.0,5664.0
6484.0,3788.0,5664.0
6484.0,3788.0,5664.0
6484.0,3788.0,5664.0
6484.0,3788.0,5664.0
6484.0,3788.0,5664.0
6484.0,3788.0,5664.0
6484.0,3788.0,5664.0
6484.0,3788.0,5664.0
6484.0,3788.0,5664.0
6484.0,3788.0,5664.0
6484.0,3788.0,5664.0
6484.0,3788.0,5664.0
6484.0,3788.0,5664.0
6484.0,3788.0,5664.0
6484.0,3788.0,5664.0
6484.0,3788.0,5664.0
6484.0,3788.0,5664.0
6484.0,3788.0,5664.0
6484.0,3788.0,5664.0
6484.0,3788.0,5664.0
6484.0,3788.0,5664.0
6484.0,3788.0,5664.0
6484.0,3788.0,5664.0
6484.0,3788.0,5664.0
6484.0,3788.0,5664.0
6484.0,3788.0,5664.0
6484.0,3788.0,5664.0
6484.0,3788.0,5664.0
6484.0,3788.0,5664.0
6484.0,3788.0,5664.0
6484.0,3788.0,5664.0
6484.0,3781.0,5664.0
6483.0,3781.0,5664.0
6483.0,3777.0,5664.0
6480.0,3777.0,5664.0
6480.0,3771.0,5664.0
6477.0,3771.0,5664.0
6477.0,3753.0,5664.0
6474.0,3753.0,5664.0
6474.0,3723.0,5664.0
6467.0,3723.0,5664.0
6467.0,3713.0,5664.0
6467.0,3713.0,5664.0
6467.0,3708.0,5664.0
6469.0,3708.0,5663.0
6469.0,3701.0,5663.0
6475.0,3701.0,5660.0
6475.0,3699.0,5660.0
6484.0,3699.0,5657.0
6484.0,3695.0,5657.0
6512.0,3695.0,5654.0
6512.0,3694.0,5654.0
6518.0,3694.0,5653.0
6518.0,3694.0,5653.0
6534.0,3694.0,5652.0
6534.0,3695.0,5652.0
6541.0,3695.0,5652.0
6541.0,3699.0,5652.0
6551.0,3699.0,5649.0
6551.0,3704.0,5649.0
6555.0,3704.0,5646.0
6555.0,3713.0,5646.0
6563.0,3713.0,5645.0
6563.0,3720.0,5645.0
6567.0,3720.0,5645.0
6567.0,3730.0,5645.0
6568.0,3730.0,5645.0
6568.0,3741.0,5645.0
6567.0,3741.0,5646.0
6567.0,3748.0,5646.0
6564.0,3748.0,5648.0
6564.0,3756.0,5648.0
6559.0,3756.0,5649.0
6559.0,3763.0,5649.0
6552.0,3763.0,5650.0
6552.0,3768.0,5650.0
6543.0,3768.0,5651.0
6543.0,3774.0,5651.0
6527.0,3774.0,5651.0
6527.0,3775.0,5651.0
6515.0,3775.0,5653.0
6515.0,3779.0,5653.0
6498.0,3779.0,5655.0
6498.0,3780.0,5655.0
6491.0,3780.0,5661.0
6491.0,3779.0,5661.0
6482.0,3779.0,5663.0
6482.0,3785.0,5663.0
6485.0,3785.0,5662.0
6485.0,3785.0,5662.0
6483.0,3785.0,5662.0
6483.0,3760.0,5662.0
6475.0,3760.0,5662.0
6475.0,3720.0,5662.0
6463.0,3720.0,5665.0
6463.0,3701.0,5665.0
6459.0,3701.0,5664.0
6459.0,3697.0,5664.0
6463.0,3697.0,5664.0
6463.0,3690.0,5664.0
6467.0,3690.0,5663.0
6467.0,3685.0,5663.0
6460.0,3685.0,5664.0
6460.0,3677.0,5664.0
6461.0,3677.0,5664.0
6461.0,3648.0,5664.0
6453.0,3648.0,5664.0
6453.0,3624.0,5664.0
6450.0,3624.0,5664.0
6450.0,3615.0,5664.0
6450.0,3615.0,5664.0
6450.0,3609.0,5664.0
6453.0,3609.0,5663.0
6453.0,3605.0,5663.0
6458.0,3605.0,5661.0
6458.0,3601.0,5661.0
6467.0,3601.0,5656.0
6467.0,3597.0,5656.0
6477.0,3597.0,5655.0
6477.0,3594.0,5655.0
6497.0,3594.0,5653.0
6497.0,3594.0,5653.0
6504.0,3594.0,5653.0
6504.0,3595.0,5653.0
6518.0,3595.0,5651.0
6518.0,3597.0,5651.0
6526.0,3597.0,5650.0
6526.0,3600.0,5650.0
6534.0,3600.0,5649.0
6534.0,3607.0,5649.0
6542.0,3607.0,5645.0
6542.0,3614.0,5645.0
6549.0,3614.0,5645.0
6549.0,3622.0,5645.0
6553.0,3622.0,5643.0
6553.0,3633.0,5643.0
6555.0,3633.0,5643.0
6555.0,3646.0,5643.0
6555.0,3646.0,5643.0
6555.0,3655.0,5643.0
6553.0,3655.0,5643.0
6553.0,3661.0,5643.0
6550.0,3661.0,5645.0
6550.0,3668.0,5645.0
6543.0,3668.0,5647.0
6543.0,3675.0,5647.0
6535.0,3675.0,5649.0
6535.0,3681.0,5649.0
6523.0,3681.0,5650.0
6523.0,3685.0,5650.0
6510.0,3685.0,5651.0
6510.0,3687.0,5651.0
6498.0,3687.0,5653.0
6498.0,3691.0,5653.0
6471.0,3691.0,5659.0
6471.0,3690.0,5659.0
6471.0,3690.0,5660.0
6471.0,3693.0,5660.0
6465.0,3693.0,5660.0
6473.0,3693.0,5659.0
6473.0,3697.0,5659.0
6473.0,3694.0,5659.0
6494.0,3694.0,5655.0
6515.0,3694.0,5653.0
6515.0,3691.0,5653.0
6536.0,3691.0,5651.0
6536.0,3688.0,5651.0
6536.0,3686.0,5651.0
6556.0,3686.0,5649.0
6556.0,3679.0,5649.0
6546.0,3679.0,5648.0
6546.0,3673.0,5648.0
6555.0,3673.0,5647.0
6555.0,3670.0,5647.0
6555.0,3670.0,5646.0
6555.0,3664.0,5646.0
6572.0,3664.0,5639.0
6572.0,3657.0,5639.0
6575.0,3657.0,5634.0
6575.0,3650.0,5634.0
6585.0,3650.0,5630.0
6585.0,3642.0,5630.0
6587.0,3642.0,5629.0
6587.0,3634.0,5629.0
6590.0,3634.0,5631.0
6590.0,3623.0,5631.0
6588.0,3623.0,5630.0
6588.0,3613.0,5630.0
6587.0,3613.0,5630.0
6587.0,3608.0,5630.0
6583.0,3608.0,5630.0
6583.0,3600.0,5630.0
6579.0,3600.0,5629.0
6579.0,3591.0,5629.0
6570.0,3591.0,5630.0
6570.0,3584.0,5630.0
6562.0,3584.0,5632.0
6562.0,3581.0,5632.0
6551.0,3581.0,5635.0
6551.0,3579.0,5635.0
6542.0,3579.0,5636.0
6542.0,3579.0,5636.0
6530.0,3579.0,5645.0
6530.0,3576.0,5645.0
6523.0,3576.0,5647.0
6523.0,3570.0,5647.0
6518.0,3570.0,5646.0
6518.0,3564.0,5646.0
6516.0,3564.0,5646.0
6516.0,3543.0,5646.0
6513.0,3543.0,5646.0
6513.0,3542.0,5646.0
6509.0,3542.0,5649.0
6509.0,3544.0,5649.0
6499.0,3544.0,5648.0
6499.0,3559.0,5648.0
6506.0,3559.0,5648.0
6506.0,3570.0,5648.0
6505.0,3570.0,5648.0
6505.0,3577.0,5648.0
6502.0,3577.0,5649.0
6502.0,3583.0,5649.0
6495.0,3583.0,5650.0
6495.0,3584.0,5650.0
6484.0,3584.0,5652.0
6484.0,3587.0,5652.0
6465.0,3587.0,5654.0
6465.0,3585.0,5654.0
6463.0,3585.0,5657.0
6463.0,3579.0,5657.0
6453.0,3579.0,5658.0
6453.0,3574.0,5658.0
6454.0,3574.0,5659.0
6449.0,3574.0,5659.0
6449.0,3554.0,5659.0
6449.0,3554.0,5659.0
6444.0,3554.0,5660.0
6444.0,3556.0,5660.0
6435.0,3556.0,5662.0
6435.0,3573.0,5662.0
6443.0,3573.0,5662.0
6443.0,3581.0,5662.0
6441.0,3581.0,5662.0
6441.0,3589.0,5662.0
6439.0,3589.0,5666.0
6439.0,3593.0,5666.0
6433.0,3593.0,5667.0
6433.0,3595.0,5667.0
6422.0,3595.0,5669.0
6422.0,3600.0,5669.0
6390.0,3600.0,5671.0
6390.0,3603.0,5671.0
6383.0,3603.0,5672.0
6383.0,3611.0,5672.0
6386.0,3611.0,5673.0
6386.0,3610.0,5673.0
6392.0,3610.0,5671.0
6392.0,3611.0,5671.0
6403.0,3611.0,5671.0
6407.0,3611.0,5671.0
6407.0,3614.0,5671.0
6407.0,3621.0,5671.0
6414.0,3621.0,5670.0
6414.0,3630.0,5670.0
6415.0,3630.0,5670.0
6415.0,3642.0,5670.0
6419.0,3642.0,5669.0
6419.0,3677.0,5669.0
6426.0,3677.0,5669.0
6426.0,3718.0,5669.0
6434.0,3718.0,5670.0
6434.0,3756.0,5670.0
6440.0,3756.0,5670.0
6440.0,3771.0,5670.0
6443.0,3771.0,5670.0
6443.0,3779.0,5670.0
6442.0,3779.0,5670.0
6442.0,3787.0,5670.0
6439.0,3787.0,5670.0
6439.0,3791.0,5670.0
6435.0,3791.0,5671.0
6435.0,3796.0,5671.0
6427.0,3796.0,5672.0
6427.0,3798.0,5672.0
6419.0,3798.0,5673.0
6419.0,3807.0,5673.0
6422.0,3807.0,5673.0
6422.0,3805.0,5673.0
6429.0,3805.0,5671.0
6429.0,3799.0,5671.0
6462.0,3799.0,5669.0
6462.0,3797.0,5669.0
6471.0,3797.0,5666.0
6471.0,3799.0,5666.0
6477.0,3799.0,5666.0
6477.0,3803.0,5666.0
6482.0,3803.0,5665.0
6482.0,3808.0,5665.0
6482.0,3808.0,5664.0
6482.0,3808.0,5664.0
6485.0,3808.0,5664.0
6485.0,3827.0,5664.0
6488.0,3827.0,5664.0
6488.0,3830.0,5664.0
6493.0,3830.0,5663.0
6493.0,3829.0,5663.0
6502.0,3829.0,5661.0
6502.0,3816.0,5661.0
6496.0,3816.0,5661.0
6496.0,3805.0,5661.0
6496.0,3805.0,5661.0
6496.0,3803.0,5661.0
6497.0,3803.0,5661.0
6497.0,3796.0,5661.0
6499.0,3796.0,5658.0
6499.0,3790.0,5658.0
6504.0,3790.0,5656.0
6512.0,3790.0,5655.0
6512.0,3789.0,5655.0
6512.0,3785.0,5655.0
6534.0,3785.0,5653.0
6534.0,3786.0,5653.0
6537.0,3786.0,5653.0
6537.0,3790.0,5653.0
6547.0,3790.0,5653.0
6547.0,3795.0,5653.0
6547.0,3795.0,5653.0
6547.0,3816.0,5653.0
6551.0,3816.0,5653.0
6551.0,3819.0,5653.0
6554.0,3819.0,5653.0
6554.0,3817.0,5653.0
6565.0,3817.0,5651.0
6565.0,3806.0,5651.0
6560.0,3806.0,5651.0
6560.0,3790.0,5651.0
6559.0,3790.0,5651.0
6559.0,3782.0,5651.0
6561.0,3782.0,5650.0
6561.0,3779.0,5650.0
6565.0,3779.0,5649.0
6565.0,3776.0,5649.0
6574.0,3776.0,5645.0
6574.0,3771.0,5645.0
6583.0,3771.0,5642.0
6583.0,3762.0,5642.0
6591.0,3762.0,5639.0
6591.0,3754.0,5639.0
6596.0,3754.0,5632.0
6596.0,3748.0,5632.0
6599.0,3748.0,5630.0
6599.0,3739.0,5630.0
6601.0,3739.0,5632.0
6601.0,3729.0,5632.0
6600.0,3729.0,5632.0
6600.0,3720.0,5632.0
6598.0,3720.0,5632.0
6598.0,3711.0,5632.0
6591.0,3711.0,5632.0
6591.0,3704.0,5632.0
6585.0,3704.0,5632.0
6585.0,3700.0,5632.0
6576.0,3700.0,5634.0
6576.0,3697.0,5634.0
6567.0,3697.0,5639.0
6567.0,3694.0,5639.0
6555.0,3694.0,5642.0
6555.0,3691.0,5642.0
6554.0,3691.0,5641.0
6554.0,3687.0,5641.0
6551.0,3687.0,5645.0
6551.0,3683.0,5645.0
6561.0,3683.0,5642.0
6561.0,3680.0,5642.0
6558.0,3680.0,5643.0
6558.0,3677.0,5643.0
6567.0,3677.0,5641.0
6567.0,3670.0,5641.0
6576.0,3670.0,5636.0
6576.0,3662.0,5636.0
6583.0,3662.0,5634.0
6583.0,3653.0,5634.0
6592.0,3653.0,5629.0
6592.0,3644.0,5629.0
6595.0,3644.0,5628.0
6595.0,3636.0,5628.0
6598.0,3636.0,5630.0
6598.0,3624.0,5630.0
6597.0,3624.0,5628.0
6597.0,3614.0,5628.0
6596.0,3614.0,5629.0
6596.0,3606.0,5629.0
6593.0,3606.0,5629.0
6593.0,3598.0,5629.0
6589.0,3598.0,5629.0
6589.0,3589.0,5629.0
6580.0,3589.0,5630.0
6580.0,3582.0,5630.0
6572.0,3582.0,5631.0
6572.0,3578.0,5631.0
6562.0,3578.0,5631.0
6562.0,3574.0,5631.0
6551.0,3574.0,5634.0
6551.0,3571.0,5634.0
6542.0,3571.0,5637.0
6542.0,3570.0,5637.0
6530.0,3570.0,5642.0
6530.0,3568.0,5642.0
6527.0,3568.0,5646.0
6527.0,3557.0,5646.0
6524.0,3557.0,5644.0
6522.0,3557.0,5644.0
6522.0,3537.0,5644.0
6522.0,3531.0,5644.0
6520.0,3531.0,5644.0
6520.0,3532.0,5644.0
6503.0,3532.0,5649.0
6503.0,3535.0,5649.0
6487.0,3535.0,5650.0
6487.0,3543.0,5650.0
6492.0,3543.0,5650.0
6492.0,3564.0,5650.0
6494.0,3564.0,5650.0
6494.0,3572.0,5650.0
6497.0,3572.0,5650.0
6497.0,3574.0,5650.0
6493.0,3574.0,5650.0
6493.0,3576.0,5650.0
6478.0,3576.0,5652.0
6478.0,3579.0,5652.0
6463.0,3579.0,5654.0
6463.0,3577.0,5654.0
6465.0,3577.0,5656.0
6465.0,3568.0,5656.0
6460.0,3568.0,5656.0
6460.0,3547.0,5656.0
6459.0,3547.0,5656.0
6459.0,3542.0,5656.0
6455.0,3542.0,5656.0
6455.0,3545.0,5656.0
6438.0,3545.0,5660.0
6438.0,3547.0,5660.0
6423.0,3547.0,5665.0
6423.0,3556.0,5665.0
6431.0,3556.0,5663.0
6431.0,3576.0,5663.0
6431.0,3576.0,5663.0
6431.0,3583.0,5663.0
6433.0,3583.0,5663.0
6433.0,3586.0,5663.0
6428.0,3586.0,5665.0
6428.0,3589.0,5665.0
6413.0,3589.0,5669.0
6413.0,3592.0,5669.0
6390.0,3592.0,5670.0
6390.0,3596.0,5670.0
6377.0,3596.0,5673.0
6377.0,3598.0,5673.0
6375.0,3598.0,5674.0
6375.0,3617.0,5674.0
6379.0,3617.0,5674.0
6379.0,3620.0,5674.0
6382.0,3620.0,5672.0
6382.0,3618.0,5672.0
6398.0,3618.0,5671.0
6398.0,3620.0,5671.0
6401.0,3620.0,5671.0
6401.0,3625.0,5671.0
6407.0,3625.0,5671.0
6407.0,3634.0,5671.0
6408.0,3634.0,5671.0
6408.0,3649.0,5671.0
6412.0,3649.0,5671.0
6412.0,3669.0,5671.0
6415.0,3669.0,5671.0
6415.0,3690.0,5671.0
6420.0,3690.0,5671.0
6420.0,3710.0,5671.0
6423.0,3710.0,5671.0
6423.0,3731.0,5671.0
6427.0,3731.0,5671.0
6427.0,3751.0,5671.0
6430.0,3751.0,5671.0
6430.0,3769.0,5671.0
6434.0,3769.0,5671.0
6434.0,3777.0,5671.0
6434.0,3777.0,5671.0
6434.0,3784.0,5671.0
6432.0,3784.0,5671.0
6432.0,3788.0,5671.0
6426.0,3788.0,5671.0
6415.0,3788.0,5672.0
6415.0,3790.0,5672.0
6415.0,3793.0,5672.0
6409.0,3793.0,5675.0
6409.0,3810.0,5675.0
6415.0,3810.0,5675.0
6415.0,3816.0,5675.0
6415.0,3816.0,5675.0
6415.0,3813.0,5675.0
6434.0,3813.0,5672.0
6434.0,3809.0,5672.0
6454.0,3809.0,5670.0
6454.0,3805.0,5670.0
6471.0,3805.0,5668.0
6471.0,3806.0,5668.0
6473.0,3806.0,5667.0
6473.0,3811.0,5667.0
6475.0,3811.0,5667.0
6475.0,3829.0,5667.0
6478.0,3829.0,5667.0
6478.0,3842.0,5667.0
6481.0,3842.0,5667.0
6481.0,3841.0,5667.0
6491.0,3841.0,5664.0
6491.0,3837.0,5664.0
6514.0,3837.0,5658.0
6514.0,3835.0,5658.0
6510.0,3835.0,5660.0
6510.0,3816.0,5660.0
6508.0,3816.0,5660.0
6508.0,3802.0,5660.0
6504.0,3802.0,5660.0
6504.0,3799.0,5660.0
6508.0,3799.0,5658.0
6508.0,3798.0,5658.0
6516.0,3798.0,5654.0
6516.0,3794.0,5654.0
6536.0,3794.0,5653.0
6536.0,3795.0,5653.0
6535.0,3795.0,5653.0
6535.0,3798.0,5653.0
6539.0,3798.0,5653.0
6539.0,3818.0,5653.0
6541.0,3818.0,5653.0
6541.0,3831.0,5653.0
6545.0,3831.0,5653.0
6545.0,3829.0,5653.0
6554.0,3829.0,5652.0
6554.0,3825.0,5652.0
6577.0,3825.0,5649.0
6577.0,3823.0,5649.0
6572.0,3823.0,5648.0
6572.0,3803.0,5648.0
6572.0,3803.0,5648.0
6572.0,3788.0,5648.0
6567.0,3788.0,5648.0
6567.0,3784.0,5648.0
6571.0,3784.0,5648.0
6571.0,3781.0,5648.0
6579.0,3781.0,5645.0
6579.0,3775.0,5645.0
6591.0,3775.0,5639.0
6591.0,3767.0,5639.0
6599.0,3767.0,5632.0
6599.0,3758.0,5632.0
6604.0,3758.0,5630.0
6604.0,3749.0,5630.0
6607.0,3749.0,5629.0
6607.0,3740.0,5629.0
6609.0,3740.0,5631.0
6609.0,3732.0,5631.0
6609.0,3732.0,5631.0
6609.0,3721.0,5631.0
6607.0,3721.0,5631.0
6607.0,3711.0,5631.0
6602.0,3711.0,5631.0
6602.0,3705.0,5631.0
6596.0,3705.0,5629.0
6596.0,3699.0,5629.0
6588.0,3699.0,5632.0
6588.0,3693.0,5632.0
6580.0,3693.0,5632.0
6580.0,3688.0,5632.0
6570.0,3688.0,5636.0
6570.0,3686.0,5636.0
6559.0,3686.0,5639.0
6559.0,3684.0,5639.0
6559.0,3684.0,5638.0
6559.0,3679.0,5638.0
6556.0,3679.0,5638.0
6556.0,3667.0,5638.0
6553.0,3667.0,5642.0
6553.0,3654.0,5642.0
6559.0,3654.0,5642.0
6559.0,3645.0,5642.0
6561.0,3645.0,5640.0
6561.0,3626.0,5640.0
6557.0,3626.0,5640.0
6557.0,3618.0,5640.0
6556.0,3618.0,5640.0
6556.0,3606.0,5640.0
6545.0,3606.0,5641.0
6545.0,3597.0,5641.0
6535.0,3597.0,5642.0
6535.0,3592.0,5642.0
6523.0,3592.0,5648.0
6523.0,3590.0,5648.0
6510.0,3590.0,5649.0
6510.0,3593.0,5649.0
6490.0,3593.0,5651.0
6490.0,3596.0,5651.0
6456.0,3596.0,5658.0
6456.0,3597.0,5658.0
6462.0,3597.0,5659.0
6442.0,3597.0,5664.0
6442.0,3613.0,5664.0
6442.0,3617.0,5664.0
6446.0,3617.0,5663.0
6446.0,3639.0,5663.0
6447.0,3639.0,5663.0
6447.0,3678.0,5663.0
6457.0,3678.0,5663.0
6457.0,3698.0,5663.0
6458.0,3698.0,5663.0
6458.0,3694.0,5663.0
6463.0,3694.0,5663.0
6463.0,3682.0,5663.0
6471.0,3682.0,5662.0
6471.0,3680.0,5662.0
6467.0,3680.0,5662.0
6467.0,3665.0,5662.0
6466.0,3665.0,5662.0
6466.0,3645.0,5662.0
6460.0,3645.0,5662.0
6460.0,3625.0,5662.0
6458.0,3625.0,5662.0
6458.0,3617.0,5662.0
6457.0,3617.0,5662.0
6457.0,3611.0,5662.0
6462.0,3611.0,5660.0
6462.0,3609.0,5660.0
6468.0,3609.0,5656.0
6468.0,3605.0,5656.0
6490.0,3605.0,5654.0
6490.0,3603.0,5654.0
6502.0,3603.0,5653.0
6502.0,3603.0,5653.0
6514.0,3603.0,5652.0
6514.0,3604.0,5652.0
6523.0,3604.0,5650.0
6523.0,3607.0,5650.0
6530.0,3607.0,5649.0
6530.0,3614.0,5649.0
6537.0,3614.0,5647.0
6537.0,3622.0,5647.0
6543.0,3622.0,5646.0
6543.0,3630.0,5646.0
6546.0,3630.0,5646.0
6546.0,3638.0,5646.0
6547.0,3638.0,5646.0
6547.0,3648.0,5646.0
6546.0,3648.0,5646.0
6546.0,3657.0,5646.0
6543.0,3657.0,5648.0
6543.0,3665.0,5648.0
6536.0,3665.0,5649.0
6530.0,3665.0,5650.0
6530.0,3669.0,5650.0
6530.0,3673.0,5650.0
6519.0,3673.0,5651.0
6519.0,3676.0,5651.0
6507.0,3676.0,5651.0
6507.0,3679.0,5651.0
6489.0,3679.0,5653.0
6489.0,3683.0,5653.0
6471.0,3683.0,5658.0
6471.0,3682.0,5658.0
6471.0,3682.0,5660.0
6471.0,3681.0,5660.0
6465.0,3681.0,5662.0
6465.0,3682.0,5662.0
6454.0,3682.0,5665.0
6454.0,3690.0,5665.0
6457.0,3690.0,5664.0
6457.0,3723.0,5664.0
6463.0,3723.0,5664.0
6463.0,3766.0,5664.0
6472.0,3766.0,5664.0
6472.0,3787.0,5664.0
6475.0,3787.0,5664.0
6475.0,3784.0,5664.0
6480.0,3784.0,5664.0
6480.0,3771.0,5664.0
6490.0,3771.0,5661.0
6490.0,3769.0,5661.0
6483.0,3769.0,5662.0
6483.0,3760.0,5662.0
6483.0,3760.0,5662.0
6483.0,3740.0,5662.0
6477.0,3740.0,5662.0
6477.0,3719.0,5662.0
6475.0,3719.0,5662.0
6475.0,3711.0,5662.0
6475.0,3711.0,5662.0
6475.0,3708.0,5662.0
6478.0,3708.0,5661.0
6478.0,3706.0,5661.0
6493.0,3706.0,5656.0
6493.0,3703.0,5656.0
6515.0,3703.0,5654.0
6515.0,3702.0,5654.0
6523.0,3702.0,5653.0
6523.0,3703.0,5653.0
6537.0,3703.0,5652.0
6537.0,3704.0,5652.0
6542.0,3704.0,5651.0
6551.0,3704.0,5649.0
6551.0,3710.0,5649.0
6551.0,3716.0,5649.0
6555.0,3716.0,5648.0
6555.0,3723.0,5648.0
6559.0,3723.0,5647.0
6559.0,3733.0,5647.0
6560.0,3733.0,5647.0
6559.0,3733.0,5648.0
6559.0,3741.0,5648.0
6559.0,3750.0,5648.0
6555.0,3750.0,5648.0
6555.0,3754.0,5648.0
6549.0,3754.0,5650.0
6549.0,3759.0,5650.0
6540.0,3759.0,5651.0
6540.0,3763.0,5651.0
6531.0,3763.0,5651.0
6531.0,3768.0,5651.0
6512.0,3768.0,5653.0
6494.0,3768.0,5657.0
6494.0,3770.0,5657.0
6494.0,3771.0,5657.0
6487.0,3771.0,5659.0
6487.0,3770.0,5659.0
6483.0,3770.0,5660.0
6483.0,3772.0,5660.0
6470.0,3772.0,5665.0
6470.0,3766.0,5665.0
6471.0,3766.0,5664.0
6471.0,3735.0,5664.0
6462.0,3735.0,5664.0
6462.0,3682.0,5664.0
6455.0,3682.0,5664.0
6455.0,3636.0,5664.0
6446.0,3636.0,5664.0
6446.0,3613.0,5664.0
6443.0,3613.0,5664.0
6443.0,3615.0,5664.0
6442.0,3615.0,5664.0
6442.0,3626.0,5664.0
6443.0,3626.0,5664.0
6443.0,3646.0,5664.0
6446.0,3646.0,5664.0
6446.0,3666.0,5664.0
6450.0,3666.0,5664.0
6450.0,3684.0,5664.0
6453.0,3684.0,5664.0
6453.0,3689.0,5664.0
6456.0,3689.0,5664.0
6456.0,3695.0,5664.0
6462.0,3695.0,5664.0
6462.0,3698.0,5664.0
6466.0,3698.0,5663.0
6466.0,3703.0,5663.0
6461.0,3703.0,5666.0
6461.0,3708.0,5666.0
6459.0,3708.0,5665.0
6459.0,3719.0,5665.0
6459.0,3719.0,5665.0
6459.0,3739.0,5665.0
6463.0,3739.0,5665.0
6463.0,3759.0,5665.0
6467.0,3759.0,5666.0
6467.0,3773.0,5666.0
6470.0,3773.0,5666.0
6470.0,3780.0,5666.0
6473.0,3780.0,5666.0
6473.0,3787.0,5666.0
6478.0,3787.0,5666.0
6478.0,3789.0,5666.0
6467.0,3789.0,5668.0
6467.0,3791.0,5668.0
6459.0,3791.0,5669.0
6459.0,3794.0,5669.0
6441.0,3794.0,5671.0
6441.0,3791.0,5671.0
6448.0,3791.0,5670.0
6448.0,3780.0,5670.0
6449.0,3780.0,5670.0
6449.0,3774.0,5670.0
6451.0,3774.0,5669.0
6451.0,3764.0,5669.0
6449.0,3764.0,5668.0
6449.0,3742.0,5668.0
6446.0,3742.0,5668.0
6446.0,3721.0,5668.0
6441.0,3721.0,5668.0
6441.0,3702.0,5668.0
6438.0,3702.0,5668.0
6438.0,3683.0,5668.0
6434.0,3683.0,5668.0
6434.0,3663.0,5668.0
6431.0,3663.0,5668.0
6431.0,3641.0,5668.0
6427.0,3641.0,5668.0
6427.0,3628.0,5668.0
6424.0,3628.0,5668.0
6424.0,3617.0,5668.0
6420.0,3617.0,5668.0
6415.0,3617.0,5670.0
6415.0,3610.0,5670.0
6415.0,3607.0,5670.0
6409.0,3607.0,5670.0
6409.0,3605.0,5670.0
6419.0,3605.0,5669.0
6419.0,3601.0,5669.0
6436.0,3601.0,5667.0
6436.0,3597.0,5667.0
6438.0,3597.0,5665.0
6438.0,3593.0,5665.0
6448.0,3593.0,5664.0
6448.0,3587.0,5664.0
6448.0,3587.0,5663.0
6457.0,3587.0,5661.0
6457.0,3594.0,5661.0
6457.0,3594.0,5661.0
6457.0,3594.0,5659.0
6457.0,3599.0,5659.0
6448.0,3599.0,5662.0
6448.0,3606.0,5662.0
6445.0,3606.0,5665.0
6445.0,3612.0,5665.0
6443.0,3612.0,5662.0
6443.0,3601.0,5662.0
6457.0,3601.0,5659.0
6457.0,3597.0,5659.0
6462.0,3597.0,5656.0
6485.0,3597.0,5652.0
6485.0,3593.0,5652.0
6485.0,3591.0,5652.0
6497.0,3591.0,5652.0
6510.0,3591.0,5650.0
6510.0,3583.0,5650.0
6510.0,3584.0,5650.0
6519.0,3584.0,5650.0
6519.0,3587.0,5650.0
6523.0,3587.0,5647.0
6532.0,3587.0,5646.0
6532.0,3589.0,5646.0
6532.0,3602.0,5646.0
6543.0,3602.0,5643.0
6543.0,3608.0,5643.0
6554.0,3608.0,5642.0
6554.0,3627.0,5642.0
6559.0,3627.0,5637.0
6559.0,3629.0,5637.0
6564.0,3629.0,5638.0
6564.0,3614.0,5638.0
6555.0,3614.0,5638.0
6555.0,3606.0,5638.0
6553.0,3606.0,5638.0
6553.0,3601.0,5638.0
6541.0,3601.0,5641.0
6541.0,3592.0,5641.0
6534.0,3592.0,5645.0
6534.0,3587.0,5645.0
6527.0,3587.0,5643.0
6527.0,3586.0,5643.0
6542.0,3586.0,5643.0
6542.0,3588.0,5643.0
6547.0,3588.0,5640.0
6547.0,3591.0,5640.0
6559.0,3591.0,5632.0
6559.0,3596.0,5632.0
6565.0,3596.0,5629.0
6565.0,3602.0,5629.0
6575.0,3602.0,5628.0
6575.0,3609.0,5628.0
6577.0,3609.0,5630.0
6577.0,3619.0,5630.0
6582.0,3619.0,5630.0
6582.0,3628.0,5630.0
6581.0,3628.0,5630.0
6581.0,3637.0,5630.0
6580.0,3637.0,5630.0
6580.0,3645.0,5630.0
6575.0,3645.0,5631.0
6575.0,3652.0,5631.0
6569.0,3652.0,5632.0
6569.0,3656.0,5632.0
6562.0,3656.0,5634.0
6562.0,3658.0,5634.0
6561.0,3658.0,5634.0
6561.0,3645.0,5634.0
6564.0,3645.0,5634.0
6563.0,3645.0,5633.0
6563.0,3633.0,5633.0
6563.0,3629.0,5633.0
6561.0,3629.0,5633.0
6561.0,3609.0,5633.0
6549.0,3609.0,5637.0
6549.0,3604.0,5637.0
6543.0,3604.0,5643.0
6543.0,3593.0,5643.0
6529.0,3593.0,5643.0
6529.0,3593.0,5643.0
6523.0,3593.0,5647.0
6523.0,3591.0,5647.0
6499.0,3591.0,5648.0
6499.0,3592.0,5648.0
6491.0,3592.0,5649.0
6491.0,3596.0,5649.0
6461.0,3596.0,5654.0
6461.0,3597.0,5654.0
6458.0,3597.0,5657.0
6458.0,3609.0,5657.0
6449.0,3609.0,5660.0
6449.0,3616.0,5660.0
6441.0,3616.0,5661.0
6441.0,3634.0,5661.0
6451.0,3634.0,5661.0
6451.0,3672.0,5661.0
6452.0,3672.0,5661.0
6452.0,3696.0,5661.0
6461.0,3696.0,5661.0
6461.0,3697.0,5661.0
6461.0,3697.0,5661.0
6461.0,3694.0,5661.0
6494.0,3694.0,5654.0
6494.0,3687.0,5654.0
6529.0,3687.0,5651.0
6529.0,3683.0,5651.0
6543.0,3683.0,5649.0
6543.0,3684.0,5649.0
6538.0,3684.0,5650.0
6539.0,3684.0,5648.0
6539.0,3686.0,5648.0
6539.0,3686.0,5648.0
6540.0,3686.0,5648.0
6540.0,3686.0,5648.0
6535.0,3686.0,5649.0
6535.0,3690.0,5649.0
6504.0,3690.0,5650.0
6467.0,3690.0,5659.0
6467.0,3697.0,5659.0
6467.0,3700.0,5659.0
6459.0,3700.0,5663.0
6459.0,3709.0,5663.0
6460.0,3709.0,5662.0
6460.0,3742.0,5662.0
6467.0,3742.0,5662.0
6467.0,3777.0,5662.0
6475.0,3777.0,5662.0
6475.0,3789.0,5662.0
6476.0,3789.0,5662.0
6476.0,3786.0,5662.0
6492.0,3786.0,5659.0
6492.0,3780.0,5659.0
6522.0,3780.0,5652.0
6522.0,3776.0,5652.0
6533.0,3776.0,5652.0
6533.0,3773.0,5652.0
6549.0,3773.0,5651.0
6559.0,3773.0,5647.0
6559.0,3765.0,5647.0
6566.0,3765.0,5646.0
6566.0,3760.0,5646.0
6574.0,3760.0,5643.0
6574.0,3745.0,5643.0
6574.0,3739.0,5643.0
6575.0,3739.0,5641.0
6575.0,3729.0,5641.0
6576.0,3729.0,5641.0
6576.0,3716.0,5641.0
6574.0,3716.0,5641.0
6574.0,3706.0,5641.0
6568.0,3706.0,5641.0
6568.0,3703.0,5641.0
6564.0,3703.0,5642.0
6564.0,3706.0,5642.0
6574.0,3706.0,5638.0
6574.0,3710.0,5638.0
6582.0,3710.0,5632.0
6582.0,3716.0,5632.0
6589.0,3716.0,5633.0
6589.0,3725.0,5633.0
6592.0,3725.0,5629.0
6592.0,3733.0,5629.0
6592.0,3733.0,5631.0
6592.0,3743.0,5631.0
6592.0,3743.0,5631.0
6592.0,3751.0,5631.0
6589.0,3751.0,5633.0
6589.0,3758.0,5633.0
6584.0,3758.0,5635.0
6584.0,3764.0,5635.0
6574.0,3764.0,5638.0
6574.0,3766.0,5638.0
6565.0,3766.0,5643.0
6565.0,3767.0,5643.0
6563.0,3767.0,5642.0
6563.0,3758.0,5642.0
6572.0,3758.0,5641.0
6572.0,3748.0,5641.0
6574.0,3748.0,5640.0
6574.0,3746.0,5640.0
6576.0,3746.0,5640.0
6576.0,3764.0,5640.0
6562.0,3764.0,5644.0
6562.0,3769.0,5644.0
6560.0,3769.0,5646.0
6560.0,3773.0,5646.0
6556.0,3773.0,5647.0
6556.0,3786.0,5647.0
6552.0,3786.0,5646.0
6552.0,3781.0,5646.0
6546.0,3781.0,5648.0
6546.0,3778.0,5648.0
6538.0,3778.0,5647.0
6538.0,3774.0,5647.0
6553.0,3774.0,5647.0
6560.0,3774.0,5644.0
6560.0,3770.0,5644.0
6554.0,3770.0,5648.0
6554.0,3780.0,5648.0
6554.0,3785.0,5648.0
6551.0,3785.0,5647.0
6551.0,3786.0,5647.0
6530.0,3786.0,5649.0
6530.0,3788.0,5649.0
6494.0,3788.0,5657.0
6494.0,3789.0,5657.0
6491.0,3789.0,5658.0
6491.0,3792.0,5658.0
6487.0,3792.0,5658.0
6487.0,3788.0,5658.0
6479.0,3788.0,5663.0
6479.0,3787.0,5663.0
6483.0,3787.0,5661.0
6483.0,3781.0,5661.0
6515.0,3781.0,5654.0
6515.0,3775.0,5654.0
6540.0,3775.0,5651.0
6540.0,3773.0,5651.0
6547.0,3773.0,5651.0
6547.0,3762.0,5651.0
6572.0,3762.0,5646.0
6572.0,3758.0,5646.0
6575.0,3758.0,5643.0
6575.0,3746.0,5643.0
6586.0,3746.0,5637.0
6586.0,3744.0,5637.0
6583.0,3744.0,5638.0
6583.0,3741.0,5638.0
6579.0,3741.0,5638.0
6579.0,3731.0,5638.0
6594.0,3731.0,5634.0
6594.0,3724.0,5634.0
6583.0,3724.0,5635.0
6583.0,3726.0,5635.0
6583.0,3726.0,5635.0
6583.0,3728.0,5635.0
6577.0,3728.0,5636.0
6577.0,3719.0,5636.0
6581.0,3719.0,5636.0
6581.0,3716.0,5636.0
6582.0,3716.0,5636.0
6582.0,3734.0,5636.0
6575.0,3734.0,5639.0
6575.0,3746.0,5639.0
6570.0,3746.0,5638.0
6570.0,3762.0,5638.0
6563.0,3762.0,5644.0
6557.0,3762.0,5646.0
6557.0,3764.0,5646.0
6557.0,3773.0,5646.0
6541.0,3773.0,5648.0
6541.0,3776.0,5648.0
6531.0,3776.0,5648.0
6531.0,3780.0,5648.0
6510.0,3780.0,5651.0
6510.0,3786.0,5651.0
6484.0,3786.0,5661.0
6484.0,3788.0,5661.0
6474.0,3788.0,5662.0
6474.0,3778.0,5662.0
6475.0,3778.0,5661.0
6475.0,3745.0,5661.0
6466.0,3745.0,5661.0
6466.0,3689.0,5661.0
6457.0,3689.0,5661.0
6457.0,3642.0,5661.0
6447.0,3642.0,5661.0
6447.0,3618.0,5661.0
6445.0,3618.0,5661.0
6445.0,3614.0,5661.0
6447.0,3614.0,5661.0
6447.0,3597.0,5661.0
6461.0,3597.0,5659.0
6461.0,3597.0,5659.0
6464.0,3597.0,5656.0
6464.0,3592.0,5656.0
6495.0,3592.0,5652.0
6495.0,3590.0,5652.0
6505.0,3590.0,5651.0
6505.0,3592.0,5651.0
6524.0,3592.0,5649.0
6524.0,3593.0,5649.0
6535.0,3593.0,5646.0
6535.0,3602.0,5646.0
6540.0,3602.0,5643.0
6540.0,3607.0,5643.0
6555.0,3607.0,5643.0
6555.0,3629.0,5643.0
6559.0,3629.0,5637.0
6559.0,3640.0,5637.0
6573.0,3640.0,5637.0
6573.0,3632.0,5637.0
6572.0,3632.0,5630.0
6572.0,3628.0,5630.0
6582.0,3628.0,5632.0
6582.0,3618.0,5632.0
6572.0,3618.0,5630.0
6572.0,3627.0,5630.0
6571.0,3627.0,5630.0
6571.0,3625.0,5630.0
6563.0,3625.0,5632.0
6563.0,3620.0,5632.0
6567.0,3620.0,5633.0
6567.0,3610.0,5633.0
6573.0,3610.0,5629.0
6573.0,3605.0,5629.0
6569.0,3605.0,5631.0
6569.0,3608.0,5631.0
6563.0,3608.0,5631.0
6563.0,3612.0,5631.0
6559.0,3612.0,5631.0
6559.0,3605.0,5631.0
6556.0,3605.0,5631.0
6556.0,3598.0,5631.0
6563.0,3598.0,5631.0
6563.0,3595.0,5631.0
6555.0,3595.0,5630.0
6555.0,3599.0,5630.0
6552.0,3599.0,5632.0
6552.0,3596.0,5632.0
6546.0,3596.0,5635.0
6546.0,3593.0,5635.0
6545.0,3593.0,5634.0
6545.0,3591.0,5634.0
6537.0,3591.0,5639.0
6537.0,3590.0,5639.0
6513.0,3590.0,5643.0
6513.0,3591.0,5643.0
6503.0,3591.0,5645.0
6503.0,3595.0,5645.0
6463.0,3595.0,5651.0
6463.0,3597.0,5651.0
6459.0,3597.0,5654.0
6459.0,3604.0,5654.0
6443.0,3604.0,5660.0
6443.0,3608.0,5660.0
6436.0,3608.0,5662.0
6436.0,3621.0,5662.0
6428.0,3621.0,5665.0
6428.0,3618.0,5665.0
6422.0,3618.0,5663.0
6424.0,3618.0,5663.0
6424.0,3613.0,5663.0
6424.0,3605.0,5663.0
6430.0,3605.0,5662.0
6430.0,3617.0,5662.0
6435.0,3617.0,5663.0
6435.0,3622.0,5663.0
6436.0,3622.0,5661.0
6427.0,3622.0,5663.0
6427.0,3631.0,5663.0
6427.0,3640.0,5663.0
6431.0,3640.0,5662.0
6431.0,3635.0,5662.0
6434.0,3635.0,5663.0
6434.0,3631.0,5663.0
6441.0,3631.0,5662.0
6441.0,3641.0,5662.0
6439.0,3641.0,5662.0
6439.0,3649.0,5662.0
6434.0,3649.0,5665.0
6434.0,3654.0,5665.0
6432.0,3654.0,5663.0
6432.0,3657.0,5663.0
6435.0,3657.0,5665.0
6435.0,3650.0,5665.0
6443.0,3650.0,5662.0
6443.0,3661.0,5662.0
6444.0,3661.0,5662.0
6444.0,3664.0,5662.0
6439.0,3664.0,5665.0
6439.0,3668.0,5665.0
6434.0,3668.0,5663.0
6434.0,3679.0,5663.0
6438.0,3679.0,5663.0
6438.0,3670.0,5663.0
6444.0,3670.0,5663.0
6444.0,3675.0,5663.0
6449.0,3675.0,5662.0
6449.0,3679.0,5662.0
6446.0,3679.0,5665.0
6446.0,3688.0,5665.0
6438.0,3688.0,5663.0
6438.0,3698.0,5663.0
6440.0,3698.0,5663.0
6440.0,3692.0,5663.0
6445.0,3692.0,5664.0
6445.0,3688.0,5664.0
6453.0,3688.0,5662.0
6453.0,3695.0,5662.0
6455.0,3695.0,5661.0
6455.0,3705.0,5661.0
6444.0,3705.0,5665.0
6444.0,3709.0,5665.0
6442.0,3709.0,5663.0
6442.0,3716.0,5663.0
6446.0,3716.0,5663.0
6446.0,3706.0,5663.0
6455.0,3706.0,5663.0
6455.0,3711.0,5663.0
6456.0,3711.0,5662.0
6456.0,3718.0,5662.0
6453.0,3718.0,5662.0
6453.0,3727.0,5662.0
6445.0,3727.0,5665.0
6445.0,3735.0,5665.0
6447.0,3735.0,5663.0
6447.0,3731.0,5663.0
6452.0,3731.0,5664.0
6452.0,3727.0,5664.0
6459.0,3727.0,5661.0
6459.0,3737.0,5661.0
6458.0,3737.0,5662.0
6458.0,3744.0,5662.0
6451.0,3744.0,5664.0
6451.0,3748.0,5664.0
6449.0,3748.0,5663.0
6449.0,3753.0,5663.0
6454.0,3753.0,5665.0
6454.0,3747.0,5665.0
6461.0,3747.0,5663.0
6461.0,3756.0,5663.0
6462.0,3756.0,5662.0
6462.0,3759.0,5662.0
6458.0,3759.0,5664.0
6458.0,3763.0,5664.0
6452.0,3763.0,5664.0
6452.0,3766.0,5664.0
6466.0,3766.0,5663.0
6466.0,3773.0,5663.0
6454.0,3773.0,5665.0
6454.0,3774.0,5665.0
6461.0,3774.0,5663.0
6461.0,3775.0,5663.0
6467.0,3775.0,5662.0
6467.0,3785.0,5662.0
6451.0,3785.0,5665.0
6451.0,3788.0,5665.0
6455.0,3788.0,5665.0
6455.0,3786.0,5665.0
6468.0,3786.0,5663.0
6468.0,3782.0,5663.0
6469.0,3782.0,5662.0
6469.0,3783.0,5662.0
6467.0,3783.0,5662.0
6467.0,3783.0,5662.0
6466.0,3783.0,5662.0
6466.0,3783.0,5662.0
6466.0,3783.0,5662.0
6466.0,3783.0,5662.0
6466.0,3783.0,5662.0
6466.0,3783.0,5662.0
6467.0,3783.0,5662.0
6467.0,3783.0,5662.0
6467.0,3783.0,5662.0
6467.0,3783.0,5662.0
6466.0,3783.0,5662.0
6466.0,3783.0,5662.0
6466.0,3783.0,5662.0
6466.0,3783.0,5662.0
6466.0,3783.0,5662.0
6466.0,3783.0,5662.0
6467.0,3783.0,5662.0
6467.0,3783.0,5662.0
6467.0,3783.0,5662.0
6467.0,3783.0,5662.0
6466.0,3783.0,5662.0
6466.0,3783.0,5662.0
6466.0,3783.0,5662.0
6466.0,3783.0,5662.0
6466.0,3783.0,5662.0
6466.0,3783.0,5662.0
6467.0,3783.0,5662.0
6467.0,3783.0,5662.0
6467.0,3783.0,5662.0
6466.0,3783.0,5662.0
6466.0,3783.0,5662.0
6466.0,3783.0,5662.0
6466.0,3783.0,5662.0
6466.0,3783.0,5662.0
6466.0,3783.0,5662.0
6466.0,3783.0,5662.0
6467.0,3783.0,5662.0
6467.0,3783.0,5662.0
6467.0,3783.0,5662.0
6467.0,3783.0,5662.0
6466.0,3783.0,5662.0
6466.0,3783.0,5662.0
6466.0,3783.0,5662.0
6466.0,3783.0,5662.0
6466.0,3783.0,5662.0
6466.0,3783.0,5662.0
6467.0,3783.0,5662.0
6467.0,3783.0,5662.0
6467.0,3783.0,5662.0
6467.0,3783.0,5662.0
6466.0,3783.0,5662.0
6466.0,3783.0,5662.0
6466.0,3783.0,5662.0
6466.0,3783.0,5662.0
6466.0,3783.0,5662.0
6466.0,3783.0,5662.0
6467.0,3783.0,5662.0
6467.0,3783.0,5662.0
6467.0,3783.0,5662.0
6467.0,3783.0,5662.0
6466.0,3783.0,5662.0
6466.0,3783.0,5662.0
6466.0,3783.0,5662.0
6466.0,3783.0,5662.0
6466.0,3783.0,5662.0
6466.0,3783.0,5662.0
6467.0,3783.0,5662.0
6467.0,3783.0,5662.0
6467.0,3783.0,5662.0
6467.0,3783.0,5662.0
6466.0,3783.0,5662.0
6466.0,3783.0,5662.0
6466.0,3783.0,5662.0
6466.0,3783.0,5662.0
6466.0,3783.0,5662.0
6466.0,3783.0,5662.0
6467.0,3783.0,5662.0
6467.0,3783.0,5662.0
6467.0,3783.0,5662.0
6467.0,3783.0,5662.0
6466.0,3783.0,5662.0
6466.0,3783.0,5662.0
6466.0,3783.0,5662.0
6466.0,3783.0,5662.0
6466.0,3783.0,5662.0
6466.0,3783.0,5662.0
6467.0,3783.0,5662.0
6467.0,3783.0,5662.0
6467.0,3783.0,5662.0
6467.0,3783.0,5662.0
6466.0,3783.0,5662.0
6466.0,3783.0,5662.0
6466.0,3783.0,5662.0
6466.0,3783.0,5662.0
6466.0,3783.0,5662.0
6466.0,3783.0,5662.0
6466.0,3783.0,5662.0
6466.0,3783.0,5662.0
6466.0,3783.0,5662.0
6466.0,3783.0,5662.0
6466.0,3783.0,5662.0
6466.0,3783.0,5662.0
6466.0,3783.0,5662.0
6466.0,3783.0,5662.0
6466.0,3783.0,5662.0
6466.0,3783.0,5662.0
6466.0,3783.0,5662.0
6466.0,3783.0,5662.0
6466.0,3783.0,5662.0
6466.0,3783.0,5662.0
6466.0,3783.0,5662.0
6466.0,3783.0,5662.0
6466.0,3783.0,5662.0
6466.0,3783.0,5662.0
6466.0,3783.0,5662.0
6466.0,3783.0,5662.0
6466.0,3783.0,5665.0
6466.0,3783.0,5665.0
6466.0,3783.0,5680.0
6466.0,3783.0,5680.0
6466.0,3783.0,5708.0
6466.0,3783.0,5708.0
6466.0,3783.0,5754.0
6466.0,3783.0,5754.0
6466.0,3783.0,5817.0
6466.0,3783.0,5817.0
6466.0,3783.0,5888.0
6466.0,3783.0,5888.0
6466.0,3783.0,5974.0
6466.0,3783.0,5974.0
6466.0,3783.0,6069.0
6466.0,3783.0,6069.0
6466.0,3783.0,6185.0
6466.0,3783.0,6185.0
6466.0,3783.0,6314.0
6466.0,3783.0,6314.0
6466.0,3783.0,6450.0
6466.0,3783.0,6450.0
6466.0,3783.0,6598.0
6466.0,3783.0,6598.0
6466.0,3783.0,6755.0
6466.0,3783.0,6755.0
6466.0,3783.0,6902.0
6466.0,3783.0,6902.0
6466.0,3783.0,7065.0
6466.0,3783.0,7065.0
6467.0,3783.0,7219.0
6467.0,3783.0,7219.0
6467.0,3783.0,7373.0
6467.0,3783.0,7373.0
6466.0,3783.0,7530.0
6466.0,3783.0,7530.0
6466.0,3783.0,7680.0
6466.0,3783.0,7680.0
6466.0,3783.0,7831.0
6466.0,3783.0,7831.0
6467.0,3783.0,7997.0
6467.0,3783.0,7997.0
6467.0,3783.0,8145.0
6467.0,3783.0,8145.0
6466.0,3783.0,8288.0
6466.0,3783.0,8288.0
6466.0,3783.0,8407.0
6466.0,3783.0,8407.0
6466.0,3783.0,8532.0
6466.0,3783.0,8532.0
6466.0,3783.0,8626.0
6466.0,3783.0,8626.0
6466.0,3783.0,8715.0
6466.0,3783.0,8715.0
6466.0,3783.0,8797.0
6466.0,3783.0,8797.0
6466.0,3783.0,8854.0
6466.0,3783.0,8854.0
6466.0,3783.0,8909.0
6466.0,3783.0,8909.0
6466.0,3783.0,8944.0
6466.0,3783.0,8944.0
6466.0,3783.0,8967.0
6466.0,3783.0,8967.0
6466.0,3783.0,8976.0
6466.0,3783.0,8976.0
6466.0,3783.0,8975.0
6466.0,3783.0,8975.0
6466.0,3783.0,8975.0
6466.0,3783.0,8975.0
6467.0,3783.0,8975.0
6467.0,3783.0,8975.0
6487.0,3783.0,8975.0
6487.0,3783.0,8975.0
6524.0,3783.0,8975.0
6524.0,3783.0,8975.0
6556.0,3783.0,8975.0
6556.0,3783.0,8975.0
6594.0,3783.0,8975.0
6594.0,3783.0,8975.0
6624.0,3783.0,8975.0
6624.0,3783.0,8975.0
6660.0,3783.0,8975.0
6660.0,3783.0,8975.0
6693.0,3783.0,8975.0
6693.0,3783.0,8975.0
6729.0,3783.0,8975.0
6729.0,3783.0,8975.0
6763.0,3783.0,8975.0
6763.0,3783.0,8975.0
6799.0,3783.0,8975.0
6799.0,3783.0,8975.0
6831.0,3783.0,8975.0
6831.0,3783.0,8975.0
6866.0,3783.0,8975.0
6866.0,3783.0,8975.0
6900.0,3783.0,8975.0
6900.0,3783.0,8975.0
6935.0,3783.0,8975.0
6935.0,3783.0,8975.0
6970.0,3783.0,8975.0
6970.0,3783.0,8975.0
7003.0,3783.0,8975.0
7003.0,3783.0,8975.0
7038.0,3783.0,8975.0
7038.0,3783.0,8975.0
7072.0,3783.0,8975.0
7072.0,3783.0,8975.0
7107.0,3783.0,8975.0
7107.0,3783.0,8975.0
7141.0,3783.0,8975.0
7141.0,3783.0,8975.0
7175.0,3783.0,8975.0
7175.0,3783.0,8975.0
7208.0,3783.0,8975.0
7208.0,3783.0,8975.0
7242.0,3783.0,8975.0
7242.0,3783.0,8975.0
7278.0,3783.0,8975.0
7278.0,3783.0,8975.0
7311.0,3783.0,8975.0
7311.0,3783.0,8975.0
7344.0,3783.0,8975.0
7344.0,3783.0,8975.0
7379.0,3783.0,8975.0
7379.0,3783.0,8975.0
7412.0,3783.0,8975.0
7412.0,3783.0,8975.0
7447.0,3783.0,8975.0
7447.0,3783.0,8975.0
7481.0,3783.0,8975.0
7481.0,3783.0,8975.0
7515.0,3783.0,8975.0
7515.0,3783.0,8975.0
7549.0,3783.0,8975.0
7549.0,3783.0,8975.0
7583.0,3783.0,8975.0
7583.0,3783.0,8975.0
7618.0,3783.0,8975.0
7618.0,3783.0,8975.0
7652.0,3783.0,8975.0
7686.0,3783.0,8975.0
7686.0,3783.0,8975.0
7686.0,3783.0,8975.0
7720.0,3783.0,8975.0
7720.0,3783.0,8975.0
7755.0,3783.0,8975.0
7755.0,3783.0,8975.0
7789.0,3783.0,8975.0
7789.0,3783.0,8975.0
7824.0,3783.0,8975.0
7824.0,3783.0,8975.0
7858.0,3783.0,8975.0
7858.0,3783.0,8975.0
7892.0,3783.0,8975.0
7892.0,3783.0,8975.0
7927.0,3783.0,8975.0
7927.0,3783.0,8975.0
7961.0,3783.0,8975.0
7961.0,3783.0,8975.0
7996.0,3783.0,8975.0
7996.0,3783.0,8975.0
8030.0,3783.0,8975.0
8030.0,3783.0,8975.0
8064.0,3783.0,8975.0
8098.0,3783.0,8975.0
8098.0,3783.0,8975.0
8098.0,3783.0,8975.0
8133.0,3783.0,8975.0
8133.0,3783.0,8975.0
8167.0,3783.0,8975.0
8201.0,3783.0,8975.0
8201.0,3783.0,8975.0
8201.0,3783.0,8975.0
8235.0,3783.0,8975.0
8235.0,3783.0,8975.0
8269.0,3783.0,8975.0
8269.0,3783.0,8975.0
8304.0,3783.0,8975.0
8304.0,3783.0,8975.0
8337.0,3783.0,8975.0
8337.0,3783.0,8975.0
8371.0,3783.0,8975.0
8371.0,3783.0,8975.0
8404.0,3783.0,8975.0
8404.0,3783.0,8975.0
8438.0,3783.0,8975.0
8438.0,3783.0,8975.0
8473.0,3783.0,8975.0
8473.0,3783.0,8975.0
8507.0,3783.0,8975.0
8507.0,3783.0,8975.0
8542.0,3783.0,8975.0
8542.0,3783.0,8975.0
8575.0,3783.0,8975.0
8575.0,3783.0,8975.0
8610.0,3783.0,8975.0
8610.0,3783.0,8975.0
8645.0,3783.0,8975.0
8645.0,3783.0,8975.0
8679.0,3783.0,8975.0
8679.0,3783.0,8975.0
8712.0,3783.0,8975.0
8712.0,3783.0,8975.0
8747.0,3783.0,8975.0
8747.0,3783.0,8975.0
8781.0,3783.0,8975.0
8781.0,3783.0,8975.0
8816.0,3783.0,8975.0
8816.0,3783.0,8975.0
8851.0,3783.0,8975.0
8851.0,3783.0,8975.0
8885.0,3783.0,8975.0
8885.0,3783.0,8975.0
8919.0,3783.0,8975.0
8919.0,3783.0,8975.0
8953.0,3783.0,8975.0
8953.0,3783.0,8975.0
8987.0,3783.0,8975.0
8987.0,3783.0,8975.0
9022.0,3783.0,8975.0
9022.0,3783.0,8975.0
9056.0,3783.0,8975.0
9056.0,3783.0,8975.0
9091.0,3783.0,8975.0
9091.0,3783.0,8975.0
9125.0,3783.0,8975.0
9125.0,3783.0,8975.0
9159.0,3783.0,8975.0
9159.0,3783.0,8975.0
9193.0,3783.0,8975.0
9193.0,3783.0,8975.0
9227.0,3783.0,8975.0
9227.0,3783.0,8975.0
9261.0,3783.0,8975.0
9261.0,3783.0,8975.0
9296.0,3783.0,8975.0
9296.0,3783.0,8975.0
9330.0,3783.0,8975.0
9330.0,3783.0,8975.0
9363.0,3783.0,8975.0
9363.0,3783.0,8975.0
9397.0,3783.0,8975.0
9397.0,3783.0,8975.0
9431.0,3783.0,8975.0
9431.0,3783.0,8975.0
9465.0,3783.0,8975.0
9465.0,3783.0,8975.0
9499.0,3783.0,8975.0
9499.0,3783.0,8975.0
9534.0,3783.0,8975.0
9534.0,3783.0,8975.0
9567.0,3783.0,8975.0
9567.0,3783.0,8975.0
9602.0,3783.0,8975.0
9602.0,3783.0,8975.0
9636.0,3783.0,8975.0
9636.0,3783.0,8975.0
9671.0,3783.0,8975.0
9671.0,3783.0,8975.0
9705.0,3783.0,8975.0
9705.0,3783.0,8975.0
9739.0,3783.0,8975.0
9739.0,3783.0,8975.0
9773.0,3783.0,8975.0
9773.0,3783.0,8975.0
9807.0,3783.0,8975.0
9807.0,3783.0,8975.0
9842.0,3783.0,8975.0
9842.0,3783.0,8975.0
9877.0,3783.0,8975.0
9877.0,3783.0,8975.0
9911.0,3783.0,8975.0
9911.0,3783.0,8975.0
9945.0,3783.0,8975.0
9945.0,3783.0,8975.0
9979.0,3783.0,8975.0
9979.0,3783.0,8975.0
10014.0,3783.0,8975.0
10014.0,3783.0,8975.0
10049.0,3783.0,8975.0
10049.0,3783.0,8975.0
10083.0,3783.0,8975.0
10083.0,3783.0,8975.0
10117.0,3783.0,8975.0
10117.0,3783.0,8975.0
10151.0,3783.0,8975.0
10151.0,3783.0,8975.0
10186.0,3783.0,8975.0
10186.0,3783.0,8975.0
10220.0,3783.0,8975.0
10220.0,3783.0,8975.0
10254.0,3783.0,8975.0
10254.0,3783.0,8975.0
10288.0,3783.0,8975.0
10288.0,3783.0,8975.0
10322.0,3783.0,8975.0
10322.0,3783.0,8975.0
10356.0,3783.0,8975.0
10356.0,3783.0,8975.0
10390.0,3783.0,8975.0
10390.0,3783.0,8975.0
10423.0,3783.0,8975.0
10423.0,3783.0,8975.0
10457.0,3783.0,8975.0
10457.0,3783.0,8975.0
10491.0,3783.0,8975.0
10491.0,3783.0,8975.0
10526.0,3783.0,8975.0
10526.0,3783.0,8975.0
10559.0,3783.0,8975.0
10559.0,3783.0,8975.0
10594.0,3783.0,8975.0
10594.0,3783.0,8975.0
10628.0,3783.0,8975.0
10628.0,3783.0,8975.0
10663.0,3783.0,8975.0
10663.0,3783.0,8975.0
10697.0,3783.0,8975.0
10697.0,3783.0,8975.0
10731.0,3783.0,8975.0
10731.0,3783.0,8975.0
10765.0,3783.0,8975.0
10765.0,3783.0,8975.0
10799.0,3783.0,8975.0
10799.0,3783.0,8975.0
10834.0,3783.0,8975.0
10834.0,3783.0,8975.0
10868.0,3783.0,8975.0
10868.0,3783.0,8975.0
10903.0,3783.0,8975.0
10903.0,3783.0,8975.0
10937.0,3783.0,8975.0
10937.0,3783.0,8975.0
10971.0,3783.0,8975.0
10971.0,3783.0,8975.0
11006.0,3783.0,8975.0
11006.0,3783.0,8975.0
11040.0,3783.0,8975.0
11040.0,3783.0,8975.0
11075.0,3783.0,8975.0
11075.0,3783.0,8975.0
11109.0,3783.0,8975.0
11109.0,3783.0,8975.0
11143.0,3783.0,8975.0
11143.0,3783.0,8975.0
11178.0,3783.0,8975.0
11178.0,3783.0,8975.0
11212.0,3783.0,8975.0
11212.0,3783.0,8975.0
11246.0,3783.0,8975.0
11246.0,3783.0,8975.0
11280.0,3783.0,8975.0
11280.0,3783.0,8975.0
11314.0,3783.0,8975.0
11314.0,3783.0,8975.0
11348.0,3783.0,8975.0
11348.0,3783.0,8975.0
11383.0,3783.0,8975.0
11383.0,3783.0,8975.0
11416.0,3783.0,8975.0
11416.0,3783.0,8975.0
11450.0,3783.0,8975.0
11450.0,3783.0,8975.0
11484.0,3783.0,8975.0
11484.0,3783.0,8975.0
11517.0,3783.0,8975.0
11517.0,3783.0,8975.0
11551.0,3783.0,8975.0
11551.0,3783.0,8975.0
11586.0,3783.0,8975.0
11586.0,3783.0,8975.0
11620.0,3783.0,8975.0
11620.0,3783.0,8975.0
11655.0,3783.0,8975.0
11655.0,3783.0,8975.0
11689.0,3783.0,8975.0
11689.0,3783.0,8975.0
11723.0,3783.0,8975.0
11723.0,3783.0,8975.0
11757.0,3783.0,8975.0
11757.0,3783.0,8975.0
11792.0,3783.0,8975.0
11792.0,3783.0,8975.0
11826.0,3783.0,8975.0
11826.0,3783.0,8975.0
11860.0,3783.0,8975.0
11860.0,3783.0,8975.0
11895.0,3783.0,8975.0
11895.0,3783.0,8975.0
11929.0,3783.0,8975.0
11929.0,3783.0,8975.0
11963.0,3783.0,8975.0
11963.0,3783.0,8975.0
11998.0,3783.0,8975.0
11998.0,3783.0,8975.0
12032.0,3783.0,8975.0
12032.0,3783.0,8975.0
12067.0,3783.0,8975.0
12067.0,3783.0,8975.0
12101.0,3783.0,8975.0
12101.0,3783.0,8975.0
12135.0,3783.0,8975.0
12135.0,3783.0,8975.0
12170.0,3783.0,8975.0
12170.0,3783.0,8975.0
12204.0,3783.0,8975.0
12204.0,3783.0,8975.0
12238.0,3783.0,8975.0
12238.0,3783.0,8975.0
12271.0,3783.0,8975.0
12271.0,3783.0,8975.0
12306.0,3783.0,8975.0
12306.0,3783.0,8975.0
12339.0,3783.0,8975.0
12339.0,3783.0,8975.0
12374.0,3783.0,8975.0
12374.0,3783.0,8975.0
12409.0,3783.0,8975.0
12409.0,3783.0,8975.0
12442.0,3783.0,8975.0
12442.0,3783.0,8975.0
12476.0,3783.0,8975.0
12476.0,3783.0,8975.0
12510.0,3783.0,8975.0
12510.0,3783.0,8975.0
12543.0,3783.0,8975.0
12543.0,3783.0,8975.0
12578.0,3783.0,8975.0
12578.0,3783.0,8975.0
12612.0,3783.0,8975.0
12612.0,3783.0,8975.0
12647.0,3783.0,8975.0
12647.0,3783.0,8975.0
12681.0,3783.0,8975.0
12681.0,3783.0,8975.0
12715.0,3783.0,8975.0
12715.0,3783.0,8975.0
12750.0,3783.0,8975.0
12750.0,3783.0,8975.0
12784.0,3783.0,8975.0
12784.0,3783.0,8975.0
12815.0,3783.0,8975.0
12815.0,3783.0,8975.0
12815.0,3783.0,8975.0
12815.0,3783.0,8975.0
12815.0,3783.0,8975.0
12815.0,3783.0,8975.0
12815.0,3783.0,8975.0
12815.0,3783.0,8975.0
12807.0,3783.0,8975.0
12807.0,3783.0,8975.0
12775.0,3783.0,8975.0
12775.0,3783.0,8975.0
12742.0,3783.0,8975.0
12742.0,3783.0,8975.0
12718.0,3783.0,8975.0
12718.0,3783.0,8975.0
12716.0,3783.0,8975.0
12716.0,3783.0,8975.0
12715.0,3783.0,8975.0
12715.0,3783.0,8975.0
12715.0,3783.0,8975.0
12715.0,3783.0,8975.0
12718.0,3783.0,8975.0
12718.0,3783.0,8975.0
12735.0,3783.0,8975.0
12735.0,3783.0,8975.0
12751.0,3783.0,8975.0
12751.0,3783.0,8975.0
12769.0,3783.0,8975.0
12769.0,3783.0,8975.0
12786.0,3783.0,8975.0
12786.0,3783.0,8975.0
12803.0,3783.0,8975.0
12803.0,3783.0,8975.0
12815.0,3783.0,8975.0
12815.0,3783.0,8975.0
12814.0,3783.0,8975.0
12814.0,3783.0,8975.0
12814.0,3783.0,8975.0
12814.0,3783.0,8975.0
12814.0,3783.0,8975.0
12814.0,3793.0,8975.0
12814.0,3793.0,8975.0
12814.0,3824.0,8975.0
12814.0,3824.0,8975.0
12814.0,3858.0,8975.0
12814.0,3858.0,8975.0
12814.0,3893.0,8975.0
12814.0,3893.0,8975.0
12814.0,3927.0,8975.0
12814.0,3927.0,8975.0
12814.0,3961.0,8975.0
12814.0,3961.0,8975.0
12814.0,3995.0,8975.0
12814.0,3995.0,8975.0
12814.0,4029.0,8975.0
12814.0,4029.0,8975.0
12814.0,4063.0,8975.0
12814.0,4063.0,8975.0
12814.0,4097.0,8975.0
12814.0,4097.0,8975.0
12814.0,4132.0,8975.0
12814.0,4132.0,8975.0
12814.0,4165.0,8975.0
12814.0,4165.0,8975.0
12814.0,4199.0,8975.0
12814.0,4199.0,8975.0
12814.0,4233.0,8975.0
12814.0,4233.0,8975.0
12814.0,4268.0,8975.0
12814.0,4268.0,8975.0
12814.0,4302.0,8975.0
12814.0,4302.0,8975.0
12814.0,4336.0,8975.0
12814.0,4336.0,8975.0
12814.0,4371.0,8975.0
12814.0,4371.0,8975.0
12814.0,4405.0,8975.0
12814.0,4405.0,8975.0
12814.0,4439.0,8975.0
12814.0,4439.0,8975.0
12814.0,4473.0,8975.0
12814.0,4473.0,8975.0
12814.0,4508.0,8975.0
12814.0,4508.0,8975.0
12814.0,4542.0,8975.0
12814.0,4542.0,8975.0
12814.0,4577.0,8975.0
12814.0,4577.0,8975.0
12814.0,4611.0,8975.0
12814.0,4611.0,8975.0
12814.0,4645.0,8975.0
12814.0,4645.0,8975.0
12814.0,4679.0,8975.0
12814.0,4679.0,8975.0
12814.0,4713.0,8975.0
12814.0,4713.0,8975.0
12814.0,4747.0,8975.0
12814.0,4747.0,8975.0
12814.0,4781.0,8975.0
12814.0,4781.0,8975.0
12814.0,4816.0,8975.0
12814.0,4816.0,8975.0
12814.0,4850.0,8975.0
12814.0,4850.0,8975.0
12814.0,4884.0,8975.0
12814.0,4884.0,8975.0
12814.0,4918.0,8975.0
12814.0,4918.0,8975.0
12814.0,4953.0,8975.0
12814.0,4953.0,8975.0
12814.0,4987.0,8975.0
12814.0,4987.0,8975.0
12814.0,5021.0,8975.0
12814.0,5021.0,8975.0
12814.0,5054.0,8975.0
12814.0,5054.0,8975.0
12814.0,5089.0,8975.0
12814.0,5089.0,8975.0
12814.0,5123.0,8975.0
12814.0,5123.0,8975.0
12814.0,5157.0,8975.0
12814.0,5157.0,8975.0
12814.0,5191.0,8975.0
12814.0,5191.0,8975.0
12814.0,5225.0,8975.0
12814.0,5225.0,8975.0
12814.0,5259.0,8975.0
12814.0,5259.0,8975.0
12814.0,5293.0,8975.0
12814.0,5293.0,8975.0
12814.0,5327.0,8975.0
12814.0,5327.0,8975.0
12814.0,5362.0,8975.0
12814.0,5362.0,8975.0
12814.0,5396.0,8975.0
12814.0,5396.0,8975.0
12814.0,5431.0,8975.0
12814.0,5431.0,8975.0
12814.0,5465.0,8975.0
12814.0,5465.0,8975.0
12814.0,5465.0,8975.0
12814.0,5499.0,8975.0
12814.0,5534.0,8975.0
12814.0,5534.0,8975.0
12814.0,5568.0,8975.0
12814.0,5568.0,8975.0
12814.0,5603.0,8975.0
12814.0,5603.0,8975.0
12814.0,5637.0,8975.0
12814.0,5637.0,8975.0
12814.0,5671.0,8975.0
12814.0,5671.0,8975.0
12814.0,5705.0,8975.0
12814.0,5705.0,8975.0
12814.0,5739.0,8975.0
12814.0,5739.0,8975.0
12814.0,5774.0,8975.0
12814.0,5774.0,8975.0
12814.0,5808.0,8975.0
12814.0,5808.0,8975.0
12814.0,5842.0,8975.0
12814.0,5842.0,8975.0
12814.0,5876.0,8975.0
12814.0,5876.0,8975.0
12814.0,5910.0,8975.0
12814.0,5910.0,8975.0
12814.0,5945.0,8975.0
12814.0,5945.0,8975.0
12814.0,5979.0,8975.0
12814.0,5979.0,8975.0
12814.0,6013.0,8975.0
12814.0,6013.0,8975.0
12814.0,6047.0,8975.0
12814.0,6047.0,8975.0
12814.0,6081.0,8975.0
12814.0,6081.0,8975.0
12814.0,6115.0,8975.0
12814.0,6115.0,8975.0
12814.0,6149.0,8975.0
12814.0,6149.0,8975.0
12814.0,6183.0,8975.0
12814.0,6183.0,8975.0
12814.0,6217.0,8975.0
12814.0,6217.0,8975.0
12814.0,6251.0,8975.0
12814.0,6251.0,8975.0
12814.0,6285.0,8975.0
12814.0,6285.0,8975.0
12814.0,6320.0,8975.0
12814.0,6320.0,8975.0
12814.0,6354.0,8975.0
12814.0,6354.0,8975.0
12814.0,6389.0,8975.0
12814.0,6389.0,8975.0
12814.0,6423.0,8975.0
12814.0,6423.0,8975.0
12814.0,6457.0,8975.0
12814.0,6457.0,8975.0
12814.0,6491.0,8975.0
12814.0,6491.0,8975.0
12814.0,6526.0,8975.0
12814.0,6526.0,8975.0
12814.0,6560.0,8975.0
12814.0,6560.0,8975.0
12814.0,6595.0,8975.0
12814.0,6595.0,8975.0
12814.0,6629.0,8975.0
12814.0,6629.0,8975.0
12814.0,6663.0,8975.0
12814.0,6663.0,8975.0
12814.0,6697.0,8975.0
12814.0,6697.0,8975.0
12814.0,6731.0,8975.0
12814.0,6731.0,8975.0
12814.0,6765.0,8975.0
12814.0,6765.0,8975.0
12814.0,6799.0,8975.0
12814.0,6799.0,8975.0
12814.0,6834.0,8975.0
12814.0,6834.0,8975.0
12814.0,6868.0,8975.0
12814.0,6868.0,8975.0
12814.0,6902.0,8975.0
12814.0,6902.0,8975.0
12814.0,6936.0,8975.0
12814.0,6936.0,8975.0
12814.0,6971.0,8975.0
12814.0,6971.0,8975.0
12814.0,7005.0,8975.0
12814.0,7005.0,8975.0
12814.0,7039.0,8975.0
12814.0,7039.0,8975.0
12814.0,7073.0,8975.0
12814.0,7073.0,8975.0
12814.0,7107.0,8975.0
12814.0,7107.0,8975.0
12814.0,7141.0,8975.0
12814.0,7141.0,8975.0
12814.0,7176.0,8975.0
12814.0,7176.0,8975.0
12814.0,7209.0,8975.0
12814.0,7209.0,8975.0
12814.0,7244.0,8975.0
12814.0,7244.0,8975.0
12814.0,7269.0,8975.0
12814.0,7269.0,8975.0
12814.0,7268.0,8975.0
12814.0,7268.0,8975.0
12814.0,7268.0,8975.0
12814.0,7268.0,8975.0
12814.0,7268.0,8975.0
12814.0,7268.0,8975.0
12814.0,7254.0,8975.0
12814.0,7254.0,8975.0
12814.0,7222.0,8975.0
12814.0,7222.0,8975.0
12814.0,7188.0,8975.0
12814.0,7188.0,8975.0
12814.0,7169.0,8975.0
12814.0,7169.0,8975.0
12814.0,7168.0,8975.0
12814.0,7168.0,8975.0
12814.0,7168.0,8975.0
12814.0,7168.0,8975.0
12814.0,7168.0,8975.0
12814.0,7168.0,8975.0
12814.0,7174.0,8975.0
12814.0,7174.0,8975.0
12814.0,7191.0,8975.0
12814.0,7191.0,8975.0
12814.0,7208.0,8975.0
12814.0,7208.0,8975.0
12814.0,7225.0,8975.0
12814.0,7225.0,8975.0
12814.0,7242.0,8975.0
12814.0,7242.0,8975.0
12814.0,7259.0,8975.0
12814.0,7259.0,8975.0
12814.0,7266.0,8975.0
12813.0,7266.0,8976.0
12813.0,7264.0,8976.0
12812.0,7264.0,8976.0
12812.0,7264.0,8976.0
12812.0,7264.0,2729.0
12818.0,7264.0,2729.0
12818.0,7266.0,2729.0
12818.0,7266.0,2729.0
12818.0,7266.0,2729.0
12818.0,7266.0,2729.0
12818.0,7266.0,2729.0
12818.0,7266.0,2729.0
12818.0,7266.0,2729.0
12818.0,7266.0,2729.0
12818.0,7266.0,2729.0
12818.0,7266.0,2729.0
12818.0,7266.0,2729.0
12818.0,7266.0,2729.0
12818.0,7266.0,2729.0
12818.0,7266.0,2729.0
12818.0,7266.0,2729.0
12818.0,7266.0,2729.0
12818.0,7266.0,2729.0
12818.0,7266.0,2729.0
12818.0,7266.0,2729.0
12818.0,7266.0,2729.0
12818.0,7266.0,2729.0
12818.0,7266.0,2729.0
12818.0,7266.0,2729.0
12818.0,7266.0,2729.0
12818.0,7266.0,2729.0
12818.0,7266.0,2729.0
12817.0,7266.0,2729.0
12817.0,7266.0,2729.0
12817.0,7266.0,2729.0
12817.0,7266.0,2729.0
12817.0,7266.0,2729.0
12817.0,7266.0,2729.0
12817.0,7266.0,2729.0
12817.0,7266.0,2729.0
12817.0,7266.0,2729.0
12817.0,7266.0,2729.0
12817.0,7266.0,2729.0
12817.0,7266.0,2729.0
12817.0,7266.0,2729.0
12817.0,7266.0,2729.0
12817.0,7266.0,2729.0
12817.0,7266.0,2729.0
12817.0,7266.0,2729.0
12817.0,7266.0,2729.0
12817.0,7266.0,2729.0
12817.0,7266.0,2729.0
12817.0,7266.0,2729.0
12817.0,7266.0,2729.0
12817.0,7266.0,2729.0
12817.0,7266.0,2729.0
12817.0,7266.0,2729.0
12817.0,7266.0,2729.0
12817.0,7266.0,2729.0
12817.0,7266.0,2729.0
12817.0,7266.0,2729.0
12817.0,7266.0,2729.0
12817.0,7266.0,2729.0
12817.0,7266.0,2729.0
12817.0,7266.0,2729.0
12817.0,7266.0,2729.0
12817.0,7266.0,2729.0
12817.0,7266.0,2729.0
12817.0,7266.0,2729.0
12817.0,7266.0,2729.0
12817.0,7266.0,2729.0
12817.0,7266.0,2729.0
12817.0,7266.0,2729.0
12817.0,7266.0,2729.0
12817.0,7266.0,2729.0
12817.0,7266.0,2729.0
12817.0,7266.0,2729.0
12817.0,7266.0,2729.0
12817.0,7266.0,2729.0
12817.0,7266.0,2729.0
12817.0,7266.0,2729.0
12817.0,7266.0,2729.0
12817.0,7266.0,2729.0
12817.0,7266.0,2729.0
12817.0,7266.0,2729.0
12817.0,7266.0,2729.0
12817.0,7266.0,2729.0
12817.0,7266.0,2729.0
12817.0,7266.0,2729.0
12817.0,7266.0,2729.0
12817.0,7266.0,2729.0
12817.0,7266.0,2729.0
12817.0,7266.0,2729.0
12817.0,7266.0,2729.0
12817.0,7266.0,2729.0
12817.0,7266.0,2729.0
12817.0,7266.0,2729.0
12817.0,7266.0,2729.0
12817.0,7266.0,2729.0
12817.0,7266.0,2729.0
12817.0,7266.0,2729.0
12817.0,7266.0,2729.0
12817.0,7266.0,2729.0
12817.0,7266.0,2729.0
12817.0,7266.0,2729.0
12817.0,7266.0,2729.0
12817.0,7266.0,2729.0
12817.0,7266.0,2729.0
12817.0,7266.0,2729.0
12817.0,7266.0,2729.0
12817.0,7266.0,2729.0
12817.0,7266.0,2729.0
12817.0,7266.0,2729.0
12817.0,7266.0,2729.0
12817.0,7266.0,2729.0
12817.0,7266.0,2729.0
12817.0,7266.0,2729.0
12817.0,7266.0,2729.0
12817.0,7266.0,2729.0
12817.0,7266.0,2729.0
12817.0,7266.0,2729.0
12817.0,7266.0,2729.0
12817.0,7266.0,2729.0
12817.0,7266.0,2729.0
12817.0,7266.0,2729.0
12817.0,7266.0,2729.0
12817.0,7266.0,2729.0
12817.0,7266.0,2729.0
12817.0,7266.0,2729.0
12817.0,7266.0,2729.0
12817.0,7266.0,2729.0
12817.0,7266.0,2729.0
12817.0,7266.0,2729.0
12817.0,7266.0,2729.0
12817.0,7266.0,2729.0
12817.0,7266.0,2729.0
12817.0,7266.0,2729.0
12817.0,7266.0,2729.0
12817.0,7266.0,2729.0
12817.0,7266.0,2729.0
12817.0,7266.0,2729.0
12817.0,7266.0,2729.0
12817.0,7266.0,2729.0
12817.0,7266.0,2729.0
12817.0,7266.0,2729.0
12817.0,7266.0,2729.0
12817.0,7266.0,2729.0
12817.0,7266.0,2729.0
12817.0,7266.0,2729.0
12817.0,7266.0,2729.0
12817.0,7266.0,2729.0
12817.0,7266.0,2729.0
12817.0,7266.0,2729.0
12817.0,7266.0,2729.0
12817.0,7266.0,2729.0
12817.0,7266.0,2729.0
12817.0,7266.0,2729.0
12817.0,7266.0,2729.0
12817.0,7266.0,2729.0
12817.0,7266.0,2729.0
12817.0,7266.0,2729.0
12817.0,7266.0,2729.0
12817.0,7266.0,2729.0
12817.0,7266.0,2729.0
12817.0,7266.0,2729.0
12817.0,7266.0,2729.0
12817.0,7266.0,2729.0
12817.0,7266.0,2729.0
12817.0,7266.0,2729.0
12817.0,7266.0,2729.0
12817.0,7266.0,2729.0
12817.0,7266.0,2729.0
12817.0,7266.0,2729.0
12817.0,7266.0,2729.0
12817.0,7266.0,2729.0
12817.0,7266.0,2729.0
12817.0,7266.0,2729.0
12817.0,7266.0,2729.0
12817.0,7266.0,2729.0
12817.0,7266.0,2729.0
12817.0,7266.0,2729.0
12817.0,7266.0,2729.0
12817.0,7266.0,2729.0
12817.0,7266.0,2729.0
12817.0,7266.0,2729.0
12817.0,7266.0,2729.0
12817.0,7266.0,2729.0
12817.0,7266.0,2729.0
12817.0,7266.0,2729.0
12817.0,7266.0,2729.0
12817.0,7266.0,2729.0
12817.0,7266.0,2729.0
12817.0,7266.0,2729.0
12817.0,7266.0,2729.0
12817.0,7266.0,2729.0
12817.0,7266.0,2729.0
12817.0,7266.0,2729.0
12817.0,7266.0,2729.0
12817.0,7266.0,2729.0
12817.0,7266.0,2729.0
12817.0,7266.0,2729.0
12817.0,7266.0,2729.0
12817.0,7266.0,2729.0
12817.0,7266.0,2729.0
12817.0,7266.0,2729.0
12817.0,7266.0,2729.0
12817.0,7266.0,2729.0
12817.0,7266.0,2729.0
12817.0,7266.0,2729.0
12817.0,7266.0,2729.0
12817.0,7266.0,2729.0
12817.0,7266.0,2729.0
12817.0,7266.0,2729.0
12817.0,7266.0,2729.0
12817.0,7266.0,2729.0
12817.0,7266.0,2729.0
12817.0,7266.0,2729.0
12817.0,7266.0,2729.0
12817.0,7266.0,2729.0
12817.0,7266.0,2729.0
12817.0,7266.0,2729.0
12817.0,7266.0,2729.0
12817.0,7266.0,2729.0
12817.0,7266.0,2729.0
12817.0,7266.0,2729.0
12817.0,7266.0,2729.0
12817.0,7266.0,2729.0
12817.0,7266.0,2729.0
12817.0,7266.0,2729.0
12817.0,7266.0,2729.0
12817.0,7266.0,2729.0
12817.0,7266.0,2729.0
12817.0,7266.0,2729.0
12817.0,7266.0,2729.0
12817.0,7266.0,2729.0
12817.0,7266.0,2729.0
12817.0,7266.0,2729.0
12817.0,7266.0,2729.0
12817.0,7266.0,2729.0
12817.0,7266.0,2729.0
12817.0,7266.0,2729.0
12817.0,7266.0,2729.0
12817.0,7266.0,2729.0
12817.0,7266.0,2729.0
12817.0,7266.0,2729.0
12817.0,7266.0,2729.0
12817.0,7266.0,2729.0
12817.0,7266.0,2729.0
12817.0,7266.0,2729.0
12817.0,7266.0,2729.0
12817.0,7266.0,2729.0
12817.0,7266.0,2729.0
12817.0,7266.0,2729.0
12817.0,7266.0,2729.0
12817.0,7266.0,2729.0
12817.0,7266.0,2729.0
12817.0,7266.0,2729.0
12817.0,7266.0,2729.0
12817.0,7266.0,2729.0
12817.0,7266.0,2729.0
12817.0,7266.0,2729.0
12817.0,7266.0,2729.0
12817.0,7266.0,2729.0
12817.0,7266.0,2729.0
12817.0,7266.0,2729.0
12817.0,7266.0,2729.0
12817.0,7266.0,2729.0
12817.0,7266.0,2729.0
12817.0,7266.0,2729.0
12817.0,7266.0,2729.0
12817.0,7266.0,2729.0
12817.0,7266.0,2729.0
12817.0,7266.0,2729.0
12817.0,7266.0,2729.0
12817.0,7266.0,2729.0
12817.0,7266.0,2729.0
12817.0,7266.0,2729.0
12817.0,7266.0,2729.0
12817.0,7266.0,2729.0
12817.0,7266.0,2729.0
12817.0,7266.0,2729.0
12817.0,7266.0,2729.0
12817.0,7266.0,2729.0
12817.0,7266.0,2729.0
12817.0,7266.0,2729.0
12817.0,7266.0,2729.0
12817.0,7266.0,2729.0
12817.0,7266.0,2729.0
12817.0,7266.0,2729.0
12817.0,7266.0,2729.0
12817.0,7266.0,2729.0
12817.0,7266.0,2729.0
12817.0,7266.0,2729.0
12817.0,7266.0,2729.0
12817.0,7266.0,2729.0
12817.0,7266.0,2729.0
12817.0,7266.0,2729.0
12817.0,7266.0,2729.0
12817.0,7266.0,2729.0
12817.0,7266.0,2729.0
12817.0,7266.0,2729.0
12817.0,7266.0,2729.0
12817.0,7266.0,2729.0
12817.0,7266.0,2729.0
12817.0,7266.0,2729.0
12817.0,7266.0,2729.0
12817.0,7266.0,2729.0
12817.0,7266.0,2729.0
12817.0,7266.0,2729.0
12817.0,7266.0,2729.0
12817.0,7266.0,2729.0
12817.0,7266.0,2729.0
12817.0,7266.0,2729.0
12817.0,7266.0,2729.0
12817.0,7266.0,2729.0
12817.0,7266.0,2729.0
12817.0,7266.0,2729.0
12817.0,7266.0,2729.0
12817.0,7266.0,2729.0
12817.0,7266.0,2729.0
12817.0,7266.0,2729.0
12817.0,7266.0,2729.0
12817.0,7266.0,2729.0
12817.0,7266.0,2729.0
12817.0,7266.0,2729.0
12817.0,7266.0,2729.0
12817.0,7266.0,2729.0
12817.0,7266.0,2729.0
12817.0,7266.0,2729.0
12817.0,7266.0,2729.0
12817.0,7266.0,2729.0
12817.0,7266.0,2729.0
12817.0,7266.0,2729.0
12817.0,7266.0,2729.0
12817.0,7266.0,2729.0
12817.0,7266.0,2729.0
12817.0,7266.0,2729.0
12817.0,7266.0,2729.0
12817.0,7266.0,2729.0
12817.0,7266.0,2729.0
12817.0,7266.0,2729.0
12817.0,7266.0,2729.0
12817.0,7266.0,2729.0
12817.0,7266.0,2729.0
12817.0,7266.0,2729.0
12817.0,7266.0,2729.0
12817.0,7266.0,2729.0
12817.0,7266.0,2729.0
12817.0,7266.0,2729.0
12817.0,7266.0,2729.0
12817.0,7266.0,2729.0
12817.0,7266.0,2729.0
12817.0,7266.0,2729.0
12817.0,7266.0,2729.0
12817.0,7266.0,2729.0
12817.0,7266.0,2729.0
12817.0,7266.0,2729.0
12817.0,7266.0,2729.0
12817.0,7266.0,2729.0
12817.0,7266.0,2729.0
12817.0,7266.0,2729.0
12817.0,7266.0,2729.0
12817.0,7266.0,2729.0
12817.0,7266.0,2729.0
12817.0,7266.0,2729.0
12817.0,7266.0,2729.0
12817.0,7266.0,2729.0
12817.0,7266.0,2729.0
12817.0,7266.0,2729.0
12817.0,7266.0,2729.0
12817.0,7266.0,2729.0
12817.0,7266.0,2729.0
12817.0,7266.0,2729.0
12817.0,7266.0,2729.0
12817.0,7266.0,2729.0
12817.0,7266.0,2729.0
12817.0,7266.0,2729.0
12817.0,7266.0,2729.0
12817.0,7266.0,2729.0
12817.0,7266.0,2729.0
12817.0,7266.0,2729.0
12817.0,7266.0,2729.0
12817.0,7266.0,2729.0
12817.0,7266.0,2729.0
12817.0,7266.0,2729.0
12817.0,7266.0,2729.0
12817.0,7266.0,2729.0
12817.0,7266.0,2729.0
12817.0,7266.0,2729.0
12817.0,7266.0,2729.0
12817.0,7266.0,2729.0
12817.0,7266.0,2729.0
12817.0,7266.0,2729.0
12817.0,7266.0,2729.0
12817.0,7266.0,2729.0
12817.0,7266.0,2729.0
12817.0,7266.0,2729.0
12817.0,7266.0,2729.0
12817.0,7266.0,2729.0
12817.0,7266.0,2729.0
12817.0,7266.0,2729.0
12817.0,7266.0,2729.0
12817.0,7266.0,2729.0
12817.0,7266.0,2729.0
12817.0,7266.0,2729.0
12817.0,7266.0,2729.0
12817.0,7266.0,2729.0
12817.0,7266.0,2729.0
12817.0,7266.0,2729.0
12817.0,7266.0,2729.0
12817.0,7266.0,2729.0
12817.0,7266.0,2729.0
12817.0,7266.0,2729.0
12817.0,7266.0,2729.0
12817.0,7266.0,2729.0
12817.0,7266.0,2729.0
12817.0,7266.0,2729.0
12817.0,7266.0,2729.0
12817.0,7266.0,2729.0
12817.0,7266.0,2729.0
12817.0,7266.0,2729.0
12817.0,7266.0,2729.0
12817.0,7266.0,2729.0
12817.0,7266.0,2729.0
12817.0,7266.0,2729.0
12817.0,7266.0,2729.0
12817.0,7266.0,2729.0
12817.0,7266.0,2729.0
12817.0,7266.0,2729.0
12817.0,7266.0,2729.0
12817.0,7266.0,2729.0
12817.0,7266.0,2729.0
12817.0,7266.0,2729.0
12817.0,7266.0,2729.0
12817.0,7266.0,2729.0
12817.0,7266.0,2729.0
12817.0,7266.0,2729.0
12817.0,7266.0,2729.0
12817.0,7266.0,2729.0
12817.0,7266.0,2729.0
12817.0,7266.0,2729.0
12817.0,7266.0,2729.0
12817.0,7266.0,2729.0
12817.0,7266.0,2729.0
12817.0,7266.0,2729.0
12817.0,7266.0,2729.0
12817.0,7266.0,2729.0
12817.0,7266.0,2729.0
12817.0,7266.0,2729.0
12817.0,7266.0,2729.0
12817.0,7266.0,2729.0
12817.0,7266.0,2729.0
12817.0,7266.0,2729.0
12817.0,7266.0,2729.0
12817.0,7266.0,2729.0
12817.0,7266.0,2729.0
12817.0,7266.0,2729.0
12817.0,7266.0,2729.0
12817.0,7266.0,2729.0
12817.0,7266.0,2729.0
12817.0,7266.0,2729.0
12817.0,7266.0,2729.0
12817.0,7266.0,2729.0
12817.0,7266.0,2729.0
12817.0,7266.0,2729.0
12817.0,7266.0,2729.0
12817.0,7266.0,2729.0
12817.0,7266.0,2729.0
12817.0,7266.0,2729.0
12817.0,7266.0,2729.0
12817.0,7266.0,2729.0
12817.0,7266.0,2729.0
12817.0,7266.0,2729.0
12817.0,7266.0,2729.0
12817.0,7266.0,2729.0
12817.0,7266.0,2729.0
12817.0,7266.0,2729.0
12817.0,7266.0,2729.0
12817.0,7266.0,2729.0
12817.0,7266.0,2729.0
12817.0,7266.0,2729.0
12817.0,7266.0,2729.0
12817.0,7266.0,2729.0
12817.0,7266.0,2729.0
12817.0,7266.0,2729.0
12817.0,7266.0,2729.0
12817.0,7266.0,2729.0
12817.0,7266.0,2729.0
12817.0,7266.0,2729.0
12817.0,7266.0,2729.0
12817.0,7266.0,2729.0
12817.0,7266.0,2729.0
12817.0,7266.0,2729.0
12817.0,7266.0,2729.0
12817.0,7266.0,2729.0
12817.0,7266.0,2729.0
12817.0,7266.0,2729.0
12817.0,7266.0,2729.0
12817.0,7266.0,2729.0
12817.0,7266.0,2729.0
12817.0,7266.0,2729.0
12817.0,7266.0,2729.0
12817.0,7266.0,2729.0
12817.0,7266.0,2729.0
12817.0,7266.0,2729.0
12817.0,7266.0,2729.0
12817.0,7266.0,2729.0
12817.0,7266.0,2729.0
12817.0,7266.0,2729.0
12817.0,7266.0,2729.0
12817.0,7266.0,2729.0
12817.0,7266.0,2729.0
12817.0,7266.0,2729.0
12817.0,7266.0,2729.0
12817.0,7266.0,2729.0
12817.0,7266.0,2729.0
12817.0,7266.0,2729.0
12817.0,7266.0,2729.0
12817.0,7266.0,2729.0
12817.0,7266.0,2729.0
12817.0,7266.0,2729.0
12817.0,7266.0,2729.0
12817.0,7266.0,2729.0
12817.0,7266.0,2729.0
12817.0,7266.0,2729.0
12817.0,7266.0,2729.0
12817.0,7266.0,2729.0
12817.0,7266.0,2729.0
12817.0,7266.0,2729.0
12817.0,7266.0,2729.0
12817.0,7266.0,2729.0
12817.0,7266.0,2729.0
12817.0,7266.0,2729.0
12817.0,7266.0,2729.0
12817.0,7266.0,2729.0
12817.0,7266.0,2729.0
12817.0,7266.0,2729.0
12817.0,7266.0,2729.0
12817.0,7266.0,2729.0
12817.0,7266.0,2729.0
12817.0,7266.0,2729.0
12817.0,7266.0,2729.0
12817.0,7266.0,2729.0
12817.0,7266.0,2729.0
12817.0,7266.0,2729.0
12817.0,7266.0,2729.0
12817.0,7266.0,2729.0
12817.0,7266.0,2729.0
12817.0,7266.0,2729.0
12817.0,7266.0,2729.0
12817.0,7266.0,2729.0
12817.0,7266.0,2729.0
12817.0,7266.0,2729.0
12817.0,7266.0,2729.0
12817.0,7266.0,2729.0
12817.0,7266.0,2729.0
12817.0,7266.0,2729.0
12817.0,7266.0,2729.0
12817.0,7266.0,2729.0
12817.0,7266.0,2729.0
12817.0,7266.0,2729.0
12817.0,7266.0,2729.0
12817.0,7266.0,2729.0
12817.0,7266.0,2729.0
12817.0,7266.0,2729.0
12817.0,7266.0,2729.0
12817.0,7266.0,2729.0
12817.0,7266.0,2729.0
12817.0,7266.0,2729.0
12817.0,7266.0,2729.0
12817.0,7266.0,2729.0
12817.0,7266.0,2729.0
12817.0,7266.0,2729.0
12817.0,7266.0,2729.0
12817.0,7266.0,2729.0
12817.0,7266.0,2729.0
12817.0,7266.0,2729.0
12817.0,7266.0,2729.0
12817.0,7266.0,2729.0
12817.0,7266.0,2729.0
12817.0,7266.0,2729.0
12817.0,7266.0,2729.0
12817.0,7266.0,2729.0
12817.0,7266.0,2729.0
12817.0,7266.0,2729.0
12817.0,7266.0,2729.0
12817.0,7266.0,2729.0
12817.0,7266.0,2729.0
12817.0,7266.0,2729.0
12817.0,7266.0,2729.0
12817.0,7266.0,2729.0
12817.0,7266.0,2729.0
12817.0,7266.0,2729.0
12817.0,7266.0,2729.0
12817.0,7266.0,2729.0
12817.0,7266.0,2729.0
12817.0,7266.0,2729.0
12817.0,7266.0,2729.0
12817.0,7266.0,2729.0
12817.0,7266.0,2729.0
12817.0,7266.0,2729.0
12817.0,7266.0,2729.0
12817.0,7266.0,2729.0
12817.0,7266.0,2729.0
12817.0,7266.0,2729.0
12817.0,7266.0,2729.0
12817.0,7266.0,2729.0
12817.0,7266.0,2729.0
12817.0,7266.0,2729.0
12817.0,7266.0,2729.0
12817.0,7266.0,2729.0
12817.0,7266.0,2729.0
12817.0,7266.0,2729.0
12817.0,7266.0,2729.0
12817.0,7266.0,2729.0
12817.0,7266.0,2729.0
12817.0,7266.0,2729.0
12817.0,7266.0,2729.0
12817.0,7266.0,2729.0
12817.0,7266.0,2729.0
12817.0,7266.0,2729.0
12817.0,7266.0,2729.0
12817.0,7266.0,2729.0
12817.0,7266.0,2729.0
12817.0,7266.0,2729.0
12817.0,7266.0,2729.0
12817.0,7266.0,2729.0
12817.0,7266.0,2729.0
12817.0,7266.0,2729.0
12817.0,7266.0,2729.0
12817.0,7266.0,2729.0
12817.0,7266.0,2729.0
12817.0,7266.0,2729.0
12817.0,7266.0,2729.0
12817.0,7266.0,2729.0
12817.0,7266.0,2729.0
12817.0,7266.0,2729.0
12817.0,7266.0,2729.0
12817.0,7266.0,2729.0
12817.0,7266.0,2729.0
12817.0,7266.0,2729.0
12817.0,7266.0,2729.0
12817.0,7266.0,2729.0
12817.0,7266.0,2729.0
12817.0,7266.0,2729.0
12817.0,7266.0,2729.0
12817.0,7266.0,2729.0
12817.0,7266.0,2729.0
12817.0,7266.0,2729.0
12817.0,7266.0,2729.0
12817.0,7266.0,2729.0
12817.0,7266.0,2729.0
12817.0,7266.0,2729.0
12817.0,7266.0,2729.0
12817.0,7266.0,2729.0
12817.0,7266.0,2729.0
12817.0,7266.0,2729.0
12817.0,7266.0,2729.0
12817.0,7266.0,2729.0
12817.0,7266.0,2729.0
12817.0,7266.0,2729.0
12817.0,7266.0,2729.0
12817.0,7266.0,2729.0
12817.0,7266.0,2729.0
12817.0,7266.0,2729.0
12817.0,7266.0,2729.0
12817.0,7266.0,2729.0
12817.0,7266.0,2729.0
12817.0,7266.0,2729.0
12817.0,7266.0,2729.0
12817.0,7266.0,2729.0
12817.0,7266.0,2729.0
12817.0,7266.0,2729.0
12817.0,7266.0,2729.0
12817.0,7266.0,2729.0
12817.0,7266.0,2729.0
12817.0,7266.0,2729.0
12817.0,7266.0,2729.0
12817.0,7266.0,2729.0
12817.0,7266.0,2729.0
12817.0,7266.0,2729.0
12817.0,7266.0,2729.0
12817.0,7266.0,2729.0
12817.0,7266.0,2729.0
12817.0,7266.0,2729.0
12817.0,7266.0,2729.0
12817.0,7266.0,2729.0
12817.0,7266.0,2729.0
12817.0,7266.0,2729.0
12817.0,7266.0,2729.0
12817.0,7266.0,2729.0
12817.0,7266.0,2729.0
12817.0,7266.0,2729.0
12817.0,7266.0,2729.0
12817.0,7266.0,2729.0
12817.0,7266.0,2729.0
12817.0,7266.0,2729.0
12817.0,7266.0,2729.0
12817.0,7266.0,2729.0
12817.0,7266.0,2729.0
12817.0,7266.0,2729.0
12817.0,7266.0,2729.0
12817.0,7266.0,2729.0
12817.0,7266.0,2729.0
12817.0,7266.0,2729.0
12817.0,7266.0,2729.0
12817.0,7266.0,2729.0
12817.0,7266.0,2729.0
12817.0,7266.0,2729.0
12817.0,7266.0,2729.0
12817.0,7266.0,2729.0
12817.0,7266.0,2729.0
12817.0,7266.0,2729.0
12817.0,7266.0,2729.0
12817.0,7266.0,2729.0
12817.0,7266.0,2729.0
12817.0,7266.0,2729.0
12817.0,7266.0,2729.0
12817.0,7266.0,2729.0
12817.0,7266.0,2729.0
12817.0,7266.0,2729.0
12817.0,7266.0,2729.0
12817.0,7266.0,2729.0
12817.0,7266.0,2729.0
12817.0,7266.0,2729.0
12817.0,7266.0,2729.0
12817.0,7266.0,2729.0
12817.0,7266.0,2729.0
12817.0,7266.0,2729.0
12817.0,7266.0,2729.0
12817.0,7266.0,2729.0
12817.0,7266.0,2729.0
12817.0,7266.0,2729.0
12817.0,7266.0,2729.0
12817.0,7266.0,2729.0
12817.0,7266.0,2729.0
12817.0,7266.0,2729.0
12817.0,7266.0,2729.0
12817.0,7266.0,2729.0
12817.0,7266.0,2729.0
12817.0,7266.0,2729.0
12817.0,7266.0,2729.0
12817.0,7266.0,2729.0
12817.0,7266.0,2729.0
12817.0,7266.0,2729.0
12817.0,7266.0,2729.0
12817.0,7266.0,2729.0
12817.0,7266.0,2729.0
12817.0,7266.0,2729.0
12817.0,7266.0,2729.0
12817.0,7266.0,2729.0
12817.0,7266.0,2729.0
12817.0,7266.0,2729.0
12817.0,7266.0,2729.0
12817.0,7266.0,2729.0
12817.0,7266.0,2729.0
12817.0,7266.0,2729.0
12817.0,7266.0,2729.0
12817.0,7266.0,2729.0
12817.0,7266.0,2729.0
12817.0,7266.0,2729.0
12817.0,7266.0,2729.0
12817.0,7266.0,2729.0
12817.0,7266.0,2729.0
12817.0,7266.0,2729.0
12817.0,7266.0,2729.0
12817.0,7266.0,2729.0
12817.0,7266.0,2729.0
12817.0,7266.0,2729.0
12817.0,7266.0,2729.0
12817.0,7266.0,2729.0
12817.0,7266.0,2729.0
12817.0,7266.0,2729.0
12817.0,7266.0,2729.0
12817.0,7266.0,2729.0
12817.0,7266.0,2729.0
12817.0,7266.0,2729.0
12817.0,7266.0,2729.0
12817.0,7266.0,2729.0
12817.0,7266.0,2729.0
12817.0,7266.0,2729.0
12817.0,7266.0,2729.0
12817.0,7266.0,2729.0
12817.0,7266.0,2729.0
12817.0,7266.0,2729.0
12817.0,7266.0,2729.0
12817.0,7266.0,2729.0
12817.0,7266.0,2729.0
12817.0,7266.0,2729.0
12817.0,7266.0,2729.0
12817.0,7266.0,2729.0
12817.0,7266.0,2729.0
12817.0,7266.0,2729.0
12817.0,7266.0,2729.0
12817.0,7266.0,2729.0
12817.0,7266.0,2729.0
12817.0,7266.0,2729.0
12817.0,7266.0,2729.0
12817.0,7266.0,2729.0
12817.0,7266.0,2729.0
12817.0,7266.0,2729.0
12817.0,7266.0,2729.0
12817.0,7266.0,2729.0
12817.0,7266.0,2729.0
12817.0,7266.0,2729.0
12817.0,7266.0,2729.0
12817.0,7266.0,2729.0
12817.0,7266.0,2729.0
12817.0,7266.0,2729.0
12817.0,7266.0,2729.0
12817.0,7266.0,2729.0
12817.0,7266.0,2729.0
12817.0,7266.0,2729.0
12817.0,7266.0,2729.0
12817.0,7266.0,2729.0
12817.0,7266.0,2729.0
12817.0,7266.0,2729.0
12817.0,7266.0,2729.0
12817.0,7266.0,2729.0
12817.0,7266.0,2729.0
12817.0,7266.0,2729.0
12817.0,7266.0,2729.0
12817.0,7266.0,2729.0
12817.0,7266.0,2729.0
12817.0,7266.0,2729.0
12817.0,7266.0,2729.0
12817.0,7266.0,2729.0
12817.0,7266.0,2729.0
12817.0,7266.0,2729.0
12817.0,7266.0,2729.0
12817.0,7266.0,2729.0
12817.0,7266.0,2729.0
12817.0,7266.0,2729.0
12817.0,7266.0,2729.0
12817.0,7266.0,2729.0
12817.0,7266.0,2729.0
12817.0,7266.0,2729.0
12817.0,7266.0,2729.0
12817.0,7266.0,2729.0
12817.0,7266.0,2729.0
12817.0,7266.0,2729.0
12817.0,7266.0,2729.0
12817.0,7266.0,2729.0
12817.0,7266.0,2729.0
12817.0,7266.0,2729.0
12817.0,7266.0,2729.0
12817.0,7266.0,2729.0
12817.0,7266.0,2729.0
12817.0,7266.0,2729.0
12817.0,7266.0,2729.0
12817.0,7266.0,2729.0
12817.0,7266.0,2729.0
12817.0,7266.0,2729.0
12817.0,7266.0,2729.0
12817.0,7266.0,2729.0
12817.0,7266.0,2729.0
12817.0,7266.0,2729.0
12817.0,7266.0,2729.0
12817.0,7266.0,2729.0
12817.0,7266.0,2729.0
12817.0,7266.0,2729.0
12817.0,7266.0,2729.0
12817.0,7266.0,2729.0
12817.0,7266.0,2729.0
12817.0,7266.0,2729.0
12817.0,7266.0,2729.0
12817.0,7266.0,2729.0
12817.0,7266.0,2729.0
12817.0,7266.0,2729.0
12817.0,7266.0,2729.0
12817.0,7266.0,2729.0
12817.0,7266.0,2729.0
12817.0,7266.0,2729.0
12817.0,7266.0,2729.0
12817.0,7266.0,2729.0
12817.0,7266.0,2729.0
12817.0,7266.0,2729.0
12817.0,7266.0,2729.0
12817.0,7266.0,2729.0
12817.0,7266.0,2729.0
12817.0,7266.0,2729.0
12817.0,7266.0,2729.0
12817.0,7266.0,2729.0
12817.0,7266.0,2729.0
12817.0,7266.0,2729.0
12817.0,7266.0,2729.0
12817.0,7266.0,2729.0
12817.0,7266.0,2729.0
12817.0,7266.0,2729.0
12817.0,7266.0,2729.0
12817.0,7266.0,2729.0
12817.0,7266.0,2729.0
12817.0,7266.0,2729.0
12817.0,7266.0,2729.0
12817.0,7266.0,2729.0
12817.0,7266.0,2729.0
12817.0,7266.0,2729.0
12817.0,7266.0,2729.0
12817.0,7266.0,2729.0
12817.0,7266.0,2729.0
12817.0,7266.0,2729.0
12817.0,7266.0,2729.0
12817.0,7266.0,2729.0
12817.0,7266.0,2729.0
12817.0,7266.0,2729.0
12817.0,7266.0,2729.0
12817.0,7266.0,2729.0
12817.0,7266.0,2729.0
12817.0,7266.0,2729.0
12817.0,7266.0,2729.0
12817.0,7266.0,2729.0
12817.0,7266.0,2729.0
12817.0,7266.0,2729.0
12817.0,7266.0,2729.0
12817.0,7266.0,2729.0
12817.0,7266.0,2729.0
12817.0,7266.0,2729.0
12817.0,7266.0,2729.0
12817.0,7266.0,2729.0
12817.0,7266.0,2729.0
12817.0,7266.0,2729.0
12817.0,7266.0,2729.0
12817.0,7266.0,2729.0
12817.0,7266.0,2729.0
12817.0,7266.0,2729.0
12817.0,7266.0,2729.0
12817.0,7266.0,2729.0
12817.0,7266.0,2729.0
12817.0,7266.0,2729.0
12817.0,7266.0,2729.0
12817.0,7266.0,2729.0
12817.0,7266.0,2729.0
12817.0,7266.0,2729.0
12817.0,7266.0,2729.0
12817.0,7266.0,2729.0
12817.0,7266.0,2729.0
12817.0,7266.0,2729.0
12817.0,7266.0,2729.0
12817.0,7266.0,2729.0
12817.0,7266.0,2729.0
12817.0,7266.0,2729.0
12817.0,7266.0,2729.0
12817.0,7266.0,2729.0
12817.0,7266.0,2729.0
12817.0,7266.0,2729.0
12817.0,7266.0,2729.0
12817.0,7266.0,2729.0
12817.0,7266.0,2729.0
12817.0,7266.0,2729.0
12817.0,7266.0,2729.0
12817.0,7266.0,2729.0
12817.0,7266.0,2729.0
12817.0,7266.0,2729.0
12817.0,7266.0,2729.0
12817.0,7266.0,2729.0
12817.0,7266.0,2729.0
12817.0,7266.0,2729.0
12817.0,7266.0,2729.0
12817.0,7266.0,2729.0
12817.0,7266.0,2729.0
12817.0,7266.0,2729.0
12817.0,7266.0,2729.0
12817.0,7266.0,2729.0
12817.0,7266.0,2729.0
12817.0,7266.0,2729.0
12817.0,7266.0,2729.0
12817.0,7266.0,2729.0
12817.0,7266.0,2729.0
12817.0,7266.0,2729.0
12817.0,7266.0,2729.0
12817.0,7266.0,2729.0
12817.0,7266.0,2729.0
12817.0,7266.0,2729.0
12817.0,7266.0,2729.0
12817.0,7266.0,2729.0
12817.0,7266.0,2729.0
12817.0,7266.0,2729.0
12817.0,7266.0,2729.0
12817.0,7266.0,2729.0
12817.0,7266.0,2729.0
12817.0,7266.0,2729.0
12817.0,7266.0,2729.0
12817.0,7266.0,2729.0
12817.0,7266.0,2729.0
12817.0,7266.0,2729.0
12817.0,7266.0,2729.0
12817.0,7266.0,2729.0
12817.0,7266.0,2729.0
12817.0,7266.0,2729.0
12817.0,7266.0,2729.0
12817.0,7266.0,2729.0
12817.0,7266.0,2729.0
12817.0,7266.0,2729.0
12817.0,7266.0,2729.0
12817.0,7266.0,2729.0
12817.0,7266.0,2729.0
12817.0,7266.0,2729.0
12817.0,7266.0,2729.0
12817.0,7266.0,2729.0
12817.0,7266.0,2729.0
12817.0,7266.0,2729.0
12817.0,7266.0,2729.0
12817.0,7266.0,2729.0
12817.0,7266.0,2729.0
12817.0,7266.0,2729.0
12817.0,7266.0,2729.0
12817.0,7266.0,2729.0
12817.0,7266.0,2729.0
12817.0,7266.0,2729.0
12817.0,7266.0,2729.0
12817.0,7266.0,2729.0
12817.0,7266.0,2729.0
12817.0,7266.0,2729.0
12817.0,7266.0,2729.0
12817.0,7266.0,2729.0
12817.0,7266.0,2729.0
12817.0,7266.0,2729.0
12817.0,7266.0,2729.0
12817.0,7266.0,2729.0
12817.0,7266.0,2729.0
12817.0,7266.0,2729.0
12817.0,7266.0,2729.0
12817.0,7266.0,2729.0
12817.0,7266.0,2729.0
12817.0,7266.0,2729.0
12817.0,7266.0,2729.0
12817.0,7266.0,2729.0
12817.0,7266.0,2729.0
12817.0,7266.0,2729.0
12817.0,7266.0,2729.0
12817.0,7266.0,2729.0
12817.0,7266.0,2729.0
12817.0,7266.0,2729.0
12817.0,7266.0,2729.0
12817.0,7266.0,2729.0
12817.0,7266.0,2729.0
12817.0,7266.0,2729.0
12817.0,7266.0,2729.0
12817.0,7266.0,2729.0
12817.0,7266.0,2729.0
12817.0,7266.0,2729.0
12817.0,7266.0,2729.0
12817.0,7266.0,2729.0
12817.0,7266.0,2729.0
12817.0,7266.0,2729.0
12817.0,7266.0,2729.0
12817.0,7266.0,2729.0
12817.0,7266.0,2729.0
12817.0,7266.0,2729.0
12817.0,7266.0,2729.0
12817.0,7266.0,2729.0
12817.0,7266.0,2729.0
12817.0,7266.0,2729.0
12817.0,7266.0,2729.0
12817.0,7266.0,2729.0
12817.0,7266.0,2729.0
12817.0,7266.0,2729.0
12817.0,7266.0,2729.0
12817.0,7266.0,2729.0
12817.0,7266.0,2729.0
12817.0,7266.0,2729.0
12817.0,7266.0,2729.0
12817.0,7266.0,2729.0
12817.0,7266.0,2729.0
12817.0,7266.0,2729.0
12817.0,7266.0,2729.0
12817.0,7266.0,2729.0
12817.0,7266.0,2729.0
12817.0,7266.0,2729.0
12817.0,7266.0,2729.0
12817.0,7266.0,2729.0
12817.0,7266.0,2729.0
12817.0,7266.0,2729.0
12817.0,7266.0,2729.0
12817.0,7266.0,2729.0
12817.0,7266.0,2729.0
12817.0,7266.0,2729.0
12817.0,7266.0,2729.0
12817.0,7266.0,2729.0
12817.0,7266.0,2729.0
12817.0,7266.0,2729.0
12817.0,7266.0,2729.0
12817.0,7266.0,2729.0
12817.0,7266.0,2729.0
12817.0,7266.0,2729.0
12817.0,7266.0,2729.0
12817.0,7266.0,2729.0
12817.0,7266.0,2729.0
12817.0,7266.0,2729.0
12817.0,7266.0,2729.0
12817.0,7266.0,2729.0
12817.0,7266.0,2729.0
12817.0,7266.0,2729.0
12817.0,7266.0,2729.0
12817.0,7266.0,2729.0
12817.0,7266.0,2729.0
12817.0,7266.0,2729.0
12817.0,7266.0,2729.0
12817.0,7266.0,2729.0
12817.0,7266.0,2729.0
12817.0,7266.0,2729.0
12817.0,7266.0,2729.0
12817.0,7266.0,2729.0
12817.0,7266.0,2729.0
12817.0,7266.0,2729.0
12817.0,7266.0,2729.0
12817.0,7266.0,2729.0
12817.0,7266.0,2729.0
12817.0,7266.0,2729.0
12817.0,7266.0,2729.0
12817.0,7266.0,2729.0
12817.0,7266.0,2729.0
12817.0,7266.0,2729.0
12817.0,7266.0,2729.0
12817.0,7266.0,2729.0
12817.0,7266.0,2729.0
12817.0,7266.0,2729.0
12817.0,7266.0,2729.0
12817.0,7266.0,2729.0
12817.0,7266.0,2729.0
12817.0,7266.0,2729.0
12817.0,7266.0,2729.0
12817.0,7266.0,2729.0
12817.0,7266.0,2729.0
12817.0,7266.0,2729.0
12817.0,7266.0,2729.0
12817.0,7266.0,2729.0
12817.0,7266.0,2729.0
12817.0,7266.0,2729.0
12817.0,7266.0,2729.0
12817.0,7266.0,2729.0
12817.0,7266.0,2729.0
12817.0,7266.0,2729.0
12817.0,7266.0,2729.0
12817.0,7266.0,2729.0
12817.0,7266.0,2729.0
12817.0,7266.0,2729.0
12817.0,7266.0,2729.0
12817.0,7266.0,2729.0
12817.0,7266.0,2729.0
12817.0,7266.0,2729.0
12817.0,7266.0,2729.0
12817.0,7266.0,2729.0
12817.0,7266.0,2729.0
12817.0,7266.0,2729.0
12817.0,7266.0,2729.0
12817.0,7266.0,2729.0
12817.0,7266.0,2729.0
12817.0,7266.0,2729.0
12817.0,7266.0,2729.0
12817.0,7266.0,2729.0
12817.0,7266.0,2729.0
12817.0,7266.0,2729.0
12817.0,7266.0,2729.0
12817.0,7266.0,2729.0
12817.0,7266.0,2729.0
12817.0,7266.0,2729.0
12817.0,7266.0,2729.0
12817.0,7266.0,2729.0
12817.0,7266.0,2729.0
12817.0,7266.0,2729.0
12817.0,7266.0,2729.0
12817.0,7266.0,2729.0
12817.0,7266.0,2729.0
12817.0,7266.0,2729.0
12817.0,7266.0,2729.0
12817.0,7266.0,2729.0
12817.0,7266.0,2729.0
12817.0,7266.0,2729.0
12817.0,7266.0,2729.0
12817.0,7266.0,2729.0
12817.0,7266.0,2729.0
12817.0,7266.0,2729.0
12817.0,7266.0,2729.0
12817.0,7266.0,2729.0
12817.0,7266.0,2729.0
12817.0,7266.0,2729.0
12817.0,7266.0,2729.0
12817.0,7266.0,2729.0
12817.0,7266.0,2729.0
12817.0,7266.0,2729.0
12817.0,7266.0,2729.0
12817.0,7266.0,2729.0
12817.0,7266.0,2729.0
12817.0,7266.0,2729.0
12817.0,7266.0,2729.0
12817.0,7266.0,2729.0
12817.0,7266.0,2729.0
12817.0,7266.0,2729.0
12817.0,7266.0,2729.0
12817.0,7266.0,2729.0
12817.0,7266.0,2729.0
12817.0,7266.0,2729.0
12817.0,7266.0,2729.0
12817.0,7266.0,2729.0
12817.0,7266.0,2729.0
12817.0,7266.0,2729.0
12817.0,7266.0,2729.0
12817.0,7266.0,2729.0
12817.0,7266.0,2729.0
12817.0,7266.0,2729.0
12817.0,7266.0,2729.0
12817.0,7266.0,2729.0
12817.0,7266.0,2729.0
12817.0,7266.0,2729.0
12817.0,7266.0,2729.0
12817.0,7266.0,2729.0
12817.0,7266.0,2729.0
12817.0,7266.0,2729.0
12817.0,7266.0,2729.0
12817.0,7266.0,2729.0
12817.0,7266.0,2729.0
12817.0,7266.0,2729.0
12817.0,7266.0,2729.0
12817.0,7266.0,2729.0
12817.0,7266.0,2729.0
12817.0,7266.0,2729.0
12817.0,7266.0,2729.0
12817.0,7266.0,2729.0
12817.0,7266.0,2729.0
12817.0,7266.0,2729.0
12817.0,7266.0,2729.0
12817.0,7266.0,2729.0
12817.0,7266.0,2729.0
12817.0,7266.0,2729.0
12817.0,7266.0,2729.0
12817.0,7266.0,2729.0
12817.0,7266.0,2729.0
12817.0,7266.0,2729.0
12817.0,7266.0,2729.0
12817.0,7266.0,2729.0
12817.0,7266.0,2729.0
12817.0,7266.0,2729.0
12817.0,7266.0,2729.0
12817.0,7266.0,2729.0
12817.0,7266.0,2729.0
12817.0,7266.0,2729.0
12817.0,7266.0,2729.0
12817.0,7266.0,2729.0
12817.0,7266.0,2729.0
12817.0,7266.0,2729.0
12817.0,7266.0,2729.0
12817.0,7266.0,2729.0
12817.0,7266.0,2729.0
12817.0,7266.0,2729.0
12817.0,7266.0,2729.0
12817.0,7266.0,2729.0
12817.0,7266.0,2729.0
12817.0,7266.0,2729.0
12817.0,7266.0,2729.0
12817.0,7266.0,2729.0
12817.0,7266.0,2729.0
12817.0,7266.0,2729.0
12817.0,7266.0,2729.0
12817.0,7266.0,2729.0
12817.0,7266.0,2729.0
12817.0,7266.0,2729.0
12817.0,7266.0,2729.0
12817.0,7266.0,2729.0
12817.0,7266.0,2729.0
12817.0,7266.0,2729.0
12817.0,7266.0,2729.0
12817.0,7266.0,2729.0
12817.0,7266.0,2729.0
12817.0,7266.0,2729.0
12817.0,7266.0,2729.0
12817.0,7266.0,2729.0
12817.0,7266.0,2729.0
12817.0,7266.0,2729.0
12817.0,7266.0,2729.0
12817.0,7266.0,2729.0
12817.0,7266.0,2729.0
12817.0,7266.0,2729.0
12817.0,7266.0,2729.0
12817.0,7266.0,2729.0
12817.0,7266.0,2729.0
12817.0,7266.0,2729.0
12817.0,7266.0,2729.0
12817.0,7266.0,2729.0
12817.0,7266.0,2729.0
12817.0,7266.0,2729.0
12817.0,7266.0,2729.0
12817.0,7266.0,2729.0
12817.0,7266.0,2729.0
12817.0,7266.0,2729.0
12817.0,7266.0,2729.0
12817.0,7266.0,2729.0
12817.0,7266.0,2729.0
12817.0,7266.0,2729.0
12817.0,7266.0,2729.0
12817.0,7266.0,2729.0
12817.0,7266.0,2729.0
12817.0,7266.0,2729.0
12817.0,7266.0,2729.0
12817.0,7266.0,2729.0
12817.0,7266.0,2729.0
12817.0,7266.0,2729.0
12817.0,7266.0,2729.0
12817.0,7266.0,2729.0
12817.0,7266.0,2729.0
12817.0,7266.0,2729.0
12817.0,7266.0,2729.0
12817.0,7266.0,2729.0
12817.0,7266.0,2729.0
12817.0,7266.0,2729.0
12817.0,7266.0,2729.0
12817.0,7266.0,2729.0
12817.0,7266.0,2729.0
12817.0,7266.0,2729.0
12817.0,7266.0,2729.0
12817.0,7266.0,2729.0
12817.0,7266.0,2729.0
12817.0,7266.0,2729.0
12817.0,7266.0,2729.0
12817.0,7266.0,2729.0
12817.0,7266.0,2729.0
12817.0,7266.0,2729.0
12817.0,7266.0,2729.0
12817.0,7266.0,2729.0
12817.0,7266.0,2729.0
12817.0,7266.0,2729.0
12817.0,7266.0,2729.0
12817.0,7266.0,2729.0
12817.0,7266.0,2729.0
12817.0,7266.0,2729.0
12817.0,7266.0,2729.0
12817.0,7266.0,2729.0
12817.0,7266.0,2729.0
12817.0,7266.0,2729.0
12817.0,7266.0,2729.0
12817.0,7266.0,2729.0
12817.0,7266.0,2729.0
12817.0,7266.0,2729.0
12817.0,7266.0,2729.0
12817.0,7266.0,2729.0
12817.0,7266.0,2729.0
12817.0,7266.0,2729.0
12817.0,7266.0,2729.0
12817.0,7266.0,2729.0
12817.0,7266.0,2729.0
12817.0,7266.0,2729.0
12817.0,7266.0,2729.0
12817.0,7266.0,2729.0
12817.0,7266.0,2729.0
12817.0,7266.0,2729.0
12817.0,7266.0,2729.0
12817.0,7266.0,2729.0
12817.0,7266.0,2729.0
12817.0,7266.0,2729.0
12817.0,7266.0,2729.0
12817.0,7266.0,2729.0
12817.0,7266.0,2729.0
12817.0,7266.0,2729.0
12817.0,7266.0,2729.0
12817.0,7266.0,2729.0
12817.0,7266.0,2729.0
12817.0,7266.0,2729.0
12817.0,7266.0,2729.0
12817.0,7266.0,2729.0
12817.0,7266.0,2729.0
12817.0,7266.0,2729.0
12817.0,7266.0,2729.0
12817.0,7266.0,2729.0
12817.0,7266.0,2729.0
12817.0,7266.0,2729.0
12817.0,7266.0,2729.0
12817.0,7266.0,2729.0
12817.0,7266.0,2729.0
12817.0,7266.0,2729.0
12817.0,7266.0,2729.0
12817.0,7266.0,2729.0
12817.0,7266.0,2729.0
12817.0,7266.0,2729.0
12817.0,7266.0,2729.0
12817.0,7266.0,2729.0
12817.0,7266.0,2729.0
12817.0,7266.0,2729.0
12817.0,7266.0,2729.0
12817.0,7266.0,2729.0
12817.0,7266.0,2729.0
12817.0,7266.0,2729.0
12817.0,7266.0,2729.0
12817.0,7266.0,2729.0
12817.0,7266.0,2729.0
12817.0,7266.0,2729.0
12817.0,7266.0,2729.0
12817.0,7266.0,2729.0
12817.0,7266.0,2729.0
12817.0,7266.0,2729.0
12817.0,7266.0,2729.0
12817.0,7266.0,2729.0
12817.0,7266.0,2729.0
12817.0,7266.0,2729.0
12817.0,7266.0,2729.0
12817.0,7266.0,2729.0
12817.0,7266.0,2729.0
12817.0,7266.0,2729.0
12817.0,7266.0,2729.0
12817.0,7266.0,2729.0
12817.0,7266.0,2729.0
12817.0,7266.0,2729.0
12817.0,7266.0,2729.0
12817.0,7266.0,2729.0
12817.0,7266.0,2729.0
12817.0,7266.0,2729.0
12817.0,7266.0,2729.0
12817.0,7266.0,2729.0
12817.0,7266.0,2729.0
12817.0,7266.0,2729.0
12817.0,7266.0,2729.0
12817.0,7266.0,2729.0
12817.0,7266.0,2729.0
12817.0,7266.0,2729.0
12817.0,7266.0,2729.0
12817.0,7266.0,2729.0
12817.0,7266.0,2729.0
12817.0,7266.0,2729.0
12817.0,7266.0,2729.0
12817.0,7266.0,2729.0
12817.0,7266.0,2729.0
12817.0,7266.0,2729.0
12817.0,7266.0,2729.0
12817.0,7266.0,2729.0
12817.0,7266.0,2729.0
12817.0,7266.0,2729.0
12817.0,7266.0,2729.0
12817.0,7266.0,2729.0
12817.0,7266.0,2729.0
12817.0,7266.0,2729.0
12817.0,7266.0,2729.0
12817.0,7266.0,2729.0
12817.0,7266.0,2729.0
12817.0,7266.0,2729.0
12817.0,7266.0,2729.0
12817.0,7266.0,2729.0
12817.0,7266.0,2729.0
12817.0,7266.0,2729.0
12817.0,7266.0,2729.0
12817.0,7266.0,2729.0
12817.0,7266.0,2729.0
12817.0,7266.0,2729.0
12817.0,7266.0,2729.0
12817.0,7266.0,2729.0
12817.0,7266.0,2729.0
12817.0,7266.0,2729.0
12817.0,7266.0,2729.0
12817.0,7266.0,2729.0
12817.0,7266.0,2729.0
12817.0,7266.0,2729.0
12817.0,7266.0,2729.0
12817.0,7266.0,2729.0
12817.0,7266.0,2729.0
12817.0,7266.0,2729.0
12817.0,7266.0,2729.0
12817.0,7266.0,2729.0
12817.0,7266.0,2729.0
12817.0,7266.0,2729.0
12817.0,7266.0,2729.0
12817.0,7266.0,2729.0
12817.0,7266.0,2729.0
12817.0,7266.0,2729.0
12817.0,7266.0,2729.0
12817.0,7266.0,2729.0
12817.0,7266.0,2729.0
12817.0,7266.0,2729.0
12817.0,7266.0,2729.0
12817.0,7266.0,2729.0
12817.0,7266.0,2729.0
12817.0,7266.0,2729.0
12817.0,7266.0,2729.0
12817.0,7266.0,2729.0
12817.0,7266.0,2729.0
12817.0,7266.0,2729.0
12817.0,7266.0,2729.0
12817.0,7266.0,2729.0
12817.0,7266.0,2729.0
12817.0,7266.0,2729.0
12817.0,7266.0,2729.0
12817.0,7266.0,2729.0
12817.0,7266.0,2729.0
12817.0,7266.0,2729.0
12817.0,7266.0,2729.0
12817.0,7266.0,2729.0
12817.0,7266.0,2729.0
12817.0,7266.0,2729.0
12817.0,7266.0,2729.0
12817.0,7266.0,2729.0
12817.0,7266.0,2729.0
12817.0,7266.0,2729.0
12817.0,7266.0,2729.0
12817.0,7266.0,2729.0
12817.0,7266.0,2729.0
12817.0,7266.0,2729.0
12817.0,7266.0,2729.0
12817.0,7266.0,2729.0
12817.0,7266.0,2729.0
12817.0,7266.0,2729.0
12817.0,7266.0,2729.0
12817.0,7266.0,2729.0
12817.0,7266.0,2729.0
12817.0,7266.0,2729.0
12817.0,7266.0,2729.0
12817.0,7266.0,2729.0
12817.0,7266.0,2729.0
12817.0,7266.0,2729.0
12817.0,7266.0,2729.0
12817.0,7266.0,2729.0
12817.0,7266.0,2729.0
12817.0,7266.0,2729.0
12817.0,7266.0,2729.0
12817.0,7266.0,2729.0
12817.0,7266.0,2729.0
12817.0,7266.0,2729.0
12817.0,7266.0,2729.0
12817.0,7266.0,2729.0
12817.0,7266.0,2729.0
12817.0,7266.0,2729.0
12817.0,7266.0,2729.0
12817.0,7266.0,2729.0
12817.0,7266.0,2729.0
12817.0,7266.0,2729.0
12817.0,7266.0,2729.0
12817.0,7266.0,2729.0
12817.0,7266.0,2729.0
12817.0,7266.0,2729.0
12817.0,7266.0,2729.0
12817.0,7266.0,2729.0
12817.0,7266.0,2729.0
12817.0,7266.0,2729.0
12817.0,7266.0,2729.0
12817.0,7266.0,2729.0
12817.0,7266.0,2729.0
12817.0,7266.0,2729.0
12817.0,7266.0,2729.0
12817.0,7266.0,2729.0
12817.0,7266.0,2729.0
12817.0,7266.0,2729.0
12817.0,7266.0,2729.0
12817.0,7266.0,2729.0
12817.0,7266.0,2729.0
12817.0,7266.0,2729.0
12817.0,7266.0,2729.0
12817.0,7266.0,2729.0
12817.0,7266.0,2729.0
12817.0,7266.0,2729.0
12817.0,7266.0,2729.0
12817.0,7266.0,2729.0
12817.0,7266.0,2729.0
12817.0,7266.0,2729.0
12817.0,7266.0,2729.0
12817.0,7266.0,2729.0
12817.0,7266.0,2729.0
12817.0,7266.0,2729.0
12817.0,7266.0,2729.0
12817.0,7266.0,2729.0
12817.0,7266.0,2729.0
12817.0,7266.0,2729.0
12817.0,7266.0,2729.0
12817.0,7266.0,2729.0
12817.0,7266.0,2729.0
12817.0,7266.0,2729.0
12817.0,7266.0,2729.0
12817.0,7266.0,2729.0
12817.0,7266.0,2729.0
12817.0,7266.0,2729.0
12817.0,7266.0,2729.0
12817.0,7266.0,2729.0
12817.0,7266.0,2729.0
12817.0,7266.0,2729.0
12817.0,7266.0,2729.0
12817.0,7266.0,2729.0
12817.0,7266.0,2729.0
12817.0,7266.0,2729.0
12817.0,7266.0,2729.0
12817.0,7266.0,2729.0
12817.0,7266.0,2729.0
12817.0,7266.0,2729.0
12817.0,7266.0,2729.0
12817.0,7266.0,2729.0
12817.0,7266.0,2729.0
12817.0,7266.0,2729.0
12817.0,7266.0,2729.0
12817.0,7266.0,2729.0
12817.0,7266.0,2729.0
12817.0,7266.0,2729.0
12817.0,7266.0,2729.0
12817.0,7266.0,2729.0
12817.0,7266.0,2729.0
12817.0,7266.0,2729.0
12817.0,7266.0,2729.0
12817.0,7266.0,2729.0
12817.0,7266.0,2729.0
12817.0,7266.0,2729.0
12817.0,7266.0,2729.0
12817.0,7266.0,2729.0
12817.0,7266.0,2729.0
12817.0,7266.0,2729.0
12817.0,7266.0,2729.0
12817.0,7266.0,2729.0
12817.0,7266.0,2729.0
12817.0,7266.0,2729.0
12817.0,7266.0,2729.0
12817.0,7266.0,2729.0
12817.0,7266.0,2729.0
12817.0,7266.0,2729.0
12817.0,7266.0,2729.0
12817.0,7266.0,2729.0
12817.0,7266.0,2729.0
12817.0,7266.0,2729.0
12817.0,7266.0,2729.0
12817.0,7266.0,2729.0
12817.0,7266.0,2729.0
12817.0,7266.0,2729.0
12817.0,7266.0,2729.0
12817.0,7266.0,2729.0
12817.0,7266.0,2729.0
12817.0,7266.0,2729.0
12817.0,7266.0,2729.0
12817.0,7266.0,2729.0
12817.0,7266.0,2729.0
12817.0,7266.0,2729.0
12817.0,7266.0,2729.0
12817.0,7266.0,2729.0
12817.0,7266.0,2729.0
12817.0,7266.0,2729.0
12817.0,7266.0,2729.0
12817.0,7266.0,2729.0
12817.0,7266.0,2729.0
12817.0,7266.0,2729.0
12817.0,7266.0,2729.0
12817.0,7266.0,2729.0
12817.0,7266.0,2729.0
12817.0,7266.0,2729.0
12817.0,7266.0,2729.0
12817.0,7266.0,2729.0
12817.0,7266.0,2729.0
12817.0,7266.0,2729.0
12817.0,7266.0,2729.0
12817.0,7266.0,2729.0
12817.0,7266.0,2729.0
12817.0,7266.0,2729.0
12817.0,7266.0,2729.0
12817.0,7266.0,2729.0
12817.0,7266.0,2729.0
12817.0,7266.0,2729.0
12817.0,7266.0,2729.0
12817.0,7266.0,2729.0
12817.0,7266.0,2729.0
12817.0,7266.0,2729.0
12817.0,7266.0,2729.0
12817.0,7266.0,2729.0
12817.0,7266.0,2729.0
12817.0,7266.0,2729.0
12817.0,7266.0,2729.0
12817.0,7266.0,2729.0
12817.0,7266.0,2729.0
12817.0,7266.0,2729.0
12817.0,7266.0,2729.0
12817.0,7266.0,2729.0
12817.0,7266.0,2729.0
12817.0,7266.0,2729.0
12817.0,7266.0,2729.0
12817.0,7266.0,2729.0
12817.0,7266.0,2729.0
12817.0,7266.0,2729.0
12817.0,7266.0,2729.0
12817.0,7266.0,2729.0
12817.0,7266.0,2729.0
12817.0,7266.0,2729.0
12817.0,7266.0,2729.0
12817.0,7266.0,2729.0
12817.0,7266.0,2729.0
12817.0,7266.0,2729.0
12817.0,7266.0,2729.0
12817.0,7266.0,2729.0
12817.0,7266.0,2729.0
12817.0,7266.0,2729.0
12817.0,7266.0,2729.0
12817.0,7266.0,2729.0
12817.0,7266.0,2729.0
12817.0,7266.0,2729.0
12817.0,7266.0,2729.0
12817.0,7266.0,2729.0
12817.0,7266.0,2729.0
12817.0,7266.0,2729.0
12817.0,7266.0,2729.0
12817.0,7266.0,2729.0
12817.0,7266.0,2729.0
12817.0,7266.0,2729.0
12817.0,7266.0,2729.0
12817.0,7266.0,2729.0
12817.0,7266.0,2729.0
12817.0,7266.0,2729.0
12817.0,7266.0,2729.0
12817.0,7266.0,2729.0
12817.0,7266.0,2729.0
12817.0,7266.0,2729.0
12817.0,7266.0,2729.0
12817.0,7266.0,2729.0
12817.0,7266.0,2729.0
12817.0,7266.0,2729.0
12817.0,7266.0,2729.0
12817.0,7266.0,2729.0
12817.0,7266.0,2729.0
12817.0,7266.0,2729.0
12817.0,7266.0,2729.0
12817.0,7266.0,2729.0
12817.0,7266.0,2729.0
12817.0,7266.0,2729.0
12817.0,7266.0,2729.0
12817.0,7266.0,2729.0
12817.0,7266.0,2729.0
12817.0,7266.0,2729.0
12817.0,7266.0,2729.0
12817.0,7266.0,2729.0
12817.0,7266.0,2729.0
12817.0,7266.0,2729.0
12817.0,7266.0,2729.0
12817.0,7266.0,2729.0
12817.0,7266.0,2729.0
12817.0,7266.0,2729.0
12817.0,7266.0,2729.0
12817.0,7266.0,2729.0
12817.0,7266.0,2729.0
12817.0,7266.0,2729.0
12817.0,7266.0,2729.0
12817.0,7266.0,2729.0
12817.0,7266.0,2729.0
12817.0,7266.0,2729.0
12817.0,7266.0,2729.0
12817.0,7266.0,2729.0
12817.0,7266.0,2729.0
12817.0,7266.0,2729.0
12817.0,7266.0,2729.0
12817.0,7266.0,2729.0
12817.0,7266.0,2729.0
12817.0,7266.0,2729.0
12817.0,7266.0,2729.0
12817.0,7266.0,2729.0
12817.0,7266.0,2729.0
12817.0,7266.0,2729.0
12817.0,7266.0,2729.0
12817.0,7266.0,2729.0
12817.0,7266.0,2729.0
12817.0,7266.0,2729.0
12817.0,7266.0,2729.0
12817.0,7266.0,2729.0
12817.0,7266.0,2729.0
12817.0,7266.0,2729.0
12817.0,7266.0,2729.0
12817.0,7266.0,2729.0
12817.0,7266.0,2729.0
12817.0,7266.0,2729.0
12817.0,7266.0,2729.0
12817.0,7266.0,2729.0
12817.0,7266.0,2729.0
12817.0,7266.0,2729.0
12817.0,7266.0,2729.0
12817.0,7266.0,2729.0
12817.0,7266.0,2729.0
12817.0,7266.0,2729.0
12817.0,7266.0,2729.0
12817.0,7266.0,2729.0
12817.0,7266.0,2729.0
12817.0,7266.0,2729.0
12817.0,7266.0,2729.0
12817.0,7266.0,2729.0
12817.0,7266.0,2729.0
12817.0,7266.0,2729.0
12817.0,7266.0,2729.0
12817.0,7266.0,2729.0
12817.0,7266.0,2729.0
12817.0,7266.0,2729.0
12817.0,7266.0,2729.0
12817.0,7266.0,2729.0
12817.0,7266.0,2729.0
12817.0,7266.0,2729.0
12817.0,7266.0,2729.0
12817.0,7266.0,2729.0
12817.0,7266.0,2729.0
12817.0,7266.0,2729.0
12817.0,7266.0,2729.0
12817.0,7266.0,2729.0
12817.0,7266.0,2729.0
12817.0,7266.0,2729.0
12817.0,7266.0,2729.0
12817.0,7266.0,2729.0
12817.0,7266.0,2729.0
12817.0,7266.0,2729.0
12817.0,7266.0,2729.0
12817.0,7266.0,2729.0
12817.0,7266.0,2729.0
12817.0,7266.0,2729.0
12817.0,7266.0,2729.0
12817.0,7266.0,2729.0
12817.0,7266.0,2729.0
12817.0,7266.0,2729.0
12817.0,7266.0,2729.0
12817.0,7266.0,2729.0
12817.0,7266.0,2729.0
12817.0,7266.0,2729.0
12817.0,7266.0,2729.0
12817.0,7266.0,2729.0
12817.0,7266.0,2729.0
12817.0,7266.0,2729.0
12817.0,7266.0,2729.0
12817.0,7266.0,2729.0
12817.0,7266.0,2729.0
12817.0,7266.0,2729.0
